mean_cos_sim_real_to_source,mean_cos_sim_fake_to_source,std_cos_sim_real_to_source,std_cos_sim_fake_to_source,intra_real_cohesion,intra_fake_cohesion,inter_group_separation,silhouette_score,centroid_cosine_distance,real_spread,fake_spread,cohens_d,video_id,timestamp_idx,timestamp_seconds
0.960124671459198,0.9731969833374023,0.02552019990980625,0.01016567088663578,0.9687070250511169,0.9748972654342651,0.956096351146698,0.3244948983192444,0.02108865976333618,28.040401458740234,24.014434814453125,92.02081576135723,gZga0AmCGdE/00026,12,1.7999999999999998
0.9432621002197266,0.966296911239624,0.02793104015290737,0.018917134031653404,0.9624795317649841,0.9698671698570251,0.9476903080940247,0.3283643126487732,0.02455461025238037,30.013113021850586,26.18879508972168,91.77246677096105,gZga0AmCGdE/00026,13,1.95
0.9785330891609192,0.9763782024383545,0.013488385826349258,0.006102127023041248,0.9747714400291443,0.9796946048736572,0.9743607044219971,0.17789991199970245,0.006705284118652344,24.549758911132812,22.44165802001953,58.77410259923371,gZga0AmCGdE/00026,14,2.1
0.959434449672699,0.9783173203468323,0.03131597861647606,0.00939774326980114,0.9535701274871826,0.9784120321273804,0.95154869556427,0.2664717435836792,0.019962847232818604,36.93513870239258,26.046579360961914,87.34284334168677,gZga0AmCGdE/00026,15,2.25
0.966841995716095,0.9451155066490173,0.02300308458507061,0.02032456174492836,0.9624890685081482,0.9586032629013062,0.9447934627532959,0.1984899491071701,0.023229777812957764,33.7848014831543,36.294395446777344,80.31936732911485,gZga0AmCGdE/00026,16,2.4
0.962005615234375,0.9319348335266113,0.017005780711770058,0.05356515944004059,0.9578869938850403,0.9090501666069031,0.9351245164871216,0.008787424303591251,0.004277944564819336,35.25727081298828,53.102996826171875,25.019498454840893,gdg4mUSwuhI/00002,12,1.7999999999999998
0.9490434527397156,0.9042094945907593,0.021584708243608475,0.028484461829066277,0.9551607966423035,0.9020596742630005,0.9191498756408691,0.09740917384624481,0.01713162660598755,38.001155853271484,55.222923278808594,48.1129788594346,gdg4mUSwuhI/00002,13,1.95
0.9406319856643677,0.8609809875488281,0.053398892283439636,0.07815045863389969,0.9262388348579407,0.8757808208465576,0.8523780703544617,0.2243722379207611,0.061597585678100586,48.97213363647461,60.76960754394531,76.13757338160022,gdg4mUSwuhI/00002,14,2.1
0.8350699543952942,0.8023629188537598,0.10836175084114075,0.09122976660728455,0.807582437992096,0.8734652996063232,0.8321411609649658,0.06756152957677841,0.02719724178314209,61.655845642089844,54.769996643066406,42.446952109722275,gdg4mUSwuhI/00004,4,0.6
0.8135985136032104,0.8012269735336304,0.1551293432712555,0.1306867152452469,0.7734959125518799,0.8330196142196655,0.8066785335540771,0.016754133626818657,0.018100857734680176,70.00236511230469,58.45164489746094,24.852792262695825,gdg4mUSwuhI/00004,5,0.75
0.9170330762863159,0.9515470266342163,0.11245966702699661,0.04742658883333206,0.8798332214355469,0.9394173622131348,0.9099032878875732,0.025952178984880447,0.010739803314208984,44.186458587646484,29.250152587890625,29.66700220603049,gdg4mUSwuhI/00004,6,0.8999999999999999
0.9829095005989075,0.9817851781845093,0.007674827240407467,0.002049058675765991,0.9838063716888428,0.9737461805343628,0.9790961742401123,0.20887169241905212,0.007612466812133789,21.453636169433594,21.128562927246094,72.90424911004408,ggPh4X7UKwY/00011,2,0.3
0.9651312828063965,0.9284332394599915,0.018500827252864838,0.003481626510620117,0.9720114469528198,0.9527378082275391,0.9405878186225891,0.3670370876789093,0.036418139934539795,28.093984603881836,26.94792938232422,116.25720899846353,ggPh4X7UKwY/00011,3,0.44999999999999996
0.9546765685081482,0.9452062845230103,0.048199400305747986,0.004348874092102051,0.9435173869132996,0.9750851392745972,0.9356389045715332,0.25348663330078125,0.03543967008590698,38.72250747680664,20.545602798461914,102.6746044248742,ggPh4X7UKwY/00011,4,0.6
0.9400632977485657,0.9421889185905457,0.08397956192493439,0.01081627607345581,0.9018548727035522,0.9722433686256409,0.8987908959388733,0.21412858366966248,0.056179165840148926,53.56173324584961,23.10107421875,98.90131901899528,ggPh4X7UKwY/00011,5,0.75
0.9832088947296143,0.9846925735473633,0.00754861906170845,0.004380345344543457,0.9879273772239685,0.9812707901000977,0.9792101979255676,0.27873265743255615,0.011152446269989014,18.96395492553711,18.75023651123047,105.61879212004388,ggPh4X7UKwY/00012,3,0.44999999999999996
0.983106791973114,0.9615048766136169,0.013292773626744747,0.00811535120010376,0.9754984378814697,0.9578695297241211,0.9542455077171326,0.2810709774494171,0.025208353996276855,25.949947357177734,26.609405517578125,101.3756080221201,ggPh4X7UKwY/00012,4,0.6
0.9626178741455078,0.9449999332427979,0.030321095138788223,0.003918677568435669,0.953386127948761,0.9669644236564636,0.923332691192627,0.3210024833679199,0.050059735774993896,37.037010192871094,24.286148071289062,125.73466398011722,ggPh4X7UKwY/00012,5,0.75
0.9639692306518555,0.9714343547821045,0.04663538187742233,0.012462854385375977,0.9435195922851562,0.9798716902732849,0.9589335322380066,-0.008692693896591663,0.012688159942626953,38.55242156982422,18.115604400634766,62.85304431227739,ggPh4X7UKwY/00013,21,3.15
0.9707462191581726,0.9436901211738586,0.020734045654535294,0.006978929042816162,0.9591057896614075,0.9616426229476929,0.9367436766624451,0.21991118788719177,0.037384748458862305,34.038475036621094,25.185701370239258,108.33909330370213,ggPh4X7UKwY/00013,22,3.3
0.9853350520133972,0.9162158370018005,0.008469756692647934,0.002499520778656006,0.9801540374755859,0.9706063866615295,0.9284643530845642,0.4398300051689148,0.05694103240966797,23.368471145629883,20.768056869506836,178.77480261882434,ggPh4X7UKwY/00013,25,3.75
0.9865468144416809,0.9374097585678101,0.006764144171029329,0.006547719240188599,0.9806739091873169,0.9358851909637451,0.9251208305358887,0.3833963871002197,0.051952064037323,22.100461959838867,31.76900291442871,139.20381207408911,ggPh4X7UKwY/00013,26,3.9
0.9791391491889954,0.9686267375946045,0.01375571545213461,0.014243096113204956,0.971106231212616,0.9517183899879456,0.9545325636863708,0.16961419582366943,0.021979033946990967,27.27861976623535,28.19078254699707,91.39087840196443,ggPh4X7UKwY/00013,27,4.05
0.9648439288139343,0.9855169057846069,0.025779930874705315,0.0044352710247039795,0.9454461932182312,0.9807041883468628,0.9590936303138733,-0.06326630711555481,0.01341181993484497,40.53036117553711,18.67989730834961,64.70542486733288,ggPh4X7UKwY/00014,12,1.7999999999999998
0.938849925994873,0.9399017095565796,0.038628965616226196,0.03394398093223572,0.9239683747291565,0.9433757066726685,0.931512176990509,-0.04359191656112671,0.02375936508178711,48.514854431152344,31.85977554321289,66.8199095481007,ggPh4X7UKwY/00014,13,1.95
0.9696921706199646,0.9440620541572571,0.019873276352882385,0.0074822306632995605,0.9596557021141052,0.9560605883598328,0.9428688883781433,0.15880067646503448,0.03003525733947754,33.973731994628906,27.99146270751953,96.23551856331288,ggPh4X7UKwY/00014,14,2.1
0.9693431258201599,0.948338508605957,0.017116975039243698,0.002735823392868042,0.9619197845458984,0.966394305229187,0.9350371360778809,0.27261608839035034,0.04183012247085571,33.57640075683594,25.405752182006836,122.69956937845674,ggPh4X7UKwY/00014,15,2.25
0.9904834628105164,0.9913766384124756,0.006643062457442284,0.004479020833969116,0.9875404238700867,0.9901736378669739,0.9874623417854309,0.08495806157588959,0.0051577091217041016,13.833155632019043,8.360255241394043,87.5242236575956,ggPh4X7UKwY/00017,17,2.55
0.9778809547424316,0.9722548127174377,0.00990348681807518,0.0016148686408996582,0.9862469434738159,0.9883570075035095,0.9859657287597656,0.10466025769710541,0.0053795576095581055,14.464887619018555,10.886482238769531,106.63731021098651,ggPh4X7UKwY/00017,18,2.6999999999999997
0.9901750683784485,0.9829635620117188,0.005086981225758791,0.0035631954669952393,0.9903968572616577,0.9795864820480347,0.9863452911376953,0.13604921102523804,0.004633903503417969,11.57382869720459,13.744866371154785,83.11544176210535,ggPh4X7UKwY/00017,19,2.85
0.9923387169837952,0.988396167755127,0.0036350488662719727,0.0031187832355499268,0.9897725582122803,0.9899118542671204,0.9862335324287415,0.16545361280441284,0.006962239742279053,12.736823081970215,10.313159942626953,111.32264976456872,ggPh4X7UKwY/00017,20,3.0
0.9686079025268555,0.9835883975028992,0.04594238102436066,0.0022226085420697927,0.9545682668685913,0.9844613075256348,0.9605224132537842,0.13576221466064453,0.014753878116607666,23.07142448425293,14.021918296813965,84.95257990008888,ggPh4X7UKwY/00017,29,4.35
0.9726427793502808,0.9518149495124817,0.02424628473818302,0.002878986531868577,0.9645880460739136,0.9882946014404297,0.9194080233573914,0.4559009075164795,0.06303560733795166,23.1760196685791,11.676554679870605,180.9754860726962,ggPh4X7UKwY/00017,30,4.5
0.9854626655578613,0.9575921297073364,0.008621593937277794,0.0027502775192260742,0.9835821986198425,0.9222489595413208,0.9552040696144104,0.34736692905426025,0.019029617309570312,19.887117385864258,32.441444396972656,89.28480547805844,ggPh4X7UKwY/00019,3,0.44999999999999996
0.9859640598297119,0.9632799625396729,0.006516836117953062,0.0003528296947479248,0.9892280101776123,0.9624217748641968,0.957885205745697,0.4641961455345154,0.02857673168182373,17.027671813964844,25.208202362060547,142.04368231974212,ggPh4X7UKwY/00019,4,0.6
0.9772917628288269,0.9814743995666504,0.013250796124339104,0.0,0.9718065857887268,,0.9779382348060608,0.07814992964267731,0.009960055351257324,27.91533851623535,0.0,88.74935030984685,ggPh4X7UKwY/00019,5,0.75
0.9889988899230957,0.9607071876525879,0.005744687747210264,0.006131196394562721,0.9925662875175476,0.9632013440132141,0.9602882862091064,0.42909300327301025,0.024693787097930908,14.22073745727539,28.544769287109375,121.39614605048165,ggPh4X7UKwY/00019,6,0.8999999999999999
0.9758527874946594,0.9480554461479187,0.013920001685619354,0.005473505239933729,0.9742491841316223,0.9820601344108582,0.9422568082809448,0.4101456105709076,0.042151451110839844,26.74146270751953,20.716867446899414,149.38694374941377,ggPh4X7UKwY/00019,7,1.05
0.9556282162666321,0.9167863130569458,0.03427447751164436,0.01225590705871582,0.9257527589797974,0.982093870639801,0.9096375107765198,0.21396289765834808,0.05677241086959839,46.202980041503906,17.1964168548584,113.47972138648525,ggPh4X7UKwY/00019,8,1.2
0.9456722736358643,0.902739942073822,0.04258846491575241,0.003531515598297119,0.9089142084121704,0.984703779220581,0.900891125202179,0.18448835611343384,0.0592653751373291,52.10301971435547,15.891339302062988,104.9832480084721,ggPh4X7UKwY/00019,9,1.3499999999999999
0.9387617707252502,0.8761789798736572,0.05130104720592499,0.013331949710845947,0.8923740386962891,0.978818416595459,0.877219021320343,0.19377577304840088,0.07424432039260864,56.947269439697266,20.15022087097168,109.282742501683,ggPh4X7UKwY/00019,10,1.5
0.9535492062568665,0.9469455480575562,0.03687354177236557,0.001049041748046875,0.923035204410553,0.9877747893333435,0.9339056015014648,0.07516703754663467,0.031574904918670654,47.202735900878906,14.90894603729248,89.35611049246182,ggPh4X7UKwY/00019,11,1.65
0.9051427841186523,0.9822901487350464,0.14591367542743683,0.002045363187789917,0.8447532057762146,0.9884287118911743,0.9112698435783386,-0.13730019330978394,0.0187833309173584,58.038978576660156,12.757563591003418,53.6779451205077,ggPh4X7UKwY/00022,38,5.7
0.9023794531822205,0.9696232080459595,0.12230831384658813,0.006645143032073975,0.829168438911438,0.9402402639389038,0.8864176869392395,-0.15229806303977966,0.02717512845993042,64.26143646240234,29.954416275024414,51.545834453126,ggPh4X7UKwY/00022,39,5.85
0.9005454182624817,0.9470982551574707,0.1359882801771164,0.0050743818283081055,0.8357560038566589,0.9717013835906982,0.8937516808509827,-0.030887648463249207,0.030727267265319824,62.079612731933594,20.905363082885742,62.523229239934615,ggPh4X7UKwY/00022,40,6.0
0.8853674530982971,0.8830215930938721,0.14656026661396027,0.022139668464660645,0.8352348804473877,0.9479801654815674,0.8434224128723145,0.10029100626707077,0.07973670959472656,64.45230865478516,26.856157302856445,85.86213949301475,ggPh4X7UKwY/00022,41,6.1499999999999995
0.9692104458808899,0.9553641080856323,0.028021637350320816,0.005383700132369995,0.9530258178710938,0.9931310415267944,0.9490624070167542,0.23797571659088135,0.029928624629974365,38.796321868896484,11.944250106811523,118.77026081459158,ggPh4X7UKwY/00022,70,10.5
0.9724481701850891,0.8901045322418213,0.030294150114059448,0.0045392513275146484,0.9558003544807434,0.9807548522949219,0.8905649185180664,0.4917609691619873,0.08833873271942139,34.25712585449219,19.36518669128418,188.50999553206768,ggPh4X7UKwY/00022,71,10.65
0.9686221480369568,0.934299886226654,0.03696686029434204,0.005197465419769287,0.9461334943771362,0.9676543474197388,0.9296253323554993,0.2486715167760849,0.04096364974975586,38.36436462402344,23.18244743347168,106.55350910952606,ggPh4X7UKwY/00022,72,10.799999999999999
0.9799656867980957,0.9040900468826294,0.010918187908828259,0.005384206771850586,0.9715072512626648,0.9497135281562805,0.91513991355896,0.39082950353622437,0.06156659126281738,28.92782211303711,29.663267135620117,144.59903734499738,ggPh4X7UKwY/00022,73,10.95
0.9810018539428711,0.9318240880966187,0.009896705858409405,0.011808037757873535,0.9822490215301514,0.9590178728103638,0.9425757527351379,0.39962396025657654,0.040512681007385254,21.813016891479492,26.61132049560547,144.75660703782913,ggPh4X7UKwY/00022,74,11.1
0.9501659274101257,0.9016638994216919,0.02347577176988125,0.10188750177621841,0.9672466516494751,0.8770626187324524,0.9162991046905518,0.14655530452728271,0.011963486671447754,28.99260711669922,51.523582458496094,47.76316323720141,gj3ZnKlHqxI/00018,1,0.15
0.9445484280586243,0.8763439655303955,0.03643927350640297,0.08273902535438538,0.9533277153968811,0.865565836429596,0.8960237503051758,0.15684936940670013,0.02145695686340332,35.322566986083984,55.982540130615234,53.1483430583234,gj3ZnKlHqxI/00018,2,0.3
0.9452665448188782,0.8170102834701538,0.03335900604724884,0.03384953737258911,0.932464599609375,0.922076940536499,0.8141323328018188,0.4436308741569519,0.12976467609405518,43.27149200439453,45.29354476928711,125.76589807573949,gj3ZnKlHqxI/00018,3,0.44999999999999996
0.976938009262085,0.9654263257980347,0.017173709347844124,0.02144942618906498,0.9752156138420105,0.9655514359474182,0.9721376299858093,-0.001933841034770012,0.0058825016021728516,24.677196502685547,30.071073532104492,51.26706801107532,gjCwsdCssdk/00001,3,0.44999999999999996
0.9391745328903198,0.9421068429946899,0.03674660623073578,0.0339042954146862,0.9497020840644836,0.9340009093284607,0.9476757049560547,-0.020130904391407967,0.009047150611877441,36.601505279541016,41.581878662109375,43.70105175356976,gjCwsdCssdk/00001,4,0.6
0.9283207654953003,0.9307393431663513,0.04279490187764168,0.03782754763960838,0.9360057711601257,0.9381513595581055,0.9386407732963562,0.024809272959828377,0.014544129371643066,41.54386520385742,39.54780578613281,52.91344139162033,gjCwsdCssdk/00001,5,0.75
0.9429283738136292,0.9552345871925354,0.034851301461458206,0.02825262024998665,0.9454734921455383,0.9366282820701599,0.9350336790084839,0.04304002225399017,0.021238386631011963,36.90411376953125,41.02801513671875,65.84850278380807,gjCwsdCssdk/00001,6,0.8999999999999999
0.960930347442627,0.9537880420684814,0.026717480272054672,0.01246494147926569,0.95540851354599,0.9337813854217529,0.9504045844078064,-0.032281722873449326,0.008370459079742432,34.83000183105469,44.0499382019043,43.42496128102124,gjCwsdCssdk/00001,7,1.05
0.9332389235496521,0.9326632618904114,0.0388290137052536,0.032997895032167435,0.9425678253173828,0.9212825298309326,0.9249567985534668,0.06778748333454132,0.02549135684967041,39.63002395629883,46.73456954956055,66.12604722313043,gjCwsdCssdk/00001,8,1.2
0.9377166628837585,0.9014665484428406,0.03674406558275223,0.027620799839496613,0.9400154948234558,0.9419702887535095,0.9317901134490967,0.08287609368562698,0.02515047788619995,40.3035888671875,40.10169982910156,69.92211992293048,gjCwsdCssdk/00001,9,1.3499999999999999
0.9472194910049438,0.8858716487884521,0.03267274051904678,0.022363116964697838,0.944431483745575,0.9552580714225769,0.9172261953353882,0.23176522552967072,0.04637843370437622,37.2663688659668,36.26902770996094,106.01275895486931,gjCwsdCssdk/00001,10,1.5
0.9695550203323364,0.8294126987457275,0.02113954909145832,0.029946541413664818,0.9644601941108704,0.9183347225189209,0.8376449942588806,0.41527897119522095,0.12431395053863525,31.01980972290039,48.802001953125,151.6721922005519,gjCwsdCssdk/00001,11,1.65
0.9623469114303589,0.8764659762382507,0.026289205998182297,0.014278759248554707,0.9598079323768616,0.9218693375587463,0.8915762901306152,0.2837766110897064,0.06710970401763916,32.3819580078125,47.4035758972168,112.85733542202641,gjCwsdCssdk/00001,12,1.7999999999999998
0.9651107788085938,0.8267849683761597,0.02454933524131775,0.03074279986321926,0.9590904712677002,0.9580809473991394,0.8275067806243896,0.5143964290618896,0.14593505859375,32.103824615478516,32.66926956176758,199.45399307172465,gjCwsdCssdk/00001,25,3.75
0.9798048734664917,0.8379887342453003,0.012349768541753292,0.020949577912688255,0.9713168144226074,0.9365761280059814,0.8421376347541809,0.4848831295967102,0.1275612711906433,28.45084571838379,38.40415573120117,181.27320716993452,gjCwsdCssdk/00001,26,3.9
0.974437952041626,0.9658420085906982,0.01568945124745369,0.015573852695524693,0.9675417542457581,0.9641293883323669,0.9701756238937378,-0.07676377892494202,0.004316091537475586,29.046728134155273,30.341968536376953,39.35767649142234,gjCwsdCssdk/00002,5,0.75
0.9605802893638611,0.9203994274139404,0.033171046525239944,0.03636624291539192,0.951107919216156,0.9472436904907227,0.9402114152908325,0.0706329494714737,0.02237612009048462,35.49177551269531,36.63934326171875,73.7438029642253,gjCwsdCssdk/00002,6,0.8999999999999999
0.9648026823997498,0.9305943250656128,0.026364387944340706,0.009790225885808468,0.949056088924408,0.971510112285614,0.914812445640564,0.32871440052986145,0.05708575248718262,36.56949234008789,26.87340545654297,128.36742147811628,gjCwsdCssdk/00002,7,1.05
0.9593144059181213,0.9421792030334473,0.029498588293790817,0.011892096139490604,0.9444440007209778,0.9644381403923035,0.9343380331993103,0.17848026752471924,0.032826900482177734,40.685813903808594,33.119667053222656,91.93879284969408,gjCwsdCssdk/00002,12,1.7999999999999998
0.9421245455741882,0.9196557402610779,0.03444654494524002,0.004609877709299326,0.9137391448020935,0.9640877842903137,0.899916410446167,0.23881542682647705,0.05705767869949341,52.621551513671875,33.30320358276367,104.04112489026762,gjCwsdCssdk/00002,13,1.95
0.957923948764801,0.9193514585494995,0.03464677557349205,0.004024283029139042,0.9403833746910095,0.9630255699157715,0.9324485659599304,0.15646548569202423,0.03242194652557373,43.28588104248047,33.73459243774414,87.40053392779686,gjCwsdCssdk/00002,14,2.1
0.9587953686714172,0.9268725514411926,0.02893213927745819,0.012689739465713501,0.9409401416778564,0.9558908939361572,0.9067639112472534,0.25844988226890564,0.056362688541412354,41.92197799682617,37.08470153808594,111.50885162910394,gjCwsdCssdk/00002,15,2.25
0.9661681652069092,0.9265856742858887,0.029028648510575294,0.00908788200467825,0.9547075629234314,0.9789571762084961,0.9230077862739563,0.37318769097328186,0.05328977108001709,38.49113845825195,24.850051879882812,137.7622232210301,gjCwsdCssdk/00002,16,2.4
0.9935818910598755,0.9832642674446106,0.0064182281494140625,0.006041393149644136,0.9871634244918823,0.9824202656745911,0.9839864373207092,-0.008884122595191002,0.0069051384925842285,15.309720993041992,20.703176498413086,85.77740213730692,gjCwsdCssdk/00003,0,0.0
0.9672300219535828,0.9515970349311829,0.03277021646499634,0.014610234647989273,0.9344596862792969,0.9650027751922607,0.9527049660682678,0.02832716703414917,0.019820332527160645,34.68690490722656,29.89410400390625,86.06665529456453,gjCwsdCssdk/00003,1,0.15
0.9916699528694153,0.9396210312843323,0.00833052396774292,0.008281847462058067,0.9833394289016724,0.9787488579750061,0.9491040110588074,0.3810701072216034,0.04005110263824463,17.847822189331055,23.08843231201172,184.37531344405633,gjCwsdCssdk/00003,2,0.3
0.9779170155525208,0.9594221711158752,0.02208346128463745,0.0047481548972427845,0.9558334350585938,0.9620351195335388,0.9591494202613831,-0.004266062285751104,0.017681539058685303,29.532108306884766,31.73369598388672,84.3846930896687,gjCwsdCssdk/00003,3,0.44999999999999996
0.9898877739906311,0.942659854888916,0.010112226009368896,0.002034655539318919,0.979775607585907,0.9793319702148438,0.9510472416877747,0.34657713770866394,0.03750467300415039,20.21883201599121,23.776859283447266,174.54570307153787,gjCwsdCssdk/00003,4,0.6
0.9516094923019409,0.9163341522216797,0.048390746116638184,0.004654433112591505,0.9032188057899475,0.9687647223472595,0.931098222732544,0.13804225623607635,0.03577566146850586,38.332828521728516,26.21812629699707,103.93207255110427,gjCwsdCssdk/00003,8,1.2
0.9611743092536926,0.8978865742683411,0.03882569074630737,0.029399128630757332,0.9223484396934509,0.9643235206604004,0.9201996922492981,0.1891370564699173,0.049977779388427734,35.0419807434082,27.82905387878418,125.44260395187484,gjCwsdCssdk/00003,9,1.3499999999999999
0.9910595417022705,0.8637309074401855,0.008940815925598145,0.01647256873548031,0.9821186661720276,0.9613831043243408,0.8637937903404236,0.5424401164054871,0.1207079291343689,18.153247833251953,28.309978485107422,260.0671187149902,gjCwsdCssdk/00003,10,1.5
0.9921526312828064,0.9336662888526917,0.007847607135772705,0.008508039638400078,0.9843047261238098,0.9741697907447815,0.936811625957489,0.44266724586486816,0.05124247074127197,17.757278442382812,24.180673599243164,209.17771931252102,gjCwsdCssdk/00003,11,1.65
0.9865372180938721,0.942578911781311,0.013463020324707031,0.057877860963344574,0.9730743169784546,0.9009090065956116,0.9407589435577393,-0.1045738086104393,0.015551269054412842,21.671640396118164,52.919288635253906,57.089631774571586,gjCwsdCssdk/00005,26,3.9
0.9725755453109741,0.940960168838501,0.02742469310760498,0.03301722928881645,0.9451507329940796,0.9254326820373535,0.9490532875061035,-0.15731024742126465,0.009536027908325195,33.29697799682617,47.174156188964844,47.10724049039992,gjCwsdCssdk/00005,27,4.05
0.9961602687835693,0.9584249258041382,0.003839939832687378,0.03940980136394501,0.99232017993927,0.9383255839347839,0.959404706954956,-0.0026105891447514296,0.015096008777618408,11.619610786437988,40.431549072265625,75.47582761334854,gjCwsdCssdk/00005,28,4.2
0.9903801083564758,0.9175663590431213,0.009620130062103271,0.10317700356245041,0.9807596206665039,0.8513209223747253,0.9212765693664551,-0.14785641431808472,0.017062604427337646,17.44840431213379,59.8522834777832,52.64415385725961,gjCwsdCssdk/00006,3,0.44999999999999996
0.9529418349266052,0.9329824447631836,0.04705840349197388,0.06929919123649597,0.905883252620697,0.8777012825012207,0.9025267958641052,-0.13097260892391205,0.030510425567626953,40.23366165161133,57.4217414855957,62.79717546254822,gjCwsdCssdk/00006,4,0.6
0.9742595553398132,0.9217987060546875,0.02574092149734497,0.09314973652362823,0.9485188126564026,0.8650312423706055,0.9156110286712646,-0.1520465761423111,0.021107912063598633,30.18878746032715,59.9719352722168,56.189551363112585,gjCwsdCssdk/00006,5,0.75
0.9764638543128967,0.9711160063743591,0.014394822530448437,0.016215352341532707,0.9666134715080261,0.9554910659790039,0.9692189693450928,-0.11685305088758469,0.0035289525985717773,30.64657211303711,33.16120147705078,34.19142641982771,gjCwsdCssdk/00007,6,0.8999999999999999
0.9757376313209534,0.9681987762451172,0.015041577629745007,0.009887556545436382,0.9597837924957275,0.9669806361198425,0.9651451110839844,-0.03608119115233421,0.009072303771972656,33.439884185791016,29.255891799926758,57.229078556009945,gjCwsdCssdk/00007,7,1.05
0.9774108529090881,0.9698171615600586,0.015282653272151947,0.011248266324400902,0.9703072905540466,0.9739591479301453,0.9683656096458435,0.05155588313937187,0.011976122856140137,28.33342170715332,24.69908905029297,75.4214983978465,gjCwsdCssdk/00007,8,1.2
0.9554322361946106,0.9436281323432922,0.03620121255517006,0.019081085920333862,0.9453334212303162,0.9719340205192566,0.9394322037696838,0.16875912249088287,0.03150069713592529,37.96175003051758,25.460433959960938,99.89283604616296,gjCwsdCssdk/00007,9,1.3499999999999999
0.979607880115509,0.9489626884460449,0.017931589856743813,0.006820974871516228,0.9661338329315186,0.969846248626709,0.9479823112487793,0.22243662178516388,0.029891252517700195,30.72682762145996,26.36258888244629,108.3483678025399,gjCwsdCssdk/00007,34,5.1
0.9570912718772888,0.9461353421211243,0.030701639130711555,0.01274924073368311,0.9389883875846863,0.9499819874763489,0.9358465671539307,0.06403757631778717,0.025899052619934082,40.37798309326172,34.90095138549805,77.39158104477794,gjCwsdCssdk/00007,35,5.25
1.0000001192092896,0.9852712750434875,0.0,0.0017637889832258224,,0.9959662556648254,0.9852712750434875,0.41765084862709045,0.013393521308898926,0.0,10.405960083007812,360.98355914369716,gjCwsdCssdk/00008,1,0.15
1.000000238418579,0.9457364082336426,0.0,0.004233327694237232,,0.9850614070892334,0.9457364082336426,0.3508155941963196,0.049531400203704834,0.0,20.966760635375977,328.8705623524548,gjCwsdCssdk/00008,2,0.3
1.0000003576278687,0.8869886994361877,0.0,0.00414687767624855,,0.9912219047546387,0.8869886994361877,0.5337116718292236,0.11044394969940186,0.0,16.284513473510742,609.8099607586803,gjCwsdCssdk/00008,3,0.44999999999999996
0.9645683765411377,0.9258072972297668,0.035431504249572754,0.0025025010108947754,0.9291367530822754,0.9778750538825989,0.9544751644134521,0.00664924830198288,0.022286057472229004,36.375667572021484,21.18218421936035,103.52598122487058,gjCwsdCssdk/00008,4,0.6
0.9597982168197632,0.9070709943771362,0.04020214080810547,0.013033063150942326,0.9195959568023682,0.9488435983657837,0.9302811622619629,0.021514955908060074,0.03707402944564819,39.8062629699707,33.014671325683594,109.71007880411402,gjCwsdCssdk/00008,5,0.75
0.94384765625,0.8657842874526978,0.056152552366256714,0.007344037294387817,0.8876949548721313,0.9800814986228943,0.9208952188491821,0.10316906869411469,0.04446601867675781,47.150115966796875,20.364057540893555,120.89833811560216,gjCwsdCssdk/00008,6,0.8999999999999999
0.8723407983779907,0.9568806290626526,0.1669265776872635,0.02768462896347046,0.8110173940658569,0.9455543756484985,0.8912582397460938,-0.19734685122966766,0.016017913818359375,69.94584655761719,31.39917755126953,45.755189370949324,gjCwsdCssdk/00012,11,1.65
0.8846292495727539,0.9599725008010864,0.16205359995365143,0.021571993827819824,0.8175784945487976,0.9474228620529175,0.8842395544052124,-0.12958845496177673,0.02793830633163452,66.5191879272461,29.29811668395996,54.09000476196272,gjCwsdCssdk/00012,12,1.7999999999999998
0.9240097999572754,0.9337130784988403,0.04959333315491676,0.028329163789749146,0.9277540445327759,0.9585396647453308,0.9309309124946594,0.05689803138375282,0.03078550100326538,44.019622802734375,27.08847999572754,85.10377107128066,gjCwsdCssdk/00012,13,1.95
0.9577577710151672,0.9481280446052551,0.02508942410349846,0.02051156759262085,0.9575411677360535,0.966943621635437,0.940880298614502,0.17564032971858978,0.03445446491241455,35.99293899536133,24.361228942871094,112.2707822648572,gjCwsdCssdk/00012,14,2.1
0.9689428210258484,0.9494633078575134,0.018260477110743523,0.005468785762786865,0.9672992825508118,0.9782760143280029,0.9392145872116089,0.3003542721271515,0.04290509223937988,31.14874267578125,19.534961700439453,142.78339959795028,gjCwsdCssdk/00012,15,2.25
0.9874703288078308,0.9601604342460632,0.01252967119216919,0.011728276498615742,0.9749405980110168,0.9586085081100464,0.9588016271591187,0.06160454824566841,0.018954038619995117,21.432903289794922,35.702186584472656,85.06252254846522,gjCwsdCssdk/00012,23,3.4499999999999997
0.9842977523803711,0.9485446810722351,0.01570221781730652,0.007683875504881144,0.9685954451560974,0.9719585180282593,0.9510021209716797,0.22536048293113708,0.030520737171173096,24.3759708404541,29.398391723632812,116.37680190083196,gjCwsdCssdk/00012,24,3.5999999999999996
0.955045223236084,0.9197834134101868,0.035927433520555496,0.011703125201165676,0.9438359141349792,0.9712795615196228,0.9433416724205017,0.13169096410274506,0.026359081268310547,38.7320671081543,26.794157028198242,88.80340845269124,gjCwsdCssdk/00012,25,3.75
0.9708750247955322,0.9627372622489929,0.02066854014992714,0.024480435997247696,0.9715937972068787,0.9601643085479736,0.9693314433097839,-0.025340095162391663,0.0038344264030456543,21.355167388916016,24.308969497680664,37.04228333148879,gjCwsdCssdk/00013,2,0.3
0.9715003967285156,0.9627615213394165,0.017616432160139084,0.01796039193868637,0.9729878902435303,0.9481886029243469,0.95928555727005,0.040932632982730865,0.009644806385040283,27.206254959106445,35.09097671508789,54.76810426125496,gjCwsdCssdk/00013,3,0.44999999999999996
0.9131810665130615,0.9460175037384033,0.0912056490778923,0.028092803433537483,0.8919184803962708,0.951869010925293,0.9318673610687256,-0.0750705674290657,0.0046149492263793945,53.073760986328125,35.9864616394043,29.75315362514251,gjCwsdCssdk/00013,16,2.4
0.9122963547706604,0.93070387840271,0.11442550271749496,0.02688606269657612,0.8756987452507019,0.9428596496582031,0.9115716814994812,-0.008016222156584263,0.015817463397979736,53.867820739746094,35.012794494628906,43.810792375526454,gjCwsdCssdk/00013,17,2.55
0.940998375415802,0.8212025165557861,0.07640643417835236,0.031994741410017014,0.9125832915306091,0.9557690620422363,0.8505969047546387,0.38864684104919434,0.10299396514892578,48.48900604248047,31.891014099121094,126.27520419063565,gjCwsdCssdk/00013,18,2.6999999999999997
0.9655709266662598,0.7500302791595459,0.01723482646048069,0.01205289363861084,0.9723959565162659,0.9641165733337402,0.7780609726905823,0.642216682434082,0.20203274488449097,30.048381805419922,29.681198120117188,260.4503662588581,gjCwsdCssdk/00013,19,2.85
0.9834782481193542,0.9216485619544983,0.012002525851130486,0.03923279792070389,0.9779214859008789,0.9420977830886841,0.9287030100822449,0.19307026267051697,0.038960933685302734,24.424449920654297,42.70547866821289,111.76986037423288,gjCwsdCssdk/00013,20,3.0
0.9516776204109192,0.9341567158699036,0.035635557025671005,0.011836577206850052,0.9416465759277344,0.965404212474823,0.9191911816596985,0.2533108592033386,0.045478761196136475,44.1806755065918,29.548847198486328,105.67663966861868,gjCwsdCssdk/00013,21,3.15
0.9867871403694153,0.9302753806114197,0.009701000526547432,0.013226015493273735,0.9826853275299072,0.9682100415229797,0.9380914568901062,0.3589748740196228,0.04325985908508301,21.981403350830078,32.74288558959961,142.93645930108818,gjCwsdCssdk/00013,22,3.3
0.9704805016517639,0.8967331647872925,0.0167511198669672,0.01698673702776432,0.960773229598999,0.9625816345214844,0.9069798588752747,0.3761652708053589,0.06431889533996582,35.87738800048828,32.45173263549805,136.47230499622313,gjCwsdCssdk/00013,23,3.4499999999999997
0.9456372261047363,0.9415342807769775,0.049789778888225555,0.004228339996188879,0.9354268908500671,0.9741125106811523,0.9193768501281738,0.2689463496208191,0.045148491859436035,45.58061981201172,28.682405471801758,107.32883590782458,gjCwsdCssdk/00013,24,3.5999999999999996
0.968186616897583,0.9461303353309631,0.020677298307418823,0.004161396063864231,0.9586966633796692,0.9826644062995911,0.933886706829071,0.3485592305660248,0.04355287551879883,38.33622360229492,23.486942291259766,130.15651610351784,gjCwsdCssdk/00013,25,3.75
0.974484920501709,0.9338604211807251,0.014749168418347836,0.008952012285590172,0.9661710262298584,0.9545970559120178,0.9325576424598694,0.2742592394351959,0.037407100200653076,34.80738067626953,37.988773345947266,103.83598261322017,gjCwsdCssdk/00013,26,3.9
0.9650048613548279,0.9824622869491577,0.03609974682331085,0.0041657984256744385,0.9511765837669373,0.9768186807632446,0.961599588394165,-0.056711599230766296,0.012209773063659668,39.929195404052734,21.663497924804688,66.91626636114779,gjCwsdCssdk/00014,18,2.6999999999999997
0.9657285809516907,0.983197808265686,0.030201468616724014,0.006763458251953125,0.9507296681404114,0.9757940769195557,0.9643681049346924,-0.08342669159173965,0.009039103984832764,40.36954116821289,23.0902099609375,64.18507689274035,gjCwsdCssdk/00014,19,2.85
0.9516944289207458,0.9681962132453918,0.04122072085738182,0.0029988884925842285,0.946344256401062,0.9829758405685425,0.9630076289176941,-0.07160359621047974,0.010507941246032715,39.198062896728516,17.077045440673828,58.49878728753031,gjCwsdCssdk/00014,21,3.15
0.923427402973175,0.9576578736305237,0.061021894216537476,0.022302210330963135,0.9128944873809814,0.9407011866569519,0.9348095059394836,-0.12038706243038177,0.014445364475250244,50.68484878540039,32.70528793334961,51.30266225995671,gjCwsdCssdk/00014,22,3.3
1.0000004768371582,0.9583868980407715,0.0,0.015430690720677376,,0.9767723083496094,0.9583868980407715,0.19669239223003387,0.03257906436920166,0.0,27.307395935058594,179.0218517299684,gjCwsdCssdk/00017,1,0.15
1.000000238418579,0.9295473098754883,0.0,0.011460828594863415,,0.9624150395393372,0.9295473098754883,0.23110847175121307,0.05618548393249512,0.0,34.93722915649414,184.49393855188586,gjCwsdCssdk/00017,2,0.3
0.9395022392272949,0.8942403197288513,0.04311651736497879,0.023553740233182907,0.9134939312934875,0.977623701095581,0.9350898265838623,0.10075768083333969,0.02801191806793213,46.38372039794922,24.08092498779297,85.63167804719468,gjCwsdCssdk/00017,3,0.44999999999999996
0.7903502583503723,0.6820009350776672,0.15172576904296875,0.04695960134267807,0.7636887431144714,0.9437476992607117,0.8428772687911987,0.049917712807655334,0.06015503406524658,72.82157135009766,36.6343994140625,77.38560974948255,gjCwsdCssdk/00017,4,0.6
0.924732506275177,0.9129783511161804,0.06041191145777702,0.025486333295702934,0.9058915972709656,0.9628090858459473,0.9431957602500916,-0.05377531424164772,0.013462662696838379,44.675514221191406,28.493148803710938,54.852948207034466,gjCwsdCssdk/00017,5,0.75
0.9530788660049438,0.9245295524597168,0.03461701422929764,0.04941074550151825,0.9443235397338867,0.9102373719215393,0.9249358177185059,0.054922621697187424,0.00984346866607666,43.161659240722656,54.2234992980957,35.62600219756232,gjCwsdCssdk/00019,8,1.2
0.9627827405929565,0.9416453242301941,0.02870667725801468,0.05165857821702957,0.9572998285293579,0.9272809624671936,0.9390539526939392,0.056519120931625366,0.00874626636505127,37.7703742980957,49.728511810302734,37.526964848453666,gjCwsdCssdk/00019,9,1.3499999999999999
0.9718565940856934,0.9330154657363892,0.018339622765779495,0.05483366549015045,0.9642191529273987,0.9109792709350586,0.9275288581848145,0.1378118097782135,0.01697009801864624,34.631290435791016,53.558631896972656,49.441306788524976,gjCwsdCssdk/00019,10,1.5
0.9695752859115601,0.9593404531478882,0.01379771064966917,0.009650866501033306,0.9672657251358032,0.9768403172492981,0.9640300869941711,0.13173618912696838,0.01088649034500122,34.05619430541992,28.730117797851562,59.71406665829219,gjCwsdCssdk/00019,29,4.35
0.9631797671318054,0.9394761919975281,0.016119586303830147,0.015264387242496014,0.9700421690940857,0.9760091304779053,0.9565075039863586,0.21615374088287354,0.01945650577545166,32.65568923950195,29.162885665893555,82.52255581510924,gjCwsdCssdk/00019,30,4.5
0.9586420059204102,0.9536703824996948,0.020679235458374023,0.014084412716329098,0.9793211221694946,0.9807443618774414,0.9611303806304932,0.4580228924751282,0.022287726402282715,21.241575241088867,20.448270797729492,121.02105737046266,gjfYohXoiz0/00001,2,0.3
0.9786273837089539,0.8934880495071411,0.01068639662116766,0.021518390625715256,0.9893137216567993,0.9800761342048645,0.906876266002655,0.6618918180465698,0.08119773864746094,15.01599407196045,21.966642379760742,256.2355867288607,gjfYohXoiz0/00001,3,0.44999999999999996
0.9294511675834656,0.8124025464057922,0.035274505615234375,0.009935160167515278,0.9647258520126343,0.9815499782562256,0.8794171810150146,0.667009711265564,0.10029381513595581,26.87769317626953,21.178600311279297,219.42489488451372,gjfYohXoiz0/00001,4,0.6
0.9115842580795288,0.9112029075622559,0.12234754860401154,0.007937490940093994,0.8726465106010437,0.9883549809455872,0.9057498574256897,0.28604888916015625,0.03319823741912842,53.857933044433594,17.418272018432617,82.50957688758184,gjfYohXoiz0/00001,12,1.7999999999999998
0.8369778394699097,0.7717599272727966,0.10553446412086487,0.0027244985103607178,0.8311210870742798,0.9635395407676697,0.851923942565918,0.2658287286758423,0.06282055377960205,65.36294555664062,30.709455490112305,79.91320250693857,gjfYohXoiz0/00001,13,1.95
0.9138251543045044,0.8897707462310791,0.07072421163320541,0.0070269107818603516,0.9002159237861633,0.967981219291687,0.9101746082305908,0.25010231137275696,0.03426682949066162,49.194541931152344,28.18587875366211,76.3260325656077,gjfYohXoiz0/00001,14,2.1
0.9113607406616211,0.8758530616760254,0.049084194004535675,0.008257359266281128,0.9231171607971191,0.9615989327430725,0.9248072504997253,0.23003455996513367,0.02619272470474243,44.99311065673828,31.16851806640625,71.39996216694014,gjfYohXoiz0/00001,15,2.25
0.7882261872291565,0.6706292629241943,0.1130509003996849,0.0031113920267671347,0.86651611328125,0.9785412549972534,0.8734894394874573,0.2784457504749298,0.06026381254196167,58.650333404541016,24.142602920532227,91.2274565382997,gjfYohXoiz0/00001,16,2.4
0.8409472703933716,0.7136996388435364,0.1255076676607132,0.017676232382655144,0.8282957673072815,0.9775015115737915,0.8341005444526672,0.3056754171848297,0.08080559968948364,66.22718048095703,23.64373779296875,95.48606345184467,gjfYohXoiz0/00001,17,2.55
0.9303916692733765,0.8956866264343262,0.05426478385925293,0.01686754822731018,0.9313130378723145,0.9829576015472412,0.9280157089233398,0.3295993208885193,0.03597259521484375,40.683502197265625,19.60971450805664,95.39561328708119,gjfYohXoiz0/00001,26,3.9
0.9527522325515747,0.9240491986274719,0.04522653669118881,0.007757604122161865,0.9401902556419373,0.9738996028900146,0.9334633946418762,0.306830495595932,0.03059011697769165,37.97834396362305,24.8207950592041,95.01466262487932,gjfYohXoiz0/00001,27,4.05
0.9508092403411865,0.9312369227409363,0.04034080728888512,0.013149856589734554,0.9466018080711365,0.9616876840591431,0.9424974322319031,0.2429734617471695,0.018726110458374023,36.631744384765625,30.6751766204834,69.62924218408466,gjfYohXoiz0/00001,28,4.2
0.9454569816589355,0.8679400682449341,0.05123857781291008,0.14995276927947998,0.921636164188385,0.7986736297607422,0.8649677038192749,0.1646440476179123,0.018884718418121338,40.981693267822266,56.58360290527344,44.86670899172883,gjfYohXoiz0/00012,14,2.1
0.9545632600784302,0.8594176769256592,0.053862329572439194,0.17070543766021729,0.9343250393867493,0.7696385383605957,0.8507656455039978,0.24976743757724762,0.03048253059387207,37.73109436035156,59.53116226196289,59.99063247923278,gjfYohXoiz0/00012,15,2.25
0.9433534145355225,0.8827881217002869,0.059040773659944534,0.14813709259033203,0.9267433881759644,0.8012843132019043,0.872036874294281,0.17145036160945892,0.0168149471282959,37.60053253173828,54.23011779785156,45.73103218865617,gjfYohXoiz0/00012,16,2.4
0.9278620481491089,0.830411970615387,0.06980631500482559,0.12597998976707458,0.8963841795921326,0.7988799214363098,0.8379335403442383,0.2186102271080017,0.03933149576187134,45.65327835083008,53.4290657043457,57.41812577023591,gjfYohXoiz0/00012,17,2.55
0.9180335402488708,0.816777229309082,0.07182082533836365,0.17199981212615967,0.9245383143424988,0.7962841987609863,0.8519428372383118,0.217542827129364,0.03424680233001709,39.06635665893555,51.81290054321289,61.4240747790735,gjfYohXoiz0/00012,18,2.6999999999999997
0.900849461555481,0.7954508066177368,0.07302042096853256,0.18116061389446259,0.9025896191596985,0.740595281124115,0.8224843740463257,0.20623821020126343,0.035702526569366455,41.47880172729492,57.45785140991211,51.59093775775897,gjfYohXoiz0/00012,19,2.85
0.9113292694091797,0.8580013513565063,0.06835512071847916,0.15311585366725922,0.8690854907035828,0.8238733410835266,0.8349185585975647,0.05542057752609253,0.05478030443191528,46.09217834472656,33.5089111328125,70.18908924718882,gjfYohXoiz0/00012,20,3.0
0.932877779006958,0.8964380025863647,0.08471421152353287,0.1433923989534378,0.912624180316925,0.8322135806083679,0.8712975978851318,0.08664358407258987,0.026879429817199707,32.843441009521484,32.712589263916016,62.36603562997165,gjfYohXoiz0/00012,21,3.15
0.9547834992408752,0.859867513179779,0.02426525391638279,0.1840442717075348,0.9643144607543945,0.7617218494415283,0.8560395836830139,0.22408629953861237,0.021434903144836426,27.589529037475586,60.26637649536133,62.566065669986216,gjfYohXoiz0/00012,27,4.05
0.954154372215271,0.8827714323997498,0.034834276884794235,0.1498730629682541,0.9212707281112671,0.8418630957603455,0.8636103272438049,0.18599434196949005,0.036427855491638184,40.62140655517578,49.712947845458984,73.65357987881467,gjfYohXoiz0/00012,28,4.2
0.9413552284240723,0.8327919244766235,0.058943212032318115,0.12388645112514496,0.9217661619186401,0.8432917594909668,0.8596587181091309,0.2417394369840622,0.04913175106048584,37.49030303955078,47.87009811401367,76.74858791297257,gjfYohXoiz0/00012,29,4.35
0.9308360815048218,0.7552155256271362,0.08798842132091522,0.10969873517751694,0.9008939862251282,0.8424429893493652,0.8111859560012817,0.3132949769496918,0.09471595287322998,43.81475830078125,46.78239440917969,102.25087533897933,gjfYohXoiz0/00012,30,4.5
0.955541729927063,0.9235348701477051,0.03557310253381729,0.08562322705984116,0.9378467798233032,0.868242084980011,0.901557207107544,0.11635338515043259,0.022872567176818848,34.18339920043945,54.058284759521484,46.13819927921882,goiyLgCzgSI/00007,1,0.15
0.8992123007774353,0.9070180058479309,0.10015574097633362,0.08006851375102997,0.841830849647522,0.8638102412223816,0.8488083481788635,0.0585838258266449,0.029594600200653076,57.02240753173828,55.116756439208984,46.82202116896289,goiyLgCzgSI/00007,2,0.3
0.8967029452323914,0.9056354761123657,0.1060219556093216,0.08677361160516739,0.8541965484619141,0.841941237449646,0.8406170606613159,0.09592325240373611,0.036890625953674316,53.20225524902344,57.619136810302734,50.140127637878585,goiyLgCzgSI/00007,3,0.44999999999999996
0.9331528544425964,0.8883622884750366,0.06267424672842026,0.09200779348611832,0.9033448100090027,0.8591158986091614,0.8653174042701721,0.12967072427272797,0.043714702129364014,43.26243209838867,53.41299057006836,56.49040334233769,goiyLgCzgSI/00007,4,0.6
0.908920407295227,0.9204738736152649,0.09082037955522537,0.02572477050125599,0.8790139555931091,0.9231806993484497,0.9062076807022095,-0.024960549548268318,0.0104561448097229,44.65523147583008,31.568872451782227,31.201488645251843,goiyLgCzgSI/00012,13,1.95
0.9192784428596497,0.8942801356315613,0.07133030146360397,0.038481537252664566,0.8865771293640137,0.921548068523407,0.8970233798027039,0.061268195509910583,0.025432109832763672,46.04970932006836,36.80982208251953,48.70515160910136,goiyLgCzgSI/00012,14,2.1
0.9246532320976257,0.9195650815963745,0.06167469918727875,0.020391913130879402,0.8835060000419617,0.9399684071540833,0.9044971466064453,0.056068457663059235,0.02234828472137451,47.456886291503906,31.578929901123047,47.822768184728915,goiyLgCzgSI/00012,15,2.25
0.9303882122039795,0.8901001214981079,0.07475454360246658,0.025947319343686104,0.8964033722877502,0.9186235666275024,0.8540070652961731,0.2273576855659485,0.07387953996658325,46.2462158203125,36.40864562988281,85.74806299240288,goiyLgCzgSI/00012,16,2.4
0.9348233938217163,0.902289867401123,0.044842228293418884,0.10362037271261215,0.9366587996482849,0.8701545596122742,0.9074971079826355,0.0032790738623589277,0.012605786323547363,35.05959701538086,54.285770416259766,33.34302214626325,goiyLgCzgSI/00013,9,1.3499999999999999
0.9333984851837158,0.9079561829566956,0.042964477092027664,0.07553794234991074,0.9209170937538147,0.8552586436271667,0.8942659497261047,-0.02426975406706333,0.010121464729309082,43.148468017578125,54.27421569824219,30.357517223061837,goiyLgCzgSI/00013,10,1.5
0.919129490852356,0.8846344947814941,0.0969933271408081,0.10742447525262833,0.8879888653755188,0.8341653943061829,0.852959156036377,0.01902109570801258,0.027937352657318115,54.02647018432617,61.61650466918945,43.80116516403042,goiyLgCzgSI/00013,11,1.65
0.8832728266716003,0.8326046466827393,0.129739910364151,0.17321394383907318,0.8026211857795715,0.7467623949050903,0.7775190472602844,-0.025616755709052086,0.02601724863052368,70.42169189453125,73.40686798095703,31.42029991358481,goiyLgCzgSI/00013,12,1.7999999999999998
0.9475542306900024,0.9549064040184021,0.038968611508607864,0.018052108585834503,0.9224214553833008,0.9501423239707947,0.9308252930641174,0.12352512031793594,0.014706432819366455,37.075401306152344,30.0628662109375,49.31423982177603,goiyLgCzgSI/00014,4,0.6
0.9466177821159363,0.9261743426322937,0.05222425237298012,0.035360630601644516,0.9314883947372437,0.9305895566940308,0.9072801470756531,0.2223680317401886,0.03523534536361694,37.63774490356445,38.678401947021484,70.85617264343026,goiyLgCzgSI/00014,5,0.75
0.9156219363212585,0.926676869392395,0.09009680151939392,0.06994008272886276,0.881683349609375,0.8912171125411987,0.8860628008842468,0.04201408103108406,0.011451125144958496,48.654052734375,47.39206314086914,30.50242353963191,golS4kh8ETY/00002,6,0.8999999999999999
0.8974434733390808,0.921760082244873,0.06478490680456161,0.06460494548082352,0.8823942542076111,0.9046857357025146,0.8893936276435852,0.05089695379137993,0.0176469087600708,45.47633743286133,42.26066207885742,36.199718304686925,golS4kh8ETY/00002,7,1.05
0.8811458349227905,0.9133149981498718,0.08154910057783127,0.06368717551231384,0.8667965531349182,0.8998090028762817,0.864896833896637,0.11844377219676971,0.03387868404388428,48.95291519165039,43.29629135131836,49.540252605195896,golS4kh8ETY/00002,8,1.2
0.9794701337814331,0.8985163569450378,0.009319382719695568,0.11431188136339188,0.9777346849441528,0.8525208234786987,0.9018608331680298,0.12967656552791595,0.02284705638885498,17.918882369995117,48.692138671875,44.98061337377979,golS4kh8ETY/00002,23,3.4499999999999997
0.9730039834976196,0.9338590502738953,0.010309774428606033,0.04322632774710655,0.9710515141487122,0.9173493385314941,0.9391970634460449,0.06630043685436249,0.011730313301086426,20.894704818725586,37.6225471496582,42.17631790448678,golS4kh8ETY/00002,24,3.5999999999999996
0.9542406797409058,0.893469512462616,0.022330770269036293,0.07355131953954697,0.9618324041366577,0.9238502383232117,0.9251613616943359,0.1445636749267578,0.025450050830841064,23.73080062866211,38.97877502441406,61.527273756633896,golS4kh8ETY/00002,25,3.75
0.9591070413589478,0.9245176315307617,0.022307585924863815,0.08939303457736969,0.965210497379303,0.9195731282234192,0.9390288591384888,0.03054332174360752,0.010583817958831787,24.999216079711914,41.1209716796875,40.157208770769,golS4kh8ETY/00002,26,3.9
0.9820554852485657,0.9717379808425903,0.007501945830881596,0.012703136540949345,0.9859609007835388,0.9752587080001831,0.976916491985321,0.1358264833688736,0.005957365036010742,14.199763298034668,18.418298721313477,56.419075510959644,golS4kh8ETY/00005,3,0.44999999999999996
0.9701251983642578,0.9354829788208008,0.017934855073690414,0.012982339598238468,0.9673441648483276,0.9608418941497803,0.928769588470459,0.31176576018333435,0.042281508445739746,23.72245216369629,25.758398056030273,106.29067514652255,golS4kh8ETY/00005,4,0.6
0.9304506182670593,0.8080698251724243,0.03212263435125351,0.15037155151367188,0.9587898850440979,0.7816154360771179,0.8427630662918091,0.10683828592300415,0.04178750514984131,31.004907608032227,69.91619873046875,51.472075470917574,gqpErbFnbiY/00002,21,3.15
0.9446587562561035,0.8501812815666199,0.027578698471188545,0.11548540741205215,0.9538803696632385,0.8073272705078125,0.8479694128036499,0.17771127820014954,0.04764682054519653,30.372373580932617,63.38364028930664,56.1362366431101,gqpErbFnbiY/00002,22,3.3
0.9316102266311646,0.8255213499069214,0.04190104082226753,0.1414324939250946,0.9459782838821411,0.7771925926208496,0.8271756768226624,0.15961825847625732,0.05075216293334961,36.8926887512207,73.23433685302734,55.37631984214297,gqpErbFnbiY/00002,23,3.4499999999999997
0.9591309428215027,0.7772560715675354,0.031059034168720245,0.10603189468383789,0.9621481895446777,0.7701574563980103,0.8015882968902588,0.26720842719078064,0.08569252490997314,29.868057250976562,73.06243896484375,69.81332820850498,gqpErbFnbiY/00002,53,7.949999999999999
0.9407895803451538,0.6849749684333801,0.031407468020915985,0.049655694514513016,0.9544960856437683,0.7881411910057068,0.713187038898468,0.40477117896080017,0.19239819049835205,32.76985168457031,72.1582260131836,102.46313605066888,gqpErbFnbiY/00002,54,8.1
0.9516580700874329,0.7747744917869568,0.02374892868101597,0.04227409139275551,0.9480424523353577,0.7709649801254272,0.785066545009613,0.2873497009277344,0.098549485206604,36.19356155395508,78.5020523071289,71.67281830428593,gqpErbFnbiY/00002,55,8.25
0.940894603729248,0.9274027943611145,0.04849733039736748,0.025229766964912415,0.9392489790916443,0.9547603130340576,0.9442136883735657,0.09275364130735397,0.008237123489379883,42.19184494018555,36.68716049194336,38.69309970914787,gqpErbFnbiY/00003,1,0.15
0.921845555305481,0.9151469469070435,0.06817872822284698,0.014464914798736572,0.9175496697425842,0.9586032629013062,0.9324948787689209,0.1406947821378708,0.012320756912231445,47.37069320678711,34.02388000488281,43.2556984616572,gqpErbFnbiY/00003,2,0.3
0.9411395192146301,0.9395830035209656,0.05577820539474487,0.06334374845027924,0.9131714105606079,0.9303787350654602,0.913239598274231,0.17232218384742737,0.01723647117614746,48.73885726928711,45.005943298339844,45.07850046833383,gqpErbFnbiY/00003,4,0.6
0.9034171104431152,0.8904212117195129,0.05894376337528229,0.09406723827123642,0.8989270329475403,0.8653661012649536,0.8748226761817932,0.10906870663166046,0.020788252353668213,55.866390228271484,60.973777770996094,39.90765036667603,gqpErbFnbiY/00003,5,0.75
0.8481014966964722,0.8917140960693359,0.0872848853468895,0.05495670437812805,0.8723256587982178,0.888826847076416,0.8518701195716858,0.20979268848896027,0.04679536819458008,62.14724349975586,55.82426452636719,56.601215023601355,gqpErbFnbiY/00003,6,0.8999999999999999
0.9078148603439331,0.9071963429450989,0.10684721171855927,0.11317532509565353,0.8497503995895386,0.8595395684242249,0.8585237860679626,-0.0008077648817561567,0.011618971824645996,66.23399353027344,65.69696044921875,26.21739192130093,gqpErbFnbiY/00007,17,2.55
0.8383716940879822,0.903958797454834,0.12872974574565887,0.05371304973959923,0.8049386739730835,0.8890830278396606,0.8392486572265625,0.05006326362490654,0.025286316871643066,76.62284088134766,58.67905807495117,37.44808587359807,gqpErbFnbiY/00007,18,2.6999999999999997
0.8524270057678223,0.8994844555854797,0.1582307368516922,0.038434796035289764,0.7812354564666748,0.8873640894889832,0.8286313414573669,0.033604491502046585,0.025467991828918457,79.419189453125,60.595394134521484,36.246498161213275,gqpErbFnbiY/00007,19,2.85
0.8556779026985168,0.8748130798339844,0.1617354452610016,0.06958089023828506,0.7598949074745178,0.878566563129425,0.7989660501480103,0.11011052131652832,0.044745802879333496,86.37289428710938,61.546913146972656,44.021764275056455,gqpErbFnbiY/00007,20,3.0
0.870730996131897,0.9027009010314941,0.15812525153160095,0.03327200561761856,0.7778177261352539,0.9129413366317749,0.8090043663978577,0.17314545810222626,0.05785101652145386,75.89263153076172,52.2335205078125,59.34434512988529,gqpErbFnbiY/00007,21,3.15
0.8946508765220642,0.9470824003219604,0.15181434154510498,0.011715109460055828,0.824970006942749,0.9418010115623474,0.8854604959487915,0.013958406634628773,0.01130533218383789,62.233028411865234,35.53209686279297,29.45926572141146,gqpErbFnbiY/00008,32,4.8
0.9283282160758972,0.9603169560432434,0.1123003289103508,0.02061336860060692,0.8838638663291931,0.9521536827087402,0.9161613583564758,0.02530655451118946,0.013251543045043945,54.48371124267578,32.33089828491211,35.60590091083187,gqpErbFnbiY/00008,66,9.9
0.907074511051178,0.920778751373291,0.13953836262226105,0.03573812544345856,0.8677880167961121,0.9376581907272339,0.8940363526344299,0.12478095293045044,0.022481679916381836,58.466732025146484,37.92556381225586,42.937419894862465,gqpErbFnbiY/00008,67,10.049999999999999
0.9068994522094727,0.9353922605514526,0.11989636719226837,0.04415377601981163,0.8642053008079529,0.9380967617034912,0.8955349326133728,0.13268955051898956,0.017960548400878906,58.21363067626953,36.516326904296875,37.37527912527979,gqpErbFnbiY/00008,68,10.2
0.8985989689826965,0.9156746864318848,0.14334429800510406,0.11932135373353958,0.8550093770027161,0.898939847946167,0.8680665493011475,0.14774833619594574,0.025044560432434082,60.43940734863281,49.6577033996582,39.72253414211456,gqpErbFnbiY/00008,69,10.35
0.9088927507400513,0.9161375761032104,0.1306593120098114,0.09966852515935898,0.8671901226043701,0.8983138799667358,0.8824703693389893,0.09366140514612198,0.015402019023895264,58.36964416503906,49.231815338134766,31.680409815698386,gqpErbFnbiY/00008,70,10.5
0.9032117128372192,0.8984780311584473,0.13032007217407227,0.06845328211784363,0.8493659496307373,0.9258793592453003,0.8230929970741272,0.37048977613449097,0.08411514759063721,59.10612869262695,42.47477340698242,75.98910507148304,gqpErbFnbiY/00008,71,10.65
0.9185208082199097,0.9230546951293945,0.042669687420129776,0.03478626906871796,0.9412916302680969,0.9351334571838379,0.935971736907959,0.07692690193653107,0.008919000625610352,33.936527252197266,35.72232437133789,36.39858899426844,gqpErbFnbiY/00010,19,2.85
0.9217075109481812,0.8962090611457825,0.034415218979120255,0.018876314163208008,0.9456044435501099,0.9406949281692505,0.9394962787628174,0.10745595395565033,0.009841203689575195,34.10112762451172,34.92744064331055,40.04020678968326,gqpErbFnbiY/00010,20,3.0
0.9138743281364441,0.920508861541748,0.07127584517002106,0.08396647870540619,0.916284441947937,0.92713862657547,0.924765944480896,0.021765802055597305,0.005100131034851074,48.941184997558594,44.57375717163086,25.221703189990833,gqpErbFnbiY/00010,25,3.75
0.895063579082489,0.8447717428207397,0.059859927743673325,0.06435593962669373,0.904705286026001,0.8809647560119629,0.8908302187919617,0.026140931993722916,0.014060914516448975,52.05992889404297,58.03889465332031,33.84598290977737,gqpErbFnbiY/00010,26,3.9
0.9266731142997742,0.8178186416625977,0.046959564089775085,0.09132090210914612,0.9277213215827942,0.8792662024497986,0.8463437557220459,0.2569601535797119,0.07309901714324951,46.05342102050781,56.873146057128906,82.20274837500328,gqpErbFnbiY/00010,27,4.05
0.91865074634552,0.9127335548400879,0.046919066458940506,0.02569451369345188,0.9207459092140198,0.9335818886756897,0.8659282922744751,0.27442029118537903,0.07451128959655762,47.96567153930664,44.50162887573242,94.82571680612332,gqpErbFnbiY/00010,28,4.2
0.8245046734809875,0.8600315451622009,0.1806742250919342,0.0946606993675232,0.7282958030700684,0.8449022769927979,0.7919432520866394,-0.0013037174940109253,0.021807074546813965,74.81198120117188,51.80341339111328,25.37227973934861,gqpErbFnbiY/00013,14,2.1
0.8413118124008179,0.8577967882156372,0.12601496279239655,0.06237351894378662,0.7473843693733215,0.8436180353164673,0.7884836196899414,0.021486056968569756,0.039539217948913574,69.06858825683594,53.02094268798828,34.414134445605306,gqpErbFnbiY/00013,15,2.25
0.8290050625801086,0.8037684559822083,0.13051016628742218,0.06209540739655495,0.7421272397041321,0.8731915354728699,0.7634495496749878,0.10859443247318268,0.07204532623291016,67.9305419921875,46.94453048706055,50.486701158106925,gqpErbFnbiY/00013,16,2.4
0.9352849721908569,0.8522876501083374,0.049435485154390335,0.10344604402780533,0.9105557203292847,0.8169029355049133,0.8529245257377625,0.10597419738769531,0.02702319622039795,52.398963928222656,76.9733657836914,39.27421983027591,gqpErbFnbiY/00015,4,0.6
0.8987663388252258,0.8439688682556152,0.06267360597848892,0.10317561030387878,0.8906880617141724,0.8272713422775269,0.8595383167266846,0.03351324051618576,0.014268219470977783,61.685020446777344,77.21731567382812,28.30693342235499,gqpErbFnbiY/00015,5,0.75
0.9223819971084595,0.8644712567329407,0.04709325730800629,0.11236178129911423,0.9193862080574036,0.8360911011695862,0.8449549674987793,0.1921381652355194,0.05068957805633545,48.97067642211914,69.86297607421875,57.05068840987964,gqpErbFnbiY/00015,6,0.8999999999999999
0.9698096513748169,0.8131807446479797,0.01924028992652893,0.08760011941194534,0.9637131690979004,0.8245843648910522,0.814683198928833,0.1579146683216095,0.0987812876701355,27.94548988342285,70.70587158203125,85.74691087083292,gqpErbFnbiY/00015,12,1.7999999999999998
0.905651867389679,0.8455337882041931,0.04769967123866081,0.0449853353202343,0.9312270283699036,0.8673699498176575,0.8752425312995911,0.11938625574111938,0.03834348917007446,40.31133270263672,60.60205841064453,56.757004118476,gqpErbFnbiY/00015,13,1.95
0.8485615253448486,0.7844064235687256,0.10904140025377274,0.026787303388118744,0.833071768283844,0.9746918678283691,0.8101847767829895,0.2523946762084961,0.11035120487213135,70.01416015625,23.727554321289062,91.26883350429891,gqpErbFnbiY/00015,14,2.1
0.9614630937576294,0.8929645419120789,0.028893105685710907,0.09827188402414322,0.9502596259117126,0.8531899452209473,0.8956420421600342,0.036901552230119705,0.0160943865776062,32.35051727294922,54.8328742980957,39.56913233073696,gqpErbFnbiY/00016,39,5.85
0.9400784373283386,0.8795771598815918,0.049553994089365005,0.09276475012302399,0.9236135482788086,0.838489294052124,0.8798695206642151,0.019270021468400955,0.01308518648147583,40.00025939941406,58.13286209106445,31.660904592133715,gqpErbFnbiY/00016,40,6.0
0.9307570457458496,0.8797135353088379,0.04798708111047745,0.07239396125078201,0.9113924503326416,0.8578192591667175,0.8722738027572632,0.05234525725245476,0.025261223316192627,46.068756103515625,54.92302322387695,45.4227815178911,gqpErbFnbiY/00016,41,6.1499999999999995
0.933341383934021,0.7939242124557495,0.05980741232633591,0.07604856789112091,0.9257386326789856,0.8310673236846924,0.8080703616142273,0.2653128206729889,0.09063547849655151,45.745361328125,62.03202438354492,82.32934299279363,gqpErbFnbiY/00016,42,6.3
0.9417077898979187,0.7910126447677612,0.061093300580978394,0.05653495341539383,0.9211279153823853,0.8027654886245728,0.801378607749939,0.23464927077293396,0.0846710205078125,44.35841751098633,69.2072525024414,70.17215326479318,gqpErbFnbiY/00016,43,6.45
0.8456348180770874,0.9622622132301331,0.27391374111175537,0.013345121406018734,0.7130688428878784,0.9719756245613098,0.8397945761680603,0.325651079416275,0.028867125511169434,79.96544647216797,26.47728729248047,45.545128945502356,gqpErbFnbiY/00017,6,0.8999999999999999
0.8483760952949524,0.9253244400024414,0.27642759680747986,0.01790587604045868,0.7131994366645813,0.9502438306808472,0.8078711628913879,0.3691968619823456,0.057582855224609375,79.2262191772461,35.41720199584961,60.0593100674275,gqpErbFnbiY/00017,7,1.05
0.8338729739189148,0.8430755138397217,0.27549898624420166,0.03155411779880524,0.6898757219314575,0.9658130407333374,0.7601866126060486,0.5123288035392761,0.10934847593307495,81.22492980957031,29.931350708007812,82.34788022955168,gqpErbFnbiY/00017,8,1.2
0.9630815386772156,0.988625168800354,0.05845597758889198,0.0034890221431851387,0.942107081413269,0.991794764995575,0.9595335125923157,0.10709555447101593,0.006970107555389404,25.80784797668457,10.372346878051758,81.89062228300392,gqpErbFnbiY/00017,17,2.55
0.9554798007011414,0.960473895072937,0.04428233578801155,0.023274261504411697,0.9416145086288452,0.9684444069862366,0.9566601514816284,0.039439573884010315,0.0032140016555786133,28.83910369873047,19.963546752929688,29.518419550780994,gqpErbFnbiY/00017,18,2.6999999999999997
0.8959048986434937,0.829206645488739,0.08913757652044296,0.027072986587882042,0.8901345729827881,0.9798464179039001,0.9029393792152405,0.22088846564292908,0.05060446262359619,46.67251205444336,17.198392868041992,84.1388213733057,gqpErbFnbiY/00017,19,2.85
0.8946449160575867,0.9031673669815063,0.1288541704416275,0.06445325911045074,0.8392677307128906,0.8840103149414062,0.862385630607605,0.0226388368755579,0.014446735382080078,67.97246551513672,57.12919616699219,28.85911524917973,gqpErbFnbiY/00018,3,0.44999999999999996
0.8938498497009277,0.8429592251777649,0.12144184112548828,0.17442046105861664,0.8446739315986633,0.7464888691902161,0.8002825975418091,0.027552282437682152,0.01677525043487549,64.79950714111328,81.31141662597656,24.718980357054757,gqpErbFnbiY/00018,4,0.6
0.965436577796936,0.9656378030776978,0.012550000101327896,0.007498767226934433,0.9715487957000732,0.9764682054519653,0.9709724187850952,0.08342443406581879,0.005725979804992676,29.663393020629883,27.157629013061523,49.65571917935195,gqpErbFnbiY/00019,0,0.0
0.9484018087387085,0.9423025250434875,0.018785184249281883,0.021726420149207115,0.9513487815856934,0.9491597414016724,0.9488863348960876,0.046627435833215714,0.006711125373840332,39.13589096069336,39.00827407836914,35.851313386438804,gqpErbFnbiY/00019,1,0.15
0.8962502479553223,0.8960930109024048,0.04306149110198021,0.03278569504618645,0.9243729710578918,0.9424974918365479,0.9310566782951355,0.08084145188331604,0.009457945823669434,42.96710205078125,37.58760070800781,36.841541162920805,gqpErbFnbiY/00021,13,1.95
0.9084712862968445,0.9469312429428101,0.09986992925405502,0.02908947691321373,0.8626852035522461,0.9574845433235168,0.9105736613273621,0.031540773808956146,0.007680177688598633,61.74605178833008,35.25880813598633,30.54863427958375,gqpErbFnbiY/00021,23,3.4499999999999997
0.8835078477859497,0.9060069918632507,0.11171259731054306,0.05612655356526375,0.8562594056129456,0.928033173084259,0.8814026713371277,0.09628437459468842,0.02235168218612671,60.16259002685547,43.71434783935547,43.744591934567346,gqpErbFnbiY/00021,24,3.5999999999999996
0.9762676358222961,0.9469776153564453,0.012400398962199688,0.07669131457805634,0.9728598594665527,0.9199936985969543,0.9409995079040527,0.09968151152133942,0.011263370513916016,25.617389678955078,43.61775207519531,43.277916929538094,gqpErbFnbiY/00022,7,1.05
0.9414671063423157,0.9022727012634277,0.025884903967380524,0.08590412884950638,0.9551306962966919,0.8990424275398254,0.9244725108146667,0.07104256749153137,0.01069343090057373,32.144229888916016,50.14537811279297,35.247888019080705,gqpErbFnbiY/00022,8,1.2
0.9489486813545227,0.9255415201187134,0.03309774771332741,0.07726771384477615,0.9433619976043701,0.893541693687439,0.9177492260932922,0.06415654718875885,0.009446024894714355,37.35697937011719,52.558475494384766,31.578376055393385,gqpErbFnbiY/00022,9,1.3499999999999999
0.9661198854446411,0.9327973127365112,0.02087216079235077,0.07677542418241501,0.9592397809028625,0.9051247239112854,0.9291678071022034,0.07330644130706787,0.01041024923324585,31.71178436279297,49.22691345214844,36.6193364718954,gqpErbFnbiY/00022,10,1.5
0.9244903326034546,0.836522102355957,0.08366659283638,0.18655410408973694,0.8882560729980469,0.7817869186401367,0.8264675736427307,0.046980537474155426,0.03004288673400879,50.475791931152344,70.49846649169922,37.498776081065486,gqpErbFnbiY/00023,22,3.3
0.9236172437667847,0.8322323560714722,0.06824564933776855,0.1849549263715744,0.9107587933540344,0.7719939351081848,0.8389949202537537,0.032155752182006836,0.02068650722503662,45.72561264038086,71.44745635986328,34.53960369184663,gqpErbFnbiY/00023,23,3.4499999999999997
0.9242150187492371,0.7984066605567932,0.0683092474937439,0.1686524748802185,0.8970654010772705,0.7584066390991211,0.8050641417503357,0.11057998985052109,0.05128622055053711,49.28263854980469,70.4426040649414,50.03357484753596,gqpErbFnbiY/00023,24,3.5999999999999996
0.9114986658096313,0.8431991338729858,0.11551688611507416,0.1432349681854248,0.8664649724960327,0.7780312299728394,0.8162327408790588,0.0914437547326088,0.03051525354385376,56.385108947753906,70.05928802490234,35.38617282484786,gqpErbFnbiY/00023,25,3.75
0.9162387847900391,0.937945544719696,0.09120921045541763,0.016606822609901428,0.8926759362220764,0.9655982255935669,0.9202418923377991,0.1790846437215805,0.01601541042327881,47.90372085571289,28.599153518676758,50.322317950376735,gqpErbFnbiY/00025,2,0.3
0.9047161936759949,0.9199768900871277,0.11876920610666275,0.03813757374882698,0.8691551685333252,0.9477676153182983,0.9019504189491272,0.15563206374645233,0.01730477809906006,52.711029052734375,34.351959228515625,42.85222528425885,gqpErbFnbiY/00025,3,0.44999999999999996
0.89742112159729,0.888961672782898,0.12045080214738846,0.055647894740104675,0.8558491468429565,0.9140164852142334,0.870169997215271,0.18235068023204803,0.03061497211456299,56.37408447265625,45.308349609375,49.13561876623705,gqpErbFnbiY/00025,4,0.6
0.9147741794586182,0.8350280523300171,0.11127019673585892,0.03652309998869896,0.8811442852020264,0.9074418544769287,0.8318116664886475,0.31966632604599,0.08166027069091797,51.555084228515625,47.39213562011719,85.61435671734587,gqpErbFnbiY/00025,5,0.75
0.9053741097450256,0.8791305422782898,0.1169879212975502,0.08039429783821106,0.8667322993278503,0.9051312208175659,0.8603212237358093,0.23842911422252655,0.04267299175262451,52.4272346496582,45.51166534423828,62.19310633521953,gqpErbFnbiY/00025,6,0.8999999999999999
0.8262254595756531,0.9225925207138062,0.2112499475479126,0.039164889603853226,0.7380937933921814,0.9300984144210815,0.8262408971786499,0.030485060065984726,0.02904951572418213,69.19367980957031,34.698143005371094,38.028953720478725,gqpErbFnbiY/00026,33,4.95
0.8538863062858582,0.9140273332595825,0.1886546015739441,0.09075652062892914,0.7607755661010742,0.8742905259132385,0.8222197890281677,-0.018978288397192955,0.01562511920928955,68.89452362060547,50.7811279296875,25.16496683491766,gqpErbFnbiY/00026,34,5.1
0.8808696866035461,0.9019637107849121,0.156390979886055,0.08699236065149307,0.8020781874656677,0.872712254524231,0.8397044539451599,-0.013435485772788525,0.014837980270385742,62.166603088378906,51.680721282958984,26.85256870232659,gqpErbFnbiY/00026,35,5.25
0.8857883214950562,0.8628026247024536,0.12532348930835724,0.0878279060125351,0.8286206722259521,0.7911362648010254,0.8135955929756165,-0.005264956038445234,0.01612222194671631,67.48914337158203,75.28199005126953,24.69001143055256,gqpErbFnbiY/00027,17,2.55
0.8391316533088684,0.8313941955566406,0.18960024416446686,0.1172252893447876,0.75274258852005,0.7763808369636536,0.7598133683204651,0.045454032719135284,0.03225475549697876,83.27869415283203,79.27542877197266,30.707719420072745,gqpErbFnbiY/00027,18,2.6999999999999997
0.9452421069145203,0.9285815358161926,0.04025769606232643,0.05573802441358566,0.9465526342391968,0.9226585626602173,0.9372910261154175,-0.008586840704083443,0.003948986530303955,33.29778289794922,41.156288146972656,24.517507367425818,gqpErbFnbiY/00028,5,0.75
0.9591730237007141,0.9554233551025391,0.03307304531335831,0.02908647246658802,0.9446640610694885,0.9426725506782532,0.9455206990242004,-0.012475645169615746,0.003545224666595459,34.04417419433594,33.90834045410156,24.81559082318339,gqpErbFnbiY/00028,6,0.8999999999999999
0.9500940442085266,0.9511774182319641,0.026465022936463356,0.03034048341214657,0.9329337477684021,0.9368646144866943,0.9376243352890015,-0.023732567206025124,0.003816843032836914,36.756832122802734,35.93678665161133,23.78026942048446,gqpErbFnbiY/00028,7,1.05
0.9918451905250549,0.9528157114982605,0.00815492868423462,0.06536845862865448,0.9836901426315308,0.9308368563652039,0.9525773525238037,-0.03486056998372078,0.011417627334594727,15.1259183883667,42.67224884033203,54.379497668169655,gtDS5rzd6R8/00004,0,0.0
0.9918678998947144,0.9382431507110596,0.008132338523864746,0.06112407520413399,0.9837354421615601,0.929627001285553,0.9361012578010559,0.16203758120536804,0.028066694736480713,14.908751487731934,42.98611831665039,82.23313828422458,gtDS5rzd6R8/00004,1,0.15
0.9857963919639587,0.9044317603111267,0.014203965663909912,0.05616108700633049,0.9715920686721802,0.9373795390129089,0.9032213687896729,0.34150832891464233,0.06356918811798096,19.703155517578125,41.4098014831543,120.01493191020707,gtDS5rzd6R8/00004,2,0.3
0.947202742099762,0.8962521553039551,0.02837987057864666,0.06291095912456512,0.9607667326927185,0.909578263759613,0.9302849769592285,0.08547872304916382,0.012495994567871094,30.20625114440918,48.0440559387207,43.61971512933828,gtDS5rzd6R8/00004,3,0.44999999999999996
0.9252349138259888,0.8669523000717163,0.03743233159184456,0.03292606770992279,0.954133152961731,0.91474449634552,0.9258968830108643,0.11847452819347382,0.017274975776672363,33.0793571472168,48.38077163696289,49.79470901083961,gtDS5rzd6R8/00004,4,0.6
0.9290660619735718,0.8873156309127808,0.036964159458875656,0.04045404866337776,0.9495947957038879,0.905215859413147,0.9255527853965759,0.0670587345957756,0.011097609996795654,34.18635559082031,47.93163299560547,38.454469835330805,gtDS5rzd6R8/00004,5,0.75
0.9246087074279785,0.8708407282829285,0.042374663054943085,0.06420771032571793,0.9458054900169373,0.8945334553718567,0.8965196013450623,0.2510082721710205,0.035464346408843994,40.459190368652344,49.945858001708984,67.84723711133046,gtDS5rzd6R8/00004,6,0.8999999999999999
0.9402705430984497,0.8737459182739258,0.026400864124298096,0.06659454107284546,0.9556107521057129,0.8829903602600098,0.8921909928321838,0.23418432474136353,0.04029273986816406,33.82438659667969,57.09400177001953,66.26566675016464,gtDS5rzd6R8/00004,7,1.05
0.9244737029075623,0.864922046661377,0.042832762002944946,0.08048104494810104,0.942450761795044,0.8646525144577026,0.8953756093978882,0.06169077754020691,0.019790232181549072,43.92668151855469,68.95680236816406,42.81295650049389,gtDS5rzd6R8/00004,17,2.55
0.9326649904251099,0.8742826581001282,0.03567788004875183,0.07134535163640976,0.9432726502418518,0.8604690432548523,0.8832179307937622,0.10015040636062622,0.030803203582763672,42.68352508544922,70.0175552368164,51.87391031048877,gtDS5rzd6R8/00004,18,2.6999999999999997
0.9455081820487976,0.8849058151245117,0.025514136999845505,0.0752987265586853,0.9481382966041565,0.8779770135879517,0.8957895040512085,0.1138710007071495,0.028423428535461426,42.54525375366211,63.91901397705078,57.130116252240775,gtDS5rzd6R8/00004,19,2.85
0.9508830904960632,0.8802027702331543,0.024713747203350067,0.0795474648475647,0.9572179913520813,0.8831284642219543,0.9051835536956787,0.08735872060060501,0.024221956729888916,38.952049255371094,64.22068786621094,54.09090367423938,gtDS5rzd6R8/00004,20,3.0
0.9463410973548889,0.8715135455131531,0.03067873977124691,0.0901169553399086,0.9516407251358032,0.8712015151977539,0.8975507616996765,0.04775484278798103,0.023938417434692383,41.75831604003906,67.72053527832031,49.878394589665184,gtDS5rzd6R8/00004,21,3.15
0.9277957677841187,0.8360714912414551,0.0420849472284317,0.0787024199962616,0.939191997051239,0.8517959713935852,0.8852888941764832,0.03531576693058014,0.02167046070098877,45.298404693603516,71.31092071533203,43.81970616165129,gtDS5rzd6R8/00004,22,3.3
0.8808916807174683,0.7943650484085083,0.06814180314540863,0.06303203850984573,0.9162694811820984,0.8625568747520447,0.8727836608886719,0.0641685351729393,0.030664682388305664,50.55785369873047,66.83684539794922,49.48478308208053,gtDS5rzd6R8/00004,23,3.4499999999999997
0.9450325965881348,0.9771726727485657,0.0723806768655777,0.010500320233404636,0.9013257026672363,0.9821659326553345,0.9345102310180664,0.12516561150550842,0.010226786136627197,39.65353012084961,19.83003044128418,68.182358454108,gtDS5rzd6R8/00006,13,1.95
0.9470767974853516,0.9825981259346008,0.07026183605194092,0.0036125730257481337,0.9052404761314392,0.9793592691421509,0.9374657869338989,0.1326615810394287,0.008298516273498535,39.4067268371582,19.830326080322266,71.40800485649095,gtDS5rzd6R8/00006,14,2.1
0.9420515894889832,0.9733783006668091,0.08732296526432037,0.009736993350088596,0.8997572660446167,0.9744875431060791,0.9302107691764832,0.09176678955554962,0.010670185089111328,39.51831817626953,21.943218231201172,56.08599251824293,gtDS5rzd6R8/00006,15,2.25
0.9425780177116394,0.9778540730476379,0.07861308008432388,0.0036101716104894876,0.8989548683166504,0.9835560321807861,0.9293014407157898,0.20179526507854462,0.014804482460021973,39.7393684387207,17.325817108154297,78.94382263547799,gtDS5rzd6R8/00006,18,2.6999999999999997
0.9223394393920898,0.9443267583847046,0.07800966501235962,0.028415538370609283,0.887895941734314,0.9720720052719116,0.9267167448997498,0.10342424362897873,0.01140892505645752,42.494876861572266,24.34649085998535,45.238305464465604,gtDS5rzd6R8/00006,19,2.85
0.8899489641189575,0.9432564973831177,0.09545166045427322,0.026388073340058327,0.8639311790466309,0.9479473829269409,0.901028037071228,0.08527813851833344,0.01463991403579712,49.72468948364258,32.4619026184082,51.305805859658406,gtDS5rzd6R8/00006,20,3.0
0.951405942440033,0.9673503041267395,0.057529378682374954,0.009808925911784172,0.9129864573478699,0.9704036116600037,0.9357695579528809,0.1285831183195114,0.013268709182739258,41.24312973022461,25.71088218688965,61.824919830746396,gtDS5rzd6R8/00006,21,3.15
0.9522575736045837,0.9583013653755188,0.021345075219869614,0.005620121490210295,0.9641183018684387,0.9757646918296814,0.9595469832420349,0.28898513317108154,0.014427900314331055,34.026451110839844,28.68702507019043,73.35083130606915,gtDS5rzd6R8/00007,1,0.15
0.9456732869148254,0.8958479762077332,0.025504866614937782,0.113877072930336,0.9569858312606812,0.8822835087776184,0.9146173596382141,0.13563966751098633,0.013205945491790771,37.1353645324707,58.50914764404297,43.875913115391945,gtDS5rzd6R8/00007,2,0.3
0.9586325287818909,0.8803569674491882,0.02110031247138977,0.11107450723648071,0.9709314703941345,0.8899469375610352,0.9162793755531311,0.22379130125045776,0.021499335765838623,30.840808868408203,56.33998107910156,62.18734804385702,gtDS5rzd6R8/00007,3,0.44999999999999996
0.9744401574134827,0.8710425496101379,0.010584034025669098,0.11704157292842865,0.9801153540611267,0.896914005279541,0.8923786878585815,0.39766961336135864,0.05274409055709839,25.676069259643555,55.49848175048828,100.71362558110106,gtDS5rzd6R8/00007,4,0.6
0.9653419852256775,0.9006989598274231,0.016188494861125946,0.118172287940979,0.9713481664657593,0.9144232869148254,0.8946935534477234,0.3864061236381531,0.053627729415893555,30.667360305786133,50.93820571899414,102.7114587419723,gtDS5rzd6R8/00007,11,1.65
0.9713228940963745,0.9045900106430054,0.012603356502950191,0.12013525515794754,0.9778521656990051,0.8843591213226318,0.9006697535514832,0.30586346983909607,0.03816717863082886,27.887672424316406,60.0291748046875,80.94280364127592,gtDS5rzd6R8/00007,12,1.7999999999999998
0.9786418080329895,0.9260021448135376,0.008810391649603844,0.019980644807219505,0.9823752045631409,0.9772794246673584,0.929934024810791,0.5114020705223083,0.053107380867004395,23.747634887695312,29.043598175048828,172.95869321772471,gtDS5rzd6R8/00007,13,1.95
0.9603046178817749,0.9564375877380371,0.02029436267912388,0.008303876966238022,0.9670180082321167,0.9861338138580322,0.9604495167732239,0.36788567900657654,0.019570112228393555,33.89693069458008,22.488950729370117,98.1792933935746,gtDS5rzd6R8/00007,16,2.4
0.9588218927383423,0.8875157237052917,0.01976083591580391,0.01249663531780243,0.9682981371879578,0.9692075848579407,0.8754692673683167,0.5489220023155212,0.1003606915473938,34.93388748168945,34.203590393066406,183.4338085064232,gtDS5rzd6R8/00007,17,2.55
0.9127543568611145,0.8744136095046997,0.04868420213460922,0.008375384844839573,0.9326578974723816,0.9748727679252625,0.9209276437759399,0.3734276592731476,0.040047287940979004,49.164878845214844,31.121278762817383,96.61912464793295,gtDS5rzd6R8/00007,18,2.6999999999999997
0.9590429663658142,0.9284783601760864,0.01842593029141426,0.02687840163707733,0.969359815120697,0.9583762288093567,0.9324390888214111,0.30853670835494995,0.037636399269104004,29.386472702026367,37.66444396972656,101.98110546200422,gtDS5rzd6R8/00007,19,2.85
0.9372450113296509,0.8929346203804016,0.02826143242418766,0.073033407330513,0.9498152136802673,0.8934489488601685,0.914661169052124,0.10760664939880371,0.015883326530456543,41.24427795410156,59.53364562988281,48.72159712365366,gtDS5rzd6R8/00008,0,0.0
0.961938202381134,0.8641079664230347,0.01650923490524292,0.061982907354831696,0.9707884788513184,0.8629611730575562,0.877102792263031,0.2599923014640808,0.05208688974380493,29.05628776550293,66.46768188476562,75.11690223874803,gtDS5rzd6R8/00008,1,0.15
0.9852017164230347,0.8220165967941284,0.006115609779953957,0.06456894427537918,0.9875519871711731,0.8722773194313049,0.831171989440918,0.46268415451049805,0.11209630966186523,19.77204132080078,64.96906280517578,121.71705408780211,gtDS5rzd6R8/00008,2,0.3
0.9759606719017029,0.8595163226127625,0.012077637948095798,0.10802949219942093,0.9786635637283325,0.8655945062637329,0.8648250699043274,0.35006365180015564,0.0659029483795166,27.006317138671875,63.615928649902344,96.13490582068773,gtDS5rzd6R8/00008,3,0.44999999999999996
0.8791976571083069,0.9519730806350708,0.08211212605237961,0.0020571232307702303,0.8564841151237488,0.9826159477233887,0.8880804777145386,0.1610475480556488,0.0394473671913147,68.07066345214844,22.238086700439453,67.68165955227227,gtDS5rzd6R8/00008,7,1.05
0.9707453846931458,0.8708167672157288,0.02925485372543335,0.05912627652287483,0.9414903521537781,0.8870457410812378,0.878044068813324,0.18335506319999695,0.05687153339385986,33.97050857543945,63.776363372802734,83.40792382741859,gtDS5rzd6R8/00008,8,1.2
0.9709174036979675,0.8673737645149231,0.013113767839968204,0.06003328785300255,0.9753670692443848,0.842118501663208,0.8689630627632141,0.24761921167373657,0.05126512050628662,28.818437576293945,74.26139831542969,72.71200212647948,gtDS5rzd6R8/00008,9,1.3499999999999999
0.8621433973312378,0.7921189069747925,0.058692868798971176,0.04645993560552597,0.9145476222038269,0.8618712425231934,0.8441992998123169,0.25732046365737915,0.06308704614639282,52.43695831298828,71.54182434082031,68.16230335972766,gtDS5rzd6R8/00008,17,2.55
0.9288596510887146,0.774990439414978,0.031463805586099625,0.04272979497909546,0.9341042041778564,0.8528777956962585,0.799355685710907,0.3519814610481262,0.11482727527618408,47.640785217285156,71.81002807617188,96.20269303532147,gtDS5rzd6R8/00008,18,2.6999999999999997
0.943171501159668,0.7909313440322876,0.02570602111518383,0.03477891907095909,0.9556823968887329,0.8400644659996033,0.8132932186126709,0.3481399118900299,0.10365372896194458,38.83591842651367,72.76335144042969,94.82853031857896,gtDS5rzd6R8/00008,19,2.85
0.9446459412574768,0.828179657459259,0.026414278894662857,0.061253178864717484,0.9476309418678284,0.8881691694259644,0.8257486820220947,0.3989790678024292,0.1090162992477417,39.839786529541016,62.80367660522461,108.62697835239777,gtDS5rzd6R8/00008,20,3.0
0.9539667963981628,0.829290509223938,0.02845437079668045,0.07049715518951416,0.9581210017204285,0.8648728132247925,0.8386541604995728,0.34740200638771057,0.08867001533508301,35.93923568725586,69.13888549804688,93.93813616929341,gtDS5rzd6R8/00008,21,3.15
0.8576495051383972,0.8381239175796509,0.06395996361970901,0.047462839633226395,0.8718918561935425,0.8832615613937378,0.8567588925361633,0.21397319436073303,0.03960108757019043,60.45420837402344,63.48688888549805,56.565526621830735,gtDS5rzd6R8/00008,22,3.3
0.9190646409988403,0.8074409365653992,0.03718600422143936,0.034690290689468384,0.9385014772415161,0.8927925229072571,0.8628674149513245,0.3037572503089905,0.06711548566818237,44.32318115234375,63.58894348144531,85.64241614442307,gtDS5rzd6R8/00008,23,3.4499999999999997
0.7643989324569702,0.7371541261672974,0.1377212107181549,0.010565396398305893,0.8008273243904114,0.9064213037490845,0.7579176425933838,0.359801322221756,0.1330072283744812,78.08092498779297,58.4754753112793,92.53094877204549,gtDS5rzd6R8/00008,24,3.5999999999999996
0.8756144642829895,0.7348451018333435,0.07547502219676971,0.019205192103981972,0.8838732838630676,0.9057685732841492,0.7804538011550903,0.3982774615287781,0.1404091715812683,54.903053283691406,59.46954345703125,110.6296755918252,gtDS5rzd6R8/00008,25,3.75
0.9921197295188904,0.9539221525192261,0.007880747318267822,0.0019461808260530233,0.984238862991333,0.9849479794502258,0.9518858790397644,0.47981223464012146,0.037473440170288086,17.970483779907227,24.04921531677246,182.48757684316567,gtDS5rzd6R8/00010,1,0.15
0.9922457933425903,0.9203597903251648,0.007754474878311157,0.005138447508215904,0.984491229057312,0.9780392646789551,0.9273378849029541,0.5019321441650391,0.05948054790496826,16.940929412841797,29.299089431762695,203.5266296098463,gtDS5rzd6R8/00010,2,0.3
0.9301186800003052,0.897354781627655,0.03925829008221626,0.012124530039727688,0.9462400078773499,0.9571614861488342,0.9486144781112671,0.04842589795589447,0.009794771671295166,41.39824676513672,36.895206451416016,44.531246629452674,gtDS5rzd6R8/00010,38,5.7
0.9420851469039917,0.9024518132209778,0.027924994006752968,0.015310023911297321,0.9438254833221436,0.9410995244979858,0.9192219376564026,0.17977720499038696,0.031849563121795654,43.4639778137207,45.810142517089844,72.67356955734685,gtDS5rzd6R8/00010,39,5.85
0.9408643841743469,0.897803783416748,0.031660307198762894,0.015545455738902092,0.9451735615730286,0.9550692439079285,0.8815752267837524,0.3690187931060791,0.07800757884979248,42.613250732421875,39.53596115112305,119.58822443764623,gtDS5rzd6R8/00010,40,6.0
0.9255703091621399,0.870505690574646,0.03414221480488777,0.06483733654022217,0.9335007667541504,0.9185938239097595,0.856351912021637,0.36574313044548035,0.08418655395507812,46.17801284790039,51.2239990234375,100.52096738810195,gtDS5rzd6R8/00010,42,6.3
0.9156168699264526,0.873857319355011,0.042546048760414124,0.057413313537836075,0.9391461610794067,0.9096406102180481,0.8998231887817383,0.15827405452728271,0.03551626205444336,44.23583984375,55.81489181518555,65.0582310582544,gtDS5rzd6R8/00010,43,6.45
0.9307793378829956,0.8980273008346558,0.035083286464214325,0.055606819689273834,0.9426854252815247,0.8923083543777466,0.8882542252540588,0.16769878566265106,0.04170507192611694,42.36979675292969,61.0604248046875,66.70549788478746,gtDS5rzd6R8/00010,44,6.6
0.9606269001960754,0.9008976817131042,0.01644931361079216,0.04836966469883919,0.9567099809646606,0.9039083123207092,0.904438316822052,0.16874882578849792,0.03578108549118042,36.64409255981445,57.035179138183594,68.64076555081546,gtDS5rzd6R8/00010,45,6.75
0.8592042922973633,0.9474528431892395,0.12611915171146393,0.012234925292432308,0.7971242070198059,0.9699422121047974,0.873397171497345,0.20962120592594147,0.017425239086151123,76.21223449707031,31.558198928833008,49.297174546664095,gtDS5rzd6R8/00011,1,0.15
0.8673368096351624,0.9334761500358582,0.13687486946582794,0.025783780962228775,0.7960352897644043,0.9564104080200195,0.8653082847595215,0.18893371522426605,0.022216081619262695,78.62115478515625,40.22954177856445,51.07503490599684,gtDS5rzd6R8/00011,2,0.3
0.8649339079856873,0.9437267184257507,0.13728547096252441,0.018195301294326782,0.7949941754341125,0.959890604019165,0.8565523624420166,0.194425567984581,0.032072365283966064,79.92839050292969,38.72206497192383,57.34605894454143,gtDS5rzd6R8/00011,3,0.44999999999999996
0.8860555291175842,0.9228984117507935,0.13030192255973816,0.017336102202534676,0.8016552925109863,0.9480406045913696,0.8453937768936157,0.22253061830997467,0.0434572696685791,82.35420989990234,43.71382141113281,58.19266584823953,gtDS5rzd6R8/00011,4,0.6
0.8724684119224548,0.911857008934021,0.15524770319461823,0.035195834934711456,0.7907984852790833,0.9525561928749084,0.84211665391922,0.25430336594581604,0.0479736328125,83.7890396118164,43.76290512084961,65.56106741444579,gtDS5rzd6R8/00011,5,0.75
0.8733658194541931,0.8902245759963989,0.16394996643066406,0.0343569852411747,0.8000377416610718,0.9485580325126648,0.8430343866348267,0.25512582063674927,0.04981487989425659,76.10186004638672,44.7807502746582,74.0112466795809,gtDS5rzd6R8/00011,11,1.65
0.8819007873535156,0.9508963823318481,0.1525108963251114,0.008285515010356903,0.8128865361213684,0.9682377576828003,0.8542080521583557,0.263927698135376,0.04322230815887451,72.58902740478516,34.627384185791016,79.24174056538297,gtDS5rzd6R8/00011,12,1.7999999999999998
0.9577895998954773,0.9576973915100098,0.03937339037656784,0.01587126962840557,0.9181981682777405,0.9466399550437927,0.9324558973312378,0.006129045505076647,0.008539080619812012,50.524864196777344,42.5836067199707,35.884565640156396,gv1ApCmctVQ/00002,14,2.1
0.9275426864624023,0.9330258369445801,0.04051528498530388,0.029668178409337997,0.9062213897705078,0.9131811261177063,0.916301965713501,-0.03780332952737808,0.004681944847106934,54.15376663208008,53.133609771728516,22.303644864913135,gv1ApCmctVQ/00002,15,2.25
0.9317958950996399,0.93248051404953,0.05061909183859825,0.043748486787080765,0.9100126624107361,0.917492151260376,0.9192549586296082,-0.027434639632701874,0.005411922931671143,53.824954986572266,52.91181945800781,24.553865442561165,gv1ApCmctVQ/00002,16,2.4
0.9621480107307434,0.968821108341217,0.043142169713974,0.011176309548318386,0.9458680748939514,0.9661428332328796,0.9558349847793579,0.005860420875251293,0.006009578704833984,39.997276306152344,32.782501220703125,38.99941714993082,gv1ApCmctVQ/00003,5,0.75
0.9101525545120239,0.9649279713630676,0.09097027778625488,0.01222579088062048,0.8795801997184753,0.9689473509788513,0.9082745909690857,0.16158629953861237,0.027128159999847412,59.63929748535156,31.703088760375977,62.832751089201295,gv1ApCmctVQ/00003,6,0.8999999999999999
0.9822510480880737,0.9801427721977234,0.007403136696666479,0.008461295627057552,0.9827359318733215,0.9844544529914856,0.9801535606384277,0.22915995121002197,0.005660057067871094,16.39121437072754,16.619749069213867,61.9395655853196,gv1ApCmctVQ/00004,0,0.0
0.986049234867096,0.9864994883537292,0.006549233570694923,0.002088189357891679,0.9862158894538879,0.9839667677879333,0.9805939793586731,0.22536569833755493,0.006518244743347168,14.833556175231934,16.50952911376953,69.63988944115178,gv1ApCmctVQ/00004,1,0.15
0.9721913933753967,0.9766022562980652,0.015242991968989372,0.006102401297539473,0.9655886292457581,0.9843607544898987,0.9726855754852295,0.150761678814888,0.005634605884552002,33.77290344238281,23.694311141967773,50.685862925875654,gv1ApCmctVQ/00004,7,1.05
0.972322404384613,0.9538288116455078,0.014311673119664192,0.010078530758619308,0.9741377234458923,0.982549786567688,0.9404057264328003,0.4452400803565979,0.04145658016204834,29.343259811401367,24.601627349853516,138.96014156352658,gv1ApCmctVQ/00004,8,1.2
0.9661626815795898,0.9677038192749023,0.019768740981817245,0.015534794889390469,0.9669333100318909,0.9604432582855225,0.9621725678443909,0.08070549368858337,0.005653977394104004,28.105289459228516,32.119136810302734,41.43782604007792,gv1ApCmctVQ/00005,1,0.15
0.9705501794815063,0.9773813486099243,0.013754814863204956,0.00557177048176527,0.9693001508712769,0.977952241897583,0.9724916815757751,0.11960064619779587,0.004578113555908203,30.251605987548828,26.194063186645508,43.015529668833935,gv1ApCmctVQ/00005,2,0.3
0.9786182641983032,0.9766634702682495,0.011233697645366192,0.008221922442317009,0.9802021980285645,0.9707685708999634,0.9733667373657227,0.09481050819158554,0.0050511956214904785,24.520307540893555,29.807693481445312,46.58723099194733,gv1ApCmctVQ/00005,3,0.44999999999999996
0.9785642027854919,0.9676421880722046,0.01335716899484396,0.009912884794175625,0.977572500705719,0.9729788899421692,0.9684648513793945,0.17070633172988892,0.010012030601501465,26.47659683227539,29.72258949279785,65.3400277309082,gv1ApCmctVQ/00005,4,0.6
0.9817509651184082,0.9702093005180359,0.010519621893763542,0.01297527551651001,0.9852883219718933,0.9712448120117188,0.9771535396575928,0.010636615566909313,0.0036398768424987793,20.739900588989258,29.65529441833496,43.102135015410965,gv1ApCmctVQ/00005,37,5.55
0.9811339974403381,0.9712859392166138,0.009037358686327934,0.026030872017145157,0.9795666933059692,0.9589022397994995,0.9674277305603027,0.0038101051468402147,0.00484013557434082,24.509031295776367,35.05984115600586,43.27861047223546,gv1ApCmctVQ/00005,38,5.7
0.9695044159889221,0.9614583849906921,0.01453119982033968,0.021183697506785393,0.9801720380783081,0.9582105875015259,0.9692758917808533,-0.018132289871573448,0.003201007843017578,22.744768142700195,33.97419357299805,33.51644473899586,gv1ApCmctVQ/00005,39,5.85
0.9704008102416992,0.9685332179069519,0.01649381034076214,0.02611125074326992,0.9642298817634583,0.9590814113616943,0.9606558680534363,-0.002699167001992464,0.0056073665618896484,31.25422477722168,34.20381546020508,39.25273690981794,gv1ApCmctVQ/00005,40,6.0
0.9418990015983582,0.9413599967956543,0.03732703626155853,0.059506893157958984,0.9429389238357544,0.9453620910644531,0.9473515152931213,0.02492767944931984,0.00373995304107666,33.82586669921875,34.96128463745117,26.376579745088073,gv1ApCmctVQ/00006,11,1.65
0.9739569425582886,0.9552744030952454,0.010949783027172089,0.03871459886431694,0.9686362147331238,0.9626132249832153,0.9613724946975708,0.11014517396688461,0.008615255355834961,23.95292091369629,27.28351593017578,50.63701577958825,gv1ApCmctVQ/00006,12,1.7999999999999998
0.9729209542274475,0.9526856541633606,0.024415358901023865,0.043207112699747086,0.9603649377822876,0.9520034790039062,0.947953462600708,0.16110368072986603,0.013992667198181152,26.257946014404297,31.963830947875977,58.84614835540433,gv1ApCmctVQ/00006,13,1.95
0.9624475240707397,0.9312558174133301,0.039687734097242355,0.05290251597762108,0.9430521726608276,0.9542085528373718,0.9157242774963379,0.31070637702941895,0.04186570644378662,33.101844787597656,30.552614212036133,89.22410040887979,gv1ApCmctVQ/00006,14,2.1
0.9228312373161316,0.9281556010246277,0.06618614494800568,0.05331582948565483,0.9219300150871277,0.9014719724655151,0.9074715375900269,-0.001326151890680194,0.016593217849731445,34.64640426635742,42.20486068725586,41.65882488680235,gwWrkgV47F0/00001,13,1.95
0.9079093933105469,0.9034973382949829,0.06149574741721153,0.10637130588293076,0.9330524206161499,0.8558869361877441,0.879948616027832,0.030844159424304962,0.030809223651885986,31.25824546813965,53.899024963378906,49.108594543990144,gwWrkgV47F0/00001,14,2.1
0.9479489922523499,0.9073988199234009,0.0512886606156826,0.07290022820234299,0.9256600737571716,0.9027199745178223,0.9017384052276611,0.1289919912815094,0.024494826793670654,35.3873176574707,39.21379852294922,54.9422097845803,gwWrkgV47F0/00001,15,2.25
0.9303314089775085,0.8654756546020508,0.07598815858364105,0.037132300436496735,0.9270355701446533,0.9390339255332947,0.8964347839355469,0.25479385256767273,0.0486719012260437,34.21780776977539,31.73468017578125,89.09264463543427,gwWrkgV47F0/00001,16,2.4
0.9799401760101318,0.9094435572624207,0.020059853792190552,0.08434899151325226,0.9598802328109741,0.897507905960083,0.910531759262085,0.028759492561221123,0.030936717987060547,21.507673263549805,45.142333984375,72.76892912359313,gwWrkgV47F0/00002,2,0.3
0.9895896315574646,0.8932132720947266,0.010410487651824951,0.09230652451515198,0.9791790843009949,0.8976855278015137,0.9034057259559631,0.10935016721487045,0.0420718789100647,17.082162857055664,48.212860107421875,95.06052078021709,gwWrkgV47F0/00002,3,0.44999999999999996
0.9855026602745056,0.9046112895011902,0.014497816562652588,0.07275114208459854,0.971004843711853,0.8787216544151306,0.90421462059021,-0.00040599206113256514,0.03127014636993408,19.597190856933594,49.10615158081055,76.39570965653125,gwWrkgV47F0/00002,4,0.6
0.8664302825927734,0.8439453840255737,0.12485894560813904,0.10642450302839279,0.8244192004203796,0.8690828084945679,0.8490332365036011,0.00011032819747924805,0.019266128540039062,58.189720153808594,50.719520568847656,35.68873884293688,gwWrkgV47F0/00002,10,1.5
0.8524470329284668,0.8434213399887085,0.12748929858207703,0.06791853904724121,0.8212887048721313,0.8911842703819275,0.8574914932250977,0.005093761254101992,0.018835723400115967,60.21353530883789,46.281192779541016,34.573201009958225,gwWrkgV47F0/00002,11,1.65
0.8512601256370544,0.8622070550918579,0.1263461858034134,0.06490669399499893,0.8289129137992859,0.8654724359512329,0.8509129285812378,-0.021554382517933846,0.014667093753814697,55.72452926635742,52.42177200317383,33.62945154397146,gwWrkgV47F0/00002,12,1.7999999999999998
0.9109735488891602,0.88486647605896,0.10437082499265671,0.05438389256596565,0.8649054169654846,0.8946215510368347,0.8652140498161316,0.09615664184093475,0.03385424613952637,52.70067596435547,44.765411376953125,50.79140419402193,gwWrkgV47F0/00002,13,1.95
0.9177306294441223,0.9087485074996948,0.0826842188835144,0.04009174183011055,0.8725718259811401,0.8954702615737915,0.8753111958503723,0.08559272438287735,0.024160385131835938,50.09572219848633,46.93198776245117,43.69541109542955,gwWrkgV47F0/00002,14,2.1
0.9213859438896179,0.9611343145370483,0.0926094651222229,0.008080445230007172,0.8869417309761047,0.9804953932762146,0.9300073385238647,0.1767311990261078,0.01469200849533081,53.967613220214844,23.05860137939453,46.40998833516241,gzcwS02ZB1o/00006,2,0.3
0.8269599080085754,0.8653229475021362,0.11530492454767227,0.016294341534376144,0.8041336536407471,0.955277681350708,0.8695129156112671,0.19095516204833984,0.03040987253189087,77.2994384765625,36.102020263671875,46.54068698615684,gzcwS02ZB1o/00006,3,0.44999999999999996
0.8858301639556885,0.9264643788337708,0.09148678183555603,0.03919786587357521,0.8464967608451843,0.9497590065002441,0.8550364375114441,0.30459290742874146,0.0635066032409668,66.01364135742188,40.95189666748047,80.74227651978686,gzcwS02ZB1o/00006,4,0.6
0.9843602180480957,0.9080933332443237,0.015639692544937134,0.14492453634738922,0.9687206745147705,0.8743703365325928,0.913581371307373,-0.0615447536110878,0.020619511604309082,23.265884399414062,60.71298599243164,49.55732553065021,gzcwS02ZB1o/00009,1,0.15
0.9919958710670471,0.920063853263855,0.008004486560821533,0.1375986635684967,0.9839914441108704,0.8876872658729553,0.9175958633422852,0.03839263319969177,0.0270230770111084,16.793672561645508,60.411800384521484,63.710453065142794,gzcwS02ZB1o/00009,2,0.3
0.98441481590271,0.7997042536735535,0.015585750341415405,0.1424829214811325,0.9688289165496826,0.8604796528816223,0.8155926465988159,0.2949659824371338,0.11950904130935669,22.082197189331055,67.12692260742188,106.46544396667906,gzcwS02ZB1o/00009,3,0.44999999999999996
0.8678473830223083,0.8010940551757812,0.08514837175607681,0.16831828653812408,0.8716132044792175,0.816949188709259,0.8474916815757751,0.03247440978884697,0.01925569772720337,58.55790710449219,73.50784301757812,30.52524095771244,gzcwS02ZB1o/00009,5,0.75
0.8518811464309692,0.7945683002471924,0.13505159318447113,0.1856708824634552,0.8246209025382996,0.7916139960289001,0.8026425838470459,0.09969441592693329,0.035369873046875,69.24750518798828,77.14503479003906,36.92926078598046,gzcwS02ZB1o/00009,6,0.8999999999999999
0.8581995368003845,0.7804704904556274,0.16389316320419312,0.18489819765090942,0.8331736326217651,0.8031448721885681,0.7935381531715393,0.20201845467090607,0.056603074073791504,65.81085968017578,77.05575561523438,48.492123242864096,gzcwS02ZB1o/00009,7,1.05
0.8950146436691284,0.7755563855171204,0.15000638365745544,0.1924460083246231,0.8418025970458984,0.7795569896697998,0.7575356960296631,0.25933149456977844,0.09472990036010742,62.680152893066406,82.9399185180664,60.155192365270295,gzcwS02ZB1o/00009,8,1.2
0.9684192538261414,0.8003857135772705,0.031580984592437744,0.099777452647686,0.9368381500244141,0.8188977837562561,0.8289806842803955,0.13365614414215088,0.0741766095161438,26.187353134155273,58.727027893066406,75.25033613263625,gzcwS02ZB1o/00011,17,2.55
0.9746994972229004,0.84364253282547,0.025300711393356323,0.04038642719388008,0.9493988156318665,0.8530527949333191,0.8487424850463867,0.19196850061416626,0.07651400566101074,22.696062088012695,51.70882797241211,84.22247390151827,gzcwS02ZB1o/00011,18,2.6999999999999997
0.9679515361785889,0.8284136056900024,0.032048583030700684,0.10191994160413742,0.9359029531478882,0.8678184747695923,0.8197647929191589,0.30039286613464355,0.10714775323867798,28.2285213470459,49.03583908081055,108.91334650506289,gzcwS02ZB1o/00011,19,2.85
0.9369707107543945,0.8418156504631042,0.03292587399482727,0.07783450186252594,0.9547277092933655,0.8414316177368164,0.8876664638519287,0.06221766397356987,0.021535396575927734,37.51169204711914,68.50252532958984,47.99024186325296,gzcwS02ZB1o/00011,28,4.2
0.9058013558387756,0.8440227508544922,0.04776965081691742,0.058711107820272446,0.9393802881240845,0.8515564203262329,0.8894383311271667,0.08181136101484299,0.018537938594818115,43.609195709228516,66.30697631835938,43.37274231594965,gzcwS02ZB1o/00011,29,4.35
0.9118866920471191,0.854409396648407,0.04802714288234711,0.08002231270074844,0.9271635413169861,0.8297756910324097,0.8690201640129089,0.0769013836979866,0.02512258291244507,46.727294921875,72.3727035522461,42.76860921615497,gzcwS02ZB1o/00011,30,4.5
0.8873051404953003,0.8416897654533386,0.06170639023184776,0.08303526788949966,0.9149166941642761,0.8453348875045776,0.8656826019287109,0.12467531859874725,0.031251609325408936,51.53857421875,69.9479751586914,48.480415744941396,gzcwS02ZB1o/00011,31,4.6499999999999995
0.8999373316764832,0.8193270564079285,0.052725695073604584,0.0922137200832367,0.9269344806671143,0.8289666771888733,0.8606460690498352,0.09583478420972824,0.034769535064697266,45.796600341796875,74.45285034179688,47.19895397729706,gzcwS02ZB1o/00011,32,4.8
0.8887948393821716,0.8520334959030151,0.059154391288757324,0.0747300386428833,0.9120779633522034,0.835384726524353,0.847289502620697,0.1396028995513916,0.04530823230743408,50.28566360473633,70.85736846923828,53.70068912717296,gzcwS02ZB1o/00011,33,4.95
0.8633695840835571,0.8500949144363403,0.07777383178472519,0.07905690371990204,0.9081635475158691,0.856502890586853,0.8527529239654541,0.17619705200195312,0.046758174896240234,50.29877853393555,67.41796875,56.50398573781106,gzcwS02ZB1o/00011,34,5.1
0.8970651030540466,0.8323706388473511,0.06147450953722,0.07018425315618515,0.8960486054420471,0.8627247214317322,0.8449755311012268,0.18772399425506592,0.054748594760894775,55.55504608154297,64.03189849853516,60.64799191283263,gzcwS02ZB1o/00011,35,5.25
0.8496208786964417,0.8854973912239075,0.09110550582408905,0.07080129534006119,0.8590195178985596,0.8927752375602722,0.8520949482917786,0.17346449196338654,0.04349309206008911,64.46102905273438,54.86644744873047,54.53787434449898,gzcwS02ZB1o/00011,36,5.3999999999999995
0.893779456615448,0.9180434346199036,0.08255186676979065,0.06700693815946579,0.886916995048523,0.8862776160240173,0.867538571357727,0.14287030696868896,0.03583788871765137,56.85780334472656,56.382843017578125,53.507176099376565,gzcwS02ZB1o/00011,37,5.55
0.9062277674674988,0.9210279583930969,0.08265824615955353,0.0507974699139595,0.8691914081573486,0.9100193381309509,0.8950698375701904,0.001654297113418579,0.009103596210479736,59.07146072387695,48.47874069213867,26.36454678129132,gzcwS02ZB1o/00014,54,8.1
0.8678337335586548,0.8848295211791992,0.11143538355827332,0.065510094165802,0.8294448852539062,0.879895031452179,0.8609717488288879,0.005384373012930155,0.013780653476715088,67.8154525756836,55.108516693115234,27.120270190556067,gzcwS02ZB1o/00014,55,8.25
0.9030501246452332,0.8950994610786438,0.0883713811635971,0.08179987967014313,0.8664485216140747,0.8807048201560974,0.8715072870254517,0.03652021288871765,0.019695639610290527,57.93427658081055,54.9173583984375,35.53652840011618,gzcwS02ZB1o/00014,56,8.4
0.9070647358894348,0.9398209452629089,0.08216623961925507,0.02218414656817913,0.872877836227417,0.9631919264793396,0.915743350982666,0.08222473412752151,0.0136946439743042,61.02240753173828,33.7197151184082,40.04214918863132,gzcwS02ZB1o/00014,65,9.75
0.8789001107215881,0.9292117953300476,0.10797537118196487,0.0319393016397953,0.8317685127258301,0.9482843279838562,0.8751161098480225,0.1481870859861374,0.031140923500061035,71.28057098388672,37.5855827331543,48.49473224479672,gzcwS02ZB1o/00014,66,9.9
0.8769315481185913,0.9124855995178223,0.10612613707780838,0.02137221023440361,0.8196990489959717,0.9441377520561218,0.8433745503425598,0.2359590232372284,0.05950474739074707,67.99441528320312,38.98773956298828,64.87866457639572,gzcwS02ZB1o/00014,67,10.049999999999999
0.8555736541748047,0.8923255205154419,0.10854247212409973,0.016720399260520935,0.7973875999450684,0.9355717301368713,0.8104681968688965,0.2532942295074463,0.08573687076568604,70.57304382324219,37.35888671875,69.61988390352694,gzcwS02ZB1o/00014,68,10.2
0.989362359046936,0.9238659739494324,0.010638028383255005,0.059381742030382156,0.9787242412567139,0.929174542427063,0.9280003905296326,0.1619148552417755,0.03378129005432129,19.792476654052734,45.811004638671875,95.24776763560844,gzcwS02ZB1o/00016,10,1.5
0.9688029289245605,0.9303144812583923,0.031197071075439453,0.034174881875514984,0.937605619430542,0.9363312721252441,0.9281699061393738,0.16993504762649536,0.027893483638763428,31.8447322845459,44.59815979003906,73.57478367685685,gzcwS02ZB1o/00016,11,1.65
0.9795140027999878,0.8937815427780151,0.02048671245574951,0.04428858309984207,0.9590271711349487,0.9275606870651245,0.8740158677101135,0.35409969091415405,0.08573830127716064,28.028078079223633,47.971580505371094,129.98768670174476,gzcwS02ZB1o/00016,12,1.7999999999999998
0.9460767507553101,0.8948336839675903,0.028687559068202972,0.060032572597265244,0.9546040892601013,0.8982008695602417,0.9207690358161926,0.12389560043811798,0.015196025371551514,39.20262908935547,54.628150939941406,50.196134461115335,gzcwS02ZB1o/00016,13,1.95
0.8812997937202454,0.8489164113998413,0.0633215382695198,0.0501437708735466,0.9160787463188171,0.8787418603897095,0.8798354268074036,0.16698895394802094,0.03237152099609375,52.38369369506836,64.35994720458984,52.450894659175894,gzcwS02ZB1o/00016,14,2.1
0.9078187942504883,0.8638047575950623,0.04728752002120018,0.05611900985240936,0.9367944002151489,0.887333333492279,0.8721231818199158,0.3022976517677307,0.0555567741394043,46.5222282409668,61.05329513549805,77.15535956882222,gzcwS02ZB1o/00016,15,2.25
0.9121355414390564,0.8736193180084229,0.047831110656261444,0.1006939634680748,0.9191323518753052,0.823909342288971,0.8552134037017822,0.0915803536772728,0.03714197874069214,38.01371765136719,61.48200607299805,47.89092919525776,gzcwS02ZB1o/00016,22,3.3
0.9085768461227417,0.9064698815345764,0.05421564355492592,0.02688676118850708,0.9241045713424683,0.9091231226921082,0.9147087931632996,0.05350962653756142,0.013531327247619629,37.9886589050293,43.07959747314453,40.44779491192329,gzcwS02ZB1o/00016,23,3.4499999999999997
0.9579480290412903,0.925751268863678,0.025438664481043816,0.033968329429626465,0.9563289880752563,0.9034223556518555,0.9154462814331055,0.1346527487039566,0.023523688316345215,27.048364639282227,41.73764419555664,59.1425517352893,gzcwS02ZB1o/00016,24,3.5999999999999996
0.9410701394081116,0.9063575267791748,0.035201217979192734,0.026812350377440453,0.9394915699958801,0.9044740200042725,0.9146084189414978,0.0856427401304245,0.01863008737564087,30.624969482421875,41.5897331237793,50.457514983239776,gzcwS02ZB1o/00016,25,3.75
0.9023887515068054,0.855250358581543,0.049693796783685684,0.021767793223261833,0.9177256226539612,0.9339276552200317,0.8926964402198792,0.25970157980918884,0.04422640800476074,38.30026626586914,30.590070724487305,85.84347691794599,gzcwS02ZB1o/00016,26,3.9
0.8915801644325256,0.8603422045707703,0.06281185150146484,0.024213621392846107,0.9182121753692627,0.9172544479370117,0.8739117980003357,0.26661255955696106,0.05988764762878418,37.16110610961914,37.00364303588867,85.99246688765982,gzcwS02ZB1o/00016,27,4.05
0.9791182279586792,0.840542733669281,0.020882248878479004,0.16379636526107788,0.9582356214523315,0.8001267313957214,0.8571674823760986,-0.14921972155570984,0.03595423698425293,24.346538543701172,72.98717498779297,52.54250262136376,gzcwS02ZB1o/00018,1,0.15
0.9824262857437134,0.8364233374595642,0.017573952674865723,0.13038370013237,0.9648522734642029,0.7919787168502808,0.8403320908546448,-0.007815446704626083,0.05374038219451904,22.831480026245117,74.66740417480469,63.57726517288618,gzcwS02ZB1o/00018,2,0.3
0.9879117608070374,0.8588902950286865,0.012088179588317871,0.12513002753257751,0.9758233428001404,0.8036978840827942,0.8611319065093994,-0.0031186870764940977,0.04255056381225586,19.641115188598633,72.43458557128906,64.91614915182281,gzcwS02ZB1o/00018,3,0.44999999999999996
0.8311083912849426,0.8623520135879517,0.15977439284324646,0.07531746476888657,0.7270293831825256,0.8863512873649597,0.8007122874259949,0.09607219696044922,0.03558790683746338,82.84236145019531,54.92326736450195,39.101802324602474,gzcwS02ZB1o/00018,5,0.75
0.7888197898864746,0.8832909464836121,0.16619886457920074,0.0806843712925911,0.6850025057792664,0.890715479850769,0.7687726020812988,0.13735522329807281,0.054210782051086426,91.3225326538086,53.929893493652344,44.514818619802874,gzcwS02ZB1o/00018,6,0.8999999999999999
0.8314353227615356,0.9116129875183105,0.16887159645557404,0.0933932438492775,0.7369224429130554,0.8799476623535156,0.7965596914291382,0.08154547214508057,0.041932106018066406,84.64093780517578,57.83815002441406,39.99905842639857,gzcwS02ZB1o/00018,11,1.65
0.744667112827301,0.8917037844657898,0.1872684210538864,0.055612511932849884,0.6880486011505127,0.8711387515068054,0.7381645441055298,0.141105517745018,0.08551692962646484,89.7365951538086,54.05148696899414,50.667038238747786,gzcwS02ZB1o/00018,12,1.7999999999999998
0.7606722116470337,0.8829060792922974,0.19059063494205475,0.09330882132053375,0.6869352459907532,0.8588564395904541,0.716350257396698,0.15081895887851715,0.1099017858505249,88.38172149658203,56.419410705566406,55.38719257480597,gzcwS02ZB1o/00018,13,1.95
0.8982563614845276,0.82036954164505,0.056943219155073166,0.18217451870441437,0.9226069450378418,0.7629967927932739,0.8409984707832336,0.022247519344091415,0.02046370506286621,47.43186950683594,81.86864471435547,37.433792523778955,gzcwS02ZB1o/00019,7,1.05
0.9339589476585388,0.8170811533927917,0.04063500463962555,0.17355060577392578,0.9367910027503967,0.7649831175804138,0.8315606713294983,0.08553044497966766,0.03837251663208008,41.065818786621094,83.2582015991211,46.129392134135266,gzcwS02ZB1o/00019,8,1.2
0.8404846787452698,0.8604542016983032,0.21381662786006927,0.17724281549453735,0.7237842679023743,0.7927696108818054,0.7819544076919556,0.006068708375096321,0.012439429759979248,75.90554809570312,66.62962341308594,19.404814375998573,gzcwS02ZB1o/00024,2,0.3
0.8292810916900635,0.8719326257705688,0.20160548388957977,0.17153604328632355,0.7148013710975647,0.8064182996749878,0.7782272100448608,0.036541204899549484,0.019115805625915527,80.35093688964844,63.60356521606445,23.627841636420996,gzcwS02ZB1o/00024,3,0.44999999999999996
0.8276175856590271,0.8831518292427063,0.19123224914073944,0.15706884860992432,0.7081360220909119,0.8325933814048767,0.7813701629638672,0.034094277769327164,0.02434593439102173,90.7411880493164,72.19065856933594,31.146386811596674,gzcwS02ZB1o/00024,15,2.25
0.8331937193870544,0.8663903474807739,0.15577176213264465,0.1296323835849762,0.7331275939941406,0.8332785964012146,0.7999330759048462,0.001203516498208046,0.01733607053756714,85.79220581054688,70.41348266601562,25.489632769981245,gzcwS02ZB1o/00024,16,2.4
0.8666622042655945,0.8904852867126465,0.11702755838632584,0.09514170140028,0.7701218128204346,0.8408518433570862,0.8251928091049194,-0.024544572457671165,0.009083211421966553,79.03809356689453,67.8182373046875,19.37455919689533,gzcwS02ZB1o/00024,17,2.55
0.8911163210868835,0.9293158650398254,0.12616413831710815,0.09660395979881287,0.8028228878974915,0.8948150873184204,0.8596030473709106,0.02582084760069847,0.011674165725708008,71.63166046142578,54.005104064941406,26.994843927402272,gzcwS02ZB1o/00024,18,2.6999999999999997
0.9820441007614136,0.9729002118110657,0.008085798472166061,0.009740321896970272,0.9838343858718872,0.9832680821418762,0.9791426658630371,0.2425743043422699,0.0064508914947509766,22.693925857543945,23.525053024291992,65.38529718591685,gzcwS02ZB1o/00026,1,0.15
0.9593256711959839,0.9523440599441528,0.018976492807269096,0.014237679541110992,0.9658622741699219,0.9646537899971008,0.9587025046348572,0.22198708355426788,0.011101365089416504,32.43989944458008,33.29327392578125,60.220688201565736,gzcwS02ZB1o/00026,2,0.3
0.9527493119239807,0.9059168696403503,0.026345036923885345,0.015207931399345398,0.968696117401123,0.9592477679252625,0.9477891325950623,0.2818138003349304,0.02114635705947876,30.7935791015625,36.74005889892578,81.52751117619117,gzcwS02ZB1o/00026,3,0.44999999999999996
0.9483782649040222,0.9006648063659668,0.0259038507938385,0.015373711474239826,0.9651601910591125,0.9747370481491089,0.9362306594848633,0.4185289442539215,0.038090407848358154,32.90953063964844,28.512819290161133,115.98984926727229,gzcwS02ZB1o/00026,4,0.6
0.983394205570221,0.9091944098472595,0.016605794429779053,0.037122320383787155,0.9667883515357971,0.9465059041976929,0.9036885499954224,0.2930935323238373,0.06695091724395752,16.060081481933594,32.628719329833984,139.99309873027738,gzcwS02ZB1o/00027,4,0.6
0.9877194762229919,0.920000433921814,0.012280762195587158,0.03296351060271263,0.9754384756088257,0.9293855428695679,0.9271396398544312,0.10979219526052475,0.036077678203582764,14.425691604614258,35.25971221923828,88.58741751920643,gzcwS02ZB1o/00027,5,0.75
0.9836090803146362,0.8963213562965393,0.016391128301620483,0.039711855351924896,0.9672181010246277,0.9147477149963379,0.9098675847053528,0.09992562979459763,0.044609129428863525,16.3348388671875,37.105812072753906,86.74976404096856,gzcwS02ZB1o/00027,6,0.8999999999999999
0.967949628829956,0.8732683062553406,0.032050490379333496,0.09268167614936829,0.9358991384506226,0.8762127757072449,0.8700417280197144,0.1139393001794815,0.06320762634277344,22.5871639251709,49.37649154663086,76.74470232917687,gzcwS02ZB1o/00027,7,1.05
0.9744961857795715,0.9259526133537292,0.02550405263900757,0.03123721294105053,0.948992133140564,0.9312423467636108,0.9108574986457825,0.2485768347978592,0.04752349853515625,20.795772552490234,31.058303833007812,103.07320947428516,gzcwS02ZB1o/00027,8,1.2
0.8503314852714539,0.8269060850143433,0.08105059713125229,0.041568439453840256,0.832085907459259,0.8666719198226929,0.8426699042320251,0.07184553146362305,0.027703702449798584,55.8227653503418,46.371646881103516,38.904803019753246,gzcwS02ZB1o/00027,14,2.1
0.8393022418022156,0.8264527320861816,0.09733781218528748,0.0674944519996643,0.8036546111106873,0.7962108254432678,0.8030866980552673,0.01019173115491867,0.02245861291885376,64.71251678466797,63.323974609375,31.98966098817799,gzcwS02ZB1o/00027,15,2.25
0.8661952614784241,0.8617823719978333,0.07481682300567627,0.04446718469262123,0.886451005935669,0.8968003988265991,0.8545190095901489,0.18406441807746887,0.05366098880767822,50.34110641479492,42.82194519042969,68.34255928048819,gzcwS02ZB1o/00027,16,2.4
0.9788269400596619,0.9693357348442078,0.009994915686547756,0.01216792594641447,0.9837292432785034,0.959613025188446,0.971528172492981,0.03892343491315842,0.0033707618713378906,16.747337341308594,26.643714904785156,38.186513368301654,h0dSQDgl3gI/00001,10,1.5
0.9531615376472473,0.9556520581245422,0.02939629927277565,0.022266874089837074,0.9665577411651611,0.9631903767585754,0.9618955254554749,0.04760679230093956,0.007244408130645752,23.150461196899414,24.72823143005371,50.761510834418914,h0dSQDgl3gI/00001,11,1.65
0.9757267832756042,0.967873752117157,0.015556843020021915,0.012985732406377792,0.9733752012252808,0.9733336567878723,0.9716149568557739,0.07184013724327087,0.005128979682922363,20.585416793823242,21.622692108154297,49.19649264120888,h0dSQDgl3gI/00001,12,1.7999999999999998
0.9842907786369324,0.963421106338501,0.01570945978164673,0.019607646390795708,0.9685811996459961,0.9665546417236328,0.9630895853042603,0.043411705642938614,0.013950765132904053,17.48467254638672,26.94189453125,73.13914312916211,h0dSQDgl3gI/00001,15,2.25
0.9732353091239929,0.9458567500114441,0.02676492929458618,0.027878204360604286,0.9464703798294067,0.9662572145462036,0.9363806247711182,0.24719272553920746,0.03485119342803955,23.61665153503418,26.130413055419922,108.56079491154769,h0dSQDgl3gI/00001,16,2.4
0.9770488739013672,0.8840104341506958,0.009908613748848438,0.1915142834186554,0.9879157543182373,0.8162729740142822,0.8966312408447266,0.00902467966079712,0.015720009803771973,15.733406066894531,63.052364349365234,41.419915703156136,h0dSQDgl3gI/00002,3,0.44999999999999996
0.9840673804283142,0.8935750722885132,0.007365364581346512,0.1865549236536026,0.9862452745437622,0.8181418776512146,0.8959197998046875,0.030358096584677696,0.017610251903533936,16.40534782409668,63.13806915283203,41.61542602943087,h0dSQDgl3gI/00002,4,0.6
0.9783020615577698,0.8873109817504883,0.011514573357999325,0.17652766406536102,0.9831494688987732,0.8179387450218201,0.8913210034370422,0.035321321338415146,0.02206432819366455,17.072866439819336,64.18123626708984,41.47811245450708,h0dSQDgl3gI/00002,5,0.75
0.987433135509491,0.8846772909164429,0.007255748845636845,0.19609642028808594,0.9868922233581543,0.8145666122436523,0.8889980316162109,0.059545326977968216,0.02470266819000244,15.555479049682617,66.41219329833984,43.81169180563164,h0dSQDgl3gI/00002,6,0.8999999999999999
0.9853881597518921,0.8911879658699036,0.008985821157693863,0.16648820042610168,0.9783151745796204,0.8171892166137695,0.8900219798088074,0.02692427858710289,0.020825624465942383,19.57328224182129,67.12741088867188,38.1766527111335,h0dSQDgl3gI/00002,21,3.15
0.8875911831855774,0.8722015619277954,0.0661686360836029,0.14871074259281158,0.9241440892219543,0.7842868566513062,0.8292214274406433,0.06555983424186707,0.05079764127731323,36.31096649169922,69.33345794677734,50.031024172144654,h0dSQDgl3gI/00002,22,3.3
0.9477458596229553,0.9029129147529602,0.029164593666791916,0.1541188806295395,0.9501082897186279,0.8262471556663513,0.8743111491203308,0.04085790738463402,0.031780362129211426,29.101200103759766,64.04303741455078,44.91390926387184,h0dSQDgl3gI/00002,23,3.4499999999999997
0.9283967614173889,0.8782706260681152,0.036246757954359055,0.14446380734443665,0.9349137544631958,0.7989116907119751,0.8638078570365906,0.01924765482544899,0.022905051708221436,33.72544860839844,67.59114837646484,37.22669827123644,h0dSQDgl3gI/00002,24,3.5999999999999996
0.9716793894767761,0.8866562843322754,0.015861304476857185,0.1706237941980362,0.9653271436691284,0.813199520111084,0.8878158926963806,-0.02427022159099579,0.016248226165771484,24.061891555786133,64.69026184082031,33.20395246728622,h0dSQDgl3gI/00002,25,3.75
0.9713751673698425,0.9676192402839661,0.01521362829953432,0.012010921724140644,0.9805793762207031,0.9836469888687134,0.9800991415977478,0.19001618027687073,0.004351139068603516,18.4532527923584,17.109352111816406,56.20948380618259,h0dSQDgl3gI/00003,1,0.15
0.9809347987174988,0.9820674657821655,0.01077625248581171,0.006411351729184389,0.9842655658721924,0.9864467978477478,0.9841440320014954,0.17521019279956818,0.0029402971267700195,16.26768684387207,16.45596694946289,48.8144228458727,h0dSQDgl3gI/00003,2,0.3
0.9478393197059631,0.9467662572860718,0.026946116238832474,0.013137998059391975,0.9690912961959839,0.9812060594558716,0.9709535837173462,0.23091280460357666,0.007376134395599365,22.85984992980957,19.807817459106445,67.21228628098069,h0dSQDgl3gI/00003,3,0.44999999999999996
0.9636210203170776,0.9259880781173706,0.022166477516293526,0.012756590731441975,0.9756550788879395,0.9723071455955505,0.9521931409835815,0.37406009435653687,0.025273561477661133,21.885704040527344,22.386903762817383,110.94755889127134,h0dSQDgl3gI/00003,4,0.6
0.9826883673667908,0.9140521287918091,0.007158493157476187,0.030745113268494606,0.9850016236305237,0.9533810019493103,0.933748185634613,0.3881366550922394,0.040145933628082275,17.286529541015625,30.682729721069336,123.8762533952402,h0dSQDgl3gI/00003,5,0.75
0.9699772596359253,0.9357382655143738,0.014516874216496944,0.016280118376016617,0.9732747673988342,0.965726912021637,0.9414121508598328,0.37509822845458984,0.03263533115386963,23.56951141357422,26.07652473449707,112.65236000237418,h0dSQDgl3gI/00003,6,0.8999999999999999
0.9513689875602722,0.9561420679092407,0.025029856711626053,0.011967059224843979,0.9600897431373596,0.9744232892990112,0.9521731734275818,0.2928425967693329,0.0202789306640625,28.052841186523438,24.18104362487793,87.03100325015068,h0dSQDgl3gI/00003,7,1.05
0.9365807771682739,0.9013155102729797,0.03993566334247589,0.019915737211704254,0.9605860114097595,0.9662648439407349,0.9298983812332153,0.3660479784011841,0.03923457860946655,28.15540313720703,27.576568603515625,113.11129578399904,h0dSQDgl3gI/00003,8,1.2
0.9398160576820374,0.9034059643745422,0.036012809723615646,0.02577124908566475,0.9655916094779968,0.9690109491348267,0.9189972877502441,0.44704705476760864,0.05477708578109741,26.3392391204834,25.25079917907715,140.17760747271575,h0dSQDgl3gI/00003,9,1.3499999999999999
0.9868289232254028,0.9523476362228394,0.006388324312865734,0.023423023521900177,0.9909863471984863,0.9626551270484924,0.9556697010993958,0.32408708333969116,0.02457880973815918,12.159842491149902,27.642528533935547,111.95772973436587,h0dSQDgl3gI/00003,10,1.5
0.9885745048522949,0.9542314410209656,0.005720697809010744,0.015030333772301674,0.9920888543128967,0.9817299842834473,0.9695346355438232,0.443928986787796,0.01894557476043701,10.876283645629883,19.5966739654541,154.60908849560994,h0dSQDgl3gI/00003,11,1.65
0.9508858323097229,0.944506049156189,0.0396425798535347,0.019025949761271477,0.9589741826057434,0.9681950211524963,0.9267417788505554,0.3516961336135864,0.04328113794326782,28.74393653869629,23.541101455688477,118.10085135478437,h0dSQDgl3gI/00003,17,2.55
0.9603080749511719,0.9546526074409485,0.035803794860839844,0.005821734666824341,0.9584014415740967,0.9768514037132263,0.9463056325912476,0.34052392840385437,0.026745855808258057,31.44400405883789,20.10447120666504,98.67167352387389,h0dSQDgl3gI/00003,18,2.6999999999999997
0.9777081608772278,0.9837970733642578,0.035015229135751724,0.004338652826845646,0.9697326421737671,0.9857328534126282,0.973662793636322,0.2500712275505066,0.006667137145996094,22.310087203979492,17.532150268554688,83.0945644664904,h0dSQDgl3gI/00003,19,2.85
0.97808438539505,0.9816187620162964,0.03411092609167099,0.003862001234665513,0.9695512652397156,0.985930860042572,0.9634871482849121,0.3193303644657135,0.016207575798034668,22.7656307220459,17.117755889892578,102.89956676323094,h0dSQDgl3gI/00003,20,3.0
0.9785758256912231,0.9797430634498596,0.009111741557717323,0.011785897426307201,0.9863948822021484,0.9758061170578003,0.9783254265785217,0.2015264928340912,0.005171775817871094,16.716569900512695,21.798931121826172,63.29159215254884,h0dSQDgl3gI/00004,3,0.44999999999999996
0.9438669085502625,0.9593454599380493,0.030439985916018486,0.03775671496987343,0.9673033356666565,0.9582549929618835,0.9594356417655945,0.17673847079277039,0.00845426321029663,26.059249877929688,29.880840301513672,55.972864984570315,h0dSQDgl3gI/00004,4,0.6
0.9831822514533997,0.9639155864715576,0.007482481654733419,0.024911710992455482,0.9883126616477966,0.9670482873916626,0.9749947786331177,0.15676553547382355,0.005819499492645264,13.15755558013916,23.713590621948242,56.465463459297126,h0dSQDgl3gI/00004,5,0.75
0.9625611305236816,0.97480309009552,0.020128535106778145,0.007572355214506388,0.9747546911239624,0.9853178858757019,0.9531938433647156,0.379769891500473,0.03115302324295044,21.42296028137207,15.249152183532715,139.39660561767684,h0dSQDgl3gI/00004,10,1.5
0.9718633890151978,0.9649826288223267,0.013461838476359844,0.0277217049151659,0.9755533337593079,0.9457083940505981,0.9594260454177856,0.11994520574808121,0.006070852279663086,20.64430046081543,31.085811614990234,44.85278979340946,h0dSQDgl3gI/00004,11,1.65
0.979107677936554,0.9812096357345581,0.010948644950985909,0.005304275546222925,0.9847549200057983,0.9837921857833862,0.982772171497345,0.12244220077991486,0.0038045644760131836,17.587581634521484,16.938602447509766,56.255731797497816,h0dSQDgl3gI/00004,15,2.25
0.9860553741455078,0.9785085916519165,0.005764806643128395,0.015905387699604034,0.9867787957191467,0.976012110710144,0.9802945852279663,0.1098385825753212,0.003601670265197754,15.154488563537598,19.647403717041016,48.73586991561415,h0dSQDgl3gI/00004,16,2.4
0.9795582890510559,0.9686843156814575,0.011922916397452354,0.010381867177784443,0.9735207557678223,0.9621931910514832,0.9604269862174988,0.11722846329212189,0.012794435024261475,19.45231819152832,25.287221908569336,67.42421375708662,h0dSQDgl3gI/00004,17,2.55
0.9569800496101379,0.9637892246246338,0.022378113120794296,0.008617421612143517,0.9550682902336121,0.9779214262962341,0.9564598798751831,0.19792540371418,0.014948904514312744,25.373525619506836,18.213895797729492,75.94557136280038,h0dSQDgl3gI/00004,18,2.6999999999999997
0.9773245453834534,0.9417620897293091,0.01261298917233944,0.11650332063436508,0.9769482612609863,0.9067106246948242,0.9415337443351746,0.021147727966308594,0.007932722568511963,19.07815170288086,43.06757354736328,34.74789679256874,h0dSQDgl3gI/00005,2,0.3
0.969944179058075,0.9335409998893738,0.019786739721894264,0.11413905024528503,0.9688189625740051,0.8934147953987122,0.9303281307220459,-0.021551312878727913,0.010638415813446045,23.416484832763672,47.47140121459961,36.34892869773267,h0dSQDgl3gI/00005,3,0.44999999999999996
0.989795446395874,0.9300985336303711,0.010204702615737915,0.11900639533996582,0.9795905351638794,0.9014949202537537,0.9331712126731873,-0.1199292317032814,0.016934990882873535,15.139904022216797,46.269187927246094,52.56695041705208,h0dSQDgl3gI/00005,4,0.6
0.9843429923057556,0.9096492528915405,0.015657246112823486,0.1169791892170906,0.9686856269836426,0.9020856618881226,0.9240982532501221,-0.054815370589494705,0.02355748414993286,16.879587173461914,46.862300872802734,56.25549543759955,h0dSQDgl3gI/00005,5,0.75
0.9542869329452515,0.890196681022644,0.031812634319067,0.14776787161827087,0.9515249133110046,0.8721342086791992,0.907431423664093,0.034488074481487274,0.01680934429168701,27.66753578186035,53.08839416503906,39.33731454628179,h0dSQDgl3gI/00005,6,0.8999999999999999
0.9859045743942261,0.9875558614730835,0.007618787698447704,0.003184193978086114,0.9859187602996826,0.9922868609428406,0.9882720112800598,0.17926061153411865,0.0022628307342529297,13.22232723236084,9.8864164352417,52.69352071031957,h0dSQDgl3gI/00006,3,0.44999999999999996
0.9746844172477722,0.9754539728164673,0.015509949065744877,0.011544127017259598,0.9831626415252686,0.9747704267501831,0.9764798879623413,0.13851553201675415,0.0048029422760009766,15.023503303527832,18.831167221069336,56.61675356905702,h0dSQDgl3gI/00006,4,0.6
0.9797934293746948,0.9851511120796204,0.012478332966566086,0.005799151491373777,0.9808467030525208,0.9891455173492432,0.9838952422142029,0.16194893419742584,0.003206610679626465,17.37684440612793,13.180013656616211,53.2812092914811,h0dSQDgl3gI/00006,5,0.75
0.9157770276069641,0.973677933216095,0.1576465517282486,0.011125522665679455,0.8415742516517639,0.9767900109291077,0.9116003513336182,0.13047239184379578,0.013294219970703125,57.027587890625,19.587142944335938,38.1569874430444,h0dSQDgl3gI/00006,21,3.15
0.9127494096755981,0.9694339632987976,0.12020137906074524,0.011363422498106956,0.8482109904289246,0.9703133702278137,0.9124707579612732,0.0916617214679718,0.013462543487548828,56.23920440673828,21.378278732299805,34.47785163566645,h0dSQDgl3gI/00006,22,3.3
0.9152069687843323,0.9525710940361023,0.11603786796331406,0.021842695772647858,0.8568522930145264,0.9727859497070312,0.9088962078094482,0.13536755740642548,0.02382349967956543,53.75686264038086,20.481813430786133,47.979494538358615,h0dSQDgl3gI/00006,23,3.4499999999999997
0.9026631712913513,0.9630590677261353,0.16872049868106842,0.010014587081968784,0.8294034600257874,0.984869122505188,0.8926207423210144,0.25441408157348633,0.032643795013427734,59.08543395996094,14.819950103759766,52.987806465185145,h0dSQDgl3gI/00006,37,5.55
0.9100554585456848,0.9679921269416809,0.1785372793674469,0.0037990338169038296,0.8350772857666016,0.9735275506973267,0.8991617560386658,0.1469830721616745,0.023269951343536377,57.084007263183594,20.94539451599121,47.28513145333109,h0dSQDgl3gI/00006,38,5.7
0.9837480187416077,0.9645625948905945,0.00823933631181717,0.052430201321840286,0.9836422204971313,0.953129231929779,0.9648554921150208,0.09053677320480347,0.007769227027893066,15.941542625427246,29.7382869720459,49.668779661930806,h0dSQDgl3gI/00008,17,2.55
0.9393220543861389,0.9239314794540405,0.03309067711234093,0.06018659472465515,0.9488918781280518,0.9156357049942017,0.9303938746452332,0.03671088069677353,0.011606335639953613,26.62397003173828,39.81209945678711,42.321789046525254,h0dSQDgl3gI/00008,18,2.6999999999999997
0.981530487537384,0.9110146760940552,0.00985201820731163,0.04896591231226921,0.9837793707847595,0.8887189030647278,0.9243236184120178,0.16305962204933167,0.01924455165863037,14.18384838104248,43.39901351928711,52.63751944675265,h0dSQDgl3gI/00008,19,2.85
0.9814585447311401,0.9031537771224976,0.008027661591768265,0.05669907107949257,0.9767721891403198,0.9057261347770691,0.9002234935760498,0.29802995920181274,0.04743456840515137,19.363229751586914,41.038265228271484,93.27013606533669,h0dSQDgl3gI/00008,20,3.0
0.9898285269737244,0.9213255643844604,0.005395791027694941,0.05577559396624565,0.9881319999694824,0.9140335917472839,0.916716456413269,0.34168532490730286,0.0385165810585022,13.607556343078613,39.93757629394531,95.67294451249155,h0dSQDgl3gI/00008,21,3.15
0.9823480248451233,0.9543415904045105,0.00912035908550024,0.056294482201337814,0.9851381182670593,0.943111777305603,0.9434404373168945,0.30244511365890503,0.026507258415222168,14.613724708557129,34.61796951293945,83.71899878649253,h0dSQDgl3gI/00008,22,3.3
0.9766958951950073,0.9458549618721008,0.012328876182436943,0.009197178296744823,0.9813629984855652,0.985168993473053,0.9680036306381226,0.289164662361145,0.017563343048095703,18.59745979309082,17.01827621459961,106.43141005775202,h0dSQDgl3gI/00008,45,6.75
0.9829668998718262,0.9536724090576172,0.009474937804043293,0.013917692936956882,0.98505038022995,0.9748801589012146,0.9500953555107117,0.3735067844390869,0.032978355884552,16.35263442993164,21.03792381286621,136.1091990440805,h0dSQDgl3gI/00008,46,6.8999999999999995
0.9787418246269226,0.9562335014343262,0.012728971429169178,0.014819641597568989,0.9824227690696716,0.9756525754928589,0.9675694108009338,0.23710644245147705,0.014632582664489746,15.45862102508545,21.805397033691406,102.9087012939676,h0dSQDgl3gI/00008,47,7.05
0.9857127070426941,0.9582928419113159,0.00735046761110425,0.006765219382941723,0.9835453033447266,0.9517526626586914,0.9560322165489197,0.19815638661384583,0.01568514108657837,16.966630935668945,28.643173217773438,77.38357924751908,h0dSQDgl3gI/00008,48,7.199999999999999
0.9744078516960144,0.9300330281257629,0.01495450735092163,0.01433596946299076,0.9735719561576843,0.9776603579521179,0.9455225467681885,0.34296542406082153,0.034168362617492676,20.45427703857422,19.947961807250977,124.03369436183637,h0dSQDgl3gI/00008,49,7.35
0.9818213582038879,0.9189146161079407,0.008933721110224724,0.012281769886612892,0.9807156324386597,0.9863517880439758,0.9228627681732178,0.558013916015625,0.06388980150222778,15.95824909210205,13.260886192321777,213.01192076575614,h0dSQDgl3gI/00008,60,9.0
0.9774972796440125,0.9265297651290894,0.012544333934783936,0.022663414478302002,0.9784518480300903,0.9689600467681885,0.9123386144638062,0.4657323360443115,0.06649208068847656,17.505855560302734,20.157670974731445,172.80575426948207,h0dSQDgl3gI/00008,61,9.15
0.9606687426567078,0.9662286639213562,0.02583300694823265,0.009922183118760586,0.9676805138587952,0.9827389121055603,0.9764625430107117,0.05900580435991287,0.0023860931396484375,21.177583694458008,15.942167282104492,33.511033995453204,h0dSQDgl3gI/00010,4,0.6
0.9595474600791931,0.9607439041137695,0.020411400124430656,0.020000828430056572,0.9521939754486084,0.9699558615684509,0.9617148637771606,0.06423375010490417,0.005054652690887451,26.1671142578125,21.266841888427734,39.90039054055073,h0dSQDgl3gI/00010,5,0.75
0.9514335989952087,0.9532243609428406,0.033496689051389694,0.020672963932156563,0.9528799653053284,0.9601805210113525,0.9582043886184692,0.04347354173660278,0.004363059997558594,25.750768661499023,23.027536392211914,37.720762734775114,h0dSQDgl3gI/00010,6,0.8999999999999999
0.9775055050849915,0.9683405756950378,0.01633855141699314,0.006215936969965696,0.9715271592140198,0.9602916240692139,0.9647001028060913,0.05223289504647255,0.005428791046142578,19.689464569091797,23.993026733398438,43.50616619789498,h0dSQDgl3gI/00010,7,1.05
0.9371159076690674,0.9468998908996582,0.03971878066658974,0.05373743176460266,0.9446887373924255,0.9586368799209595,0.952123761177063,0.07268768548965454,0.006493508815765381,27.331010818481445,24.293689727783203,41.85087960716622,h0dSQDgl3gI/00010,29,4.35
0.958556592464447,0.9438457489013672,0.0236781295388937,0.035418204963207245,0.9631655812263489,0.9425812363624573,0.9542216062545776,-0.009128469042479992,0.004829049110412598,21.51888084411621,29.030675888061523,35.0002199425348,h0dSQDgl3gI/00010,30,4.5
0.9820232391357422,0.9424972534179688,0.013469568453729153,0.03175261616706848,0.9760060906410217,0.9355089068412781,0.944877028465271,0.10524497181177139,0.01690840721130371,18.581329345703125,28.994304656982422,71.92711794485571,h0dSQDgl3gI/00010,31,4.6499999999999995
0.985473096370697,0.9238601326942444,0.007178307976573706,0.06631481647491455,0.9861807823181152,0.91612309217453,0.9321932792663574,0.15718461573123932,0.023108303546905518,13.315203666687012,32.66788864135742,78.02524444387821,h0dSQDgl3gI/00011,3,0.44999999999999996
0.9697566628456116,0.9316740036010742,0.014749775640666485,0.040405500680208206,0.9785811305046082,0.9479032158851624,0.946838915348053,0.21590188145637512,0.02109241485595703,16.609569549560547,28.701251983642578,80.3242016175784,h0dSQDgl3gI/00011,4,0.6
0.9886323809623718,0.938231348991394,0.004708480555564165,0.0405406579375267,0.9908530712127686,0.9409822821617126,0.9526461362838745,0.17269699275493622,0.01648348569869995,11.096675872802734,31.345792770385742,70.72113068876399,h0dSQDgl3gI/00011,10,1.5
0.9845061898231506,0.9318386316299438,0.015494167804718018,0.04452339932322502,0.9690119028091431,0.9532150626182556,0.9445040822029114,0.08239784836769104,0.024830520153045654,15.922242164611816,27.999326705932617,93.22727417237905,h0dSQDgl3gI/00011,11,1.65
0.9533087015151978,0.9744345545768738,0.04521315544843674,0.003170203184708953,0.9368688464164734,0.9872711300849915,0.9532221555709839,0.05670201778411865,0.011747598648071289,32.71249008178711,13.466750144958496,63.840637432304845,h0dSQDgl3gI/00011,12,1.7999999999999998
0.9844204187393188,0.9320439100265503,0.006950235925614834,0.04980359226465225,0.9853594899177551,0.9263590574264526,0.9389953017234802,0.14107941091060638,0.019932806491851807,15.007637023925781,34.567378997802734,75.87816644397523,h0dSQDgl3gI/00011,13,1.95
0.9484338760375977,0.9218904972076416,0.0261122714728117,0.05278043448925018,0.9573540687561035,0.9195639491081238,0.9325178265571594,0.05498620495200157,0.012955784797668457,26.00312042236328,36.03271484375,52.82690355457593,h0dSQDgl3gI/00011,14,2.1
0.9441537857055664,0.9164036512374878,0.03349084034562111,0.038272567093372345,0.9587647318840027,0.9120149612426758,0.9324073195457458,0.043298088014125824,0.010589361190795898,26.532608032226562,40.044124603271484,43.65914307435743,h0dSQDgl3gI/00011,15,2.25
0.967666745185852,0.9346783757209778,0.018373414874076843,0.05219612643122673,0.9713937044143677,0.9255151748657227,0.9357344508171082,0.09633761644363403,0.017651796340942383,21.074228286743164,35.48356246948242,62.61669361105736,h0dSQDgl3gI/00011,16,2.4
0.9426800608634949,0.9854249954223633,0.06664533913135529,0.0028327910695225,0.8911924958229065,0.9858428835868835,0.9385798573493958,0.17221496999263763,0.007636666297912598,46.302001953125,17.300151824951172,46.20479776842468,h0dSQDgl3gI/00014,3,0.44999999999999996
0.9512442350387573,0.9564229846000671,0.049010057002305984,0.06966467201709747,0.9172705411911011,0.9353713989257812,0.9295193552970886,0.05588270723819733,0.006054520606994629,40.47971725463867,34.4904899597168,28.354957545344785,h0dSQDgl3gI/00014,4,0.6
0.9419085383415222,0.9194151163101196,0.05560491606593132,0.16857987642288208,0.9036298394203186,0.8677887916564941,0.8875398635864258,0.04483380541205406,0.014460623264312744,41.84586715698242,54.351287841796875,31.98244940286254,h0dSQDgl3gI/00014,5,0.75
0.9409990310668945,0.8875306844711304,0.049078330397605896,0.1318293660879135,0.9015256762504578,0.8669461011886597,0.8693971633911133,0.21943193674087524,0.03393286466598511,42.9288215637207,56.068572998046875,48.143583507354776,h0dSQDgl3gI/00014,6,0.8999999999999999
0.9515591859817505,0.9012446403503418,0.04813729226589203,0.13212338089942932,0.9193652272224426,0.883885383605957,0.882544219493866,0.24738715589046478,0.03408229351043701,34.81686019897461,50.43851089477539,59.50621407947876,h0dSQDgl3gI/00014,7,1.05
0.9320929646492004,0.9109808206558228,0.05009990558028221,0.11411599069833755,0.9106566905975342,0.8876961469650269,0.9029698371887207,0.023027393966913223,0.010753273963928223,34.361366271972656,46.88711166381836,28.73085517078055,h0dSQDgl3gI/00014,8,1.2
0.9417014718055725,0.9517861604690552,0.04103998467326164,0.039345771074295044,0.9088774919509888,0.9472945928573608,0.926925778388977,0.061992596834897995,0.011181175708770752,35.14292907714844,26.59386444091797,36.70608488707046,h0dSQDgl3gI/00014,9,1.3499999999999999
0.9294350743293762,0.9574688673019409,0.05086253210902214,0.020335007458925247,0.9102925062179565,0.9767564535140991,0.9415156841278076,0.14428213238716125,0.008588433265686035,33.77972412109375,18.733844757080078,50.266093476997575,h0dSQDgl3gI/00014,10,1.5
0.941014289855957,0.9705721139907837,0.07044234126806259,0.006566514726728201,0.9008221626281738,0.9792975783348083,0.9339088201522827,0.1488020122051239,0.018335938453674316,37.33063507080078,16.67315673828125,52.511476253683355,h0dSQDgl3gI/00014,11,1.65
0.9888373613357544,0.9185649156570435,0.01116257905960083,0.0654323548078537,0.9776744842529297,0.9169371724128723,0.9254757165908813,0.05918173864483833,0.031048178672790527,13.577311515808105,37.20956802368164,80.30922532376952,h0dSQDgl3gI/00015,6,0.8999999999999999
0.9942783117294312,0.9328823089599609,0.005721718072891235,0.07964225113391876,0.9885565042495728,0.9093727469444275,0.9337981343269348,-0.08581578731536865,0.0217134952545166,9.446767807006836,39.54315948486328,61.80009553854177,h0dSQDgl3gI/00015,7,1.05
0.9524600505828857,0.912548840045929,0.03919799625873566,0.15788914263248444,0.9433335065841675,0.8638964295387268,0.9037366509437561,5.129724740982056e-05,0.014917850494384766,25.600603103637695,51.699588775634766,34.2280861041172,h0dSQDgl3gI/00015,9,1.3499999999999999
0.9336187839508057,0.8896171450614929,0.05637069046497345,0.15989439189434052,0.9153187870979309,0.8336777687072754,0.873296856880188,-0.008037995547056198,0.021171212196350098,31.490055084228516,56.395240783691406,35.242266430566225,h0dSQDgl3gI/00015,10,1.5
0.9552515149116516,0.910075843334198,0.03307541087269783,0.16878610849380493,0.9376847147941589,0.8475855588912964,0.888660728931427,-0.024670975282788277,0.0234372615814209,28.632423400878906,56.37126541137695,38.426099902950526,h0dSQDgl3gI/00015,11,1.65
0.9704639315605164,0.9213258624076843,0.024444228038191795,0.1254013180732727,0.9563876390457153,0.8635650873184204,0.906591534614563,-0.036149781197309494,0.01698589324951172,23.693326950073242,50.63522720336914,40.313188041000586,h0dSQDgl3gI/00015,12,1.7999999999999998
0.9453350901603699,0.8955122232437134,0.05275511369109154,0.15074661374092102,0.929478108882904,0.8459347486495972,0.8827487826347351,-0.012466490268707275,0.025327622890472412,29.27077293395996,57.04734420776367,41.02855541429715,h0dSQDgl3gI/00015,13,1.95
0.8675386309623718,0.8882724046707153,0.12745535373687744,0.1225813776254654,0.8069296479225159,0.8748511672019958,0.8568404912948608,0.0001891682477435097,0.0090867280960083,71.10094451904297,56.60063934326172,23.731981577175898,h27g5iT0tck/00008,13,1.95
0.9091265797615051,0.8908722400665283,0.058330751955509186,0.07152581214904785,0.8443464636802673,0.8319183588027954,0.8483056426048279,-0.03136462718248367,0.015065550804138184,61.996299743652344,61.577999114990234,28.458523776888143,h27g5iT0tck/00008,14,2.1
0.8624091148376465,0.8374340534210205,0.08380234986543655,0.10413384437561035,0.8228825926780701,0.8395445346832275,0.8345887660980225,0.013776348903775215,0.024656474590301514,66.08778381347656,59.258731842041016,36.53688604796082,h27g5iT0tck/00008,15,2.25
0.8876162171363831,0.8797619342803955,0.061888378113508224,0.07843341678380966,0.8384549617767334,0.8744023442268372,0.840697169303894,0.07837225496768951,0.04409503936767578,59.709476470947266,52.223472595214844,50.435689682212455,h27g5iT0tck/00008,16,2.4
0.8756433129310608,0.8158109784126282,0.12280517816543579,0.15297752618789673,0.8410121202468872,0.738667905330658,0.8035044074058533,-0.06496432423591614,0.011542677879333496,63.41487121582031,83.34004211425781,20.91802542951842,h27g5iT0tck/00023,12,1.7999999999999998
0.8374861478805542,0.8133565783500671,0.13010640442371368,0.1387939602136612,0.8069975972175598,0.7261266112327576,0.782590389251709,-0.06688394397497177,0.012740850448608398,69.8603286743164,86.41938781738281,19.586229666114512,h27g5iT0tck/00023,13,1.95
0.8188428282737732,0.7560323476791382,0.11377672851085663,0.11762424558401108,0.8530941009521484,0.7652355432510376,0.8125125765800476,-0.02307640016078949,0.023035287857055664,62.35702133178711,78.23512268066406,31.184038479484254,h27g5iT0tck/00023,14,2.1
0.8868308663368225,0.7501829266548157,0.06949971616268158,0.08263351768255234,0.8975450396537781,0.7891429662704468,0.8112887740135193,0.14511927962303162,0.059469759464263916,50.178009033203125,69.55890655517578,61.30561185692767,h27g5iT0tck/00023,15,2.25
0.9575620293617249,0.8257395625114441,0.02733003720641136,0.24455313384532928,0.9551143646240234,0.7138915061950684,0.8173273801803589,-0.004281142260879278,0.04309016466140747,29.302736282348633,78.96971893310547,46.3572633908478,h27g5iT0tck/00024,4,0.6
0.9447393417358398,0.8105424642562866,0.03092299960553646,0.23825287818908691,0.9456995129585266,0.6939375996589661,0.8060727715492249,-0.006450107786804438,0.04284524917602539,33.310035705566406,82.0775375366211,45.15394376636398,h27g5iT0tck/00024,5,0.75
0.9431535601615906,0.8078497052192688,0.03993372619152069,0.22263862192630768,0.9428138732910156,0.705865204334259,0.8047307133674622,0.004815622232854366,0.05450958013534546,33.079139709472656,81.65465545654297,44.61346827297746,h27g5iT0tck/00024,6,0.8999999999999999
0.8688207268714905,0.8669694066047668,0.22155848145484924,0.18387851119041443,0.7792571783065796,0.812220573425293,0.8016160130500793,0.06928163766860962,0.021880507469177246,66.15009307861328,62.47482681274414,28.628922260212327,h27g5iT0tck/00031,9,1.3499999999999999
0.8538376092910767,0.8697494268417358,0.22954677045345306,0.18988870084285736,0.7545095682144165,0.8010011315345764,0.7935959696769714,-0.005928287282586098,0.013383924961090088,70.13619995117188,64.01396179199219,21.450880361934257,h27g5iT0tck/00031,10,1.5
0.9138259887695312,0.9338325262069702,0.06080421805381775,0.06243918091058731,0.9034621119499207,0.9360613226890564,0.9216768741607666,0.040412433445453644,0.008967041969299316,40.14145278930664,37.0355110168457,34.728551709218536,h27g5iT0tck/00031,11,1.65
0.9734028577804565,0.9502342939376831,0.0108663784340024,0.05980849638581276,0.9790875315666199,0.9251808524131775,0.947881817817688,0.13700996339321136,0.008398473262786865,20.925024032592773,41.441734313964844,48.994181183801935,h27g5iT0tck/00034,2,0.3
0.9014233350753784,0.8551107048988342,0.05344664677977562,0.14309068024158478,0.9282324910163879,0.8275764584541321,0.8756884336471558,0.05475741997361183,0.013492465019226074,43.01364517211914,63.72810363769531,43.71533731073122,h27g5iT0tck/00034,3,0.44999999999999996
0.9269214868545532,0.8481178283691406,0.06407579034566879,0.1375826895236969,0.8915384411811829,0.8456718921661377,0.8509811162948608,0.03323741629719734,0.02643883228302002,50.18442916870117,53.47307205200195,55.98916918042348,h7qKzqQnjXw/00002,16,2.4
0.918035626411438,0.8166235685348511,0.04940352588891983,0.08629422634840012,0.8850942254066467,0.9073545932769775,0.8525503873825073,0.16550034284591675,0.05958479642868042,50.63853073120117,39.50454330444336,80.62669114213313,h7qKzqQnjXw/00002,17,2.55
0.9459460973739624,0.8665061593055725,0.032485123723745346,0.09439877420663834,0.9176195859909058,0.8894400000572205,0.8566346168518066,0.20981010794639587,0.05883157253265381,40.687599182128906,40.52891159057617,88.29697828470331,h7qKzqQnjXw/00002,18,2.6999999999999997
0.9398888349533081,0.7925892472267151,0.10398166626691818,0.10541503131389618,0.9036105275154114,0.8507568836212158,0.8067667484283447,0.31582993268966675,0.09215420484542847,49.39070129394531,53.03724670410156,104.10359063792092,h7qKzqQnjXw/00002,41,6.1499999999999995
0.9372833967208862,0.7880347967147827,0.08663805574178696,0.08519109338521957,0.9027820825576782,0.8535277843475342,0.8103785514831543,0.2735583186149597,0.0899537205696106,49.273948669433594,53.04083251953125,99.22409940483158,h7qKzqQnjXw/00002,42,6.3
0.9124041795730591,0.9213457107543945,0.1722242832183838,0.07294752448797226,0.8392954468727112,0.8812808394432068,0.8626009821891785,0.003201394574716687,0.015404045581817627,59.39781188964844,53.284271240234375,31.03801536913078,h7qKzqQnjXw/00003,13,1.95
0.8983966112136841,0.9061939120292664,0.1664196401834488,0.08755789697170258,0.8159367442131042,0.8556350469589233,0.839454174041748,0.016933854669332504,0.018411636352539062,63.717323303222656,59.65525817871094,30.195083631645446,h7qKzqQnjXw/00003,14,2.1
0.9108723998069763,0.8993020057678223,0.18826939165592194,0.09924700856208801,0.8308812975883484,0.8673143982887268,0.8364439010620117,0.11881276965141296,0.03408759832382202,63.66959762573242,57.97764587402344,44.32810728572803,h7qKzqQnjXw/00003,15,2.25
0.9646665453910828,0.9661070704460144,0.017962880432605743,0.010418886318802834,0.9728034138679504,0.9744748473167419,0.9693511724472046,0.1493387371301651,0.00754392147064209,25.575437545776367,26.04136085510254,55.340578548267935,h7qKzqQnjXw/00004,8,1.2
0.8948462605476379,0.9143263697624207,0.04365283623337746,0.04538507014513016,0.9265962243080139,0.8998633623123169,0.9064399600028992,0.04820053651928902,0.019744575023651123,39.28595733642578,49.505897521972656,46.58267216022099,h7qKzqQnjXw/00004,9,1.3499999999999999
0.8519848585128784,0.8751195073127747,0.06521452218294144,0.06913650035858154,0.9016470909118652,0.890990674495697,0.8912549614906311,0.07514259219169617,0.01978057622909546,47.5176887512207,51.72618103027344,42.517537574561246,h7qKzqQnjXw/00004,10,1.5
0.9041098356246948,0.8100610971450806,0.08679427206516266,0.058125853538513184,0.8717055320739746,0.894609808921814,0.8000504970550537,0.30459198355674744,0.10745102167129517,55.38936233520508,52.31459426879883,88.4666569964086,h7qKzqQnjXw/00004,11,1.65
0.8908626437187195,0.8163875341415405,0.07470019161701202,0.04562411457300186,0.8719956278800964,0.880007266998291,0.8075919151306152,0.233731210231781,0.09502583742141724,55.324893951416016,55.009071350097656,79.67682269937947,h7qKzqQnjXw/00004,12,1.7999999999999998
0.967732846736908,0.8770469427108765,0.015158172696828842,0.1761666089296341,0.977457582950592,0.8103800415992737,0.8901705145835876,0.031584128737449646,0.012529492378234863,25.797279357910156,69.89900970458984,36.904071244646936,h7qKzqQnjXw/00006,2,0.3
0.9563285112380981,0.871918797492981,0.026535045355558395,0.1866179257631302,0.9670215845108032,0.8044804930686951,0.8855764269828796,0.015159119851887226,0.010050654411315918,29.231828689575195,69.89350891113281,29.38781623311163,h7qKzqQnjXw/00006,3,0.44999999999999996
0.9730010032653809,0.8864982724189758,0.014624898321926594,0.18152722716331482,0.9754101634025574,0.8206610083580017,0.8934698700904846,0.041537314653396606,0.013557672500610352,26.182851791381836,66.88301086425781,39.38046598351795,h7qKzqQnjXw/00006,4,0.6
0.9928677082061768,0.8867776393890381,0.007132738828659058,0.13435421884059906,0.9857347011566162,0.8572489619255066,0.8867442607879639,0.12621231377124786,0.043407320976257324,16.177536010742188,61.948307037353516,82.38243732095964,h7qKzqQnjXw/00006,5,0.75
0.9793498516082764,0.8781499266624451,0.020650357007980347,0.1319645643234253,0.9586992859840393,0.8508543372154236,0.884146511554718,0.005269101820886135,0.03668522834777832,25.10810089111328,64.57524871826172,59.83877500735316,h7qKzqQnjXw/00006,6,0.8999999999999999
0.9444723129272461,0.8225570917129517,0.029351303353905678,0.15833473205566406,0.9616314768791199,0.809451699256897,0.8555801510810852,0.21278010308742523,0.04247868061065674,32.1692008972168,70.74095916748047,61.268208362466495,h7qKzqQnjXw/00006,7,1.05
0.9599899649620056,0.8284814953804016,0.02046094834804535,0.1510048806667328,0.97022545337677,0.8064442873001099,0.8329813480377197,0.3036685883998871,0.07024616003036499,28.13794708251953,70.5663833618164,75.74818075304088,h7qKzqQnjXw/00006,8,1.2
0.9848819375038147,0.8418564796447754,0.006297001149505377,0.1543024480342865,0.9860939979553223,0.8261793255805969,0.8468479514122009,0.3756510019302368,0.07189548015594482,19.26374053955078,66.5708236694336,86.032883664709,h7qKzqQnjXw/00006,9,1.3499999999999999
0.980807900428772,0.8228194117546082,0.00903372187167406,0.1584625095129013,0.9840815663337708,0.832307755947113,0.8442410826683044,0.4207265079021454,0.0774848461151123,20.721113204956055,64.32727813720703,91.61884954868344,h7qKzqQnjXw/00006,10,1.5
0.9644846320152283,0.9326971769332886,0.016555380076169968,0.07746189087629318,0.9656679034233093,0.9010696411132812,0.929825484752655,0.022000521421432495,0.00990217924118042,30.312231063842773,49.72836685180664,44.17148624467038,h7qKzqQnjXw/00008,18,2.6999999999999997
0.9388934373855591,0.8814365267753601,0.03380962461233139,0.10458585619926453,0.9467902183532715,0.8658405542373657,0.9054327011108398,0.005737158469855785,0.009719014167785645,36.847137451171875,57.211944580078125,35.94868871694188,h7qKzqQnjXw/00008,19,2.85
0.9046627879142761,0.9314517974853516,0.08442217856645584,0.028283800929784775,0.8825021386146545,0.9197596311569214,0.892500638961792,0.08446443825960159,0.022140800952911377,53.47937774658203,44.211097717285156,44.863899957365554,h7u6NScSWtY/00001,18,2.6999999999999997
0.8602646589279175,0.9049667119979858,0.16871759295463562,0.038281530141830444,0.7837932109832764,0.9263998866081238,0.8485058546066284,0.12868867814540863,0.02987074851989746,70.31197357177734,40.75022888183594,43.17823935955644,h7u6NScSWtY/00001,19,2.85
0.8587450981140137,0.8767896890640259,0.19588050246238708,0.015318160876631737,0.7893911004066467,0.9639113545417786,0.820226788520813,0.3290788531303406,0.08398514986038208,72.854248046875,28.88787269592285,73.65704001622704,h7u6NScSWtY/00001,20,3.0
0.9030391573905945,0.8489078283309937,0.16227421164512634,0.1255190670490265,0.8380034565925598,0.8495553135871887,0.8169012665748596,0.1597297340631485,0.056266069412231445,62.58049011230469,65.6450424194336,51.2687561543772,h7u6NScSWtY/00001,26,3.9
0.9144535064697266,0.8483607172966003,0.14505453407764435,0.12387796491384506,0.8593564629554749,0.7823837995529175,0.7979472875595093,0.07988268882036209,0.049667298793792725,62.87302017211914,76.80110931396484,45.742800763215826,h7u6NScSWtY/00001,27,4.05
0.9015205502510071,0.9282900094985962,0.12177981436252594,0.050399672240018845,0.8370136022567749,0.908055305480957,0.8768306970596313,0.0008964976877905428,0.011559367179870605,62.72513961791992,47.535118103027344,28.42090532510615,h7u6NScSWtY/00002,9,1.3499999999999999
0.8983796238899231,0.9158310890197754,0.11994583159685135,0.04912318289279938,0.8349019885063171,0.9205159544944763,0.8569029569625854,0.14127108454704285,0.039232492446899414,64.52349853515625,46.49001693725586,53.714698963389544,h7u6NScSWtY/00002,10,1.5
0.899381160736084,0.8056872487068176,0.12577778100967407,0.0704677626490593,0.8370822668075562,0.8901242613792419,0.7707218527793884,0.31000781059265137,0.12772679328918457,65.67298126220703,54.21318435668945,88.7387736310255,h7u6NScSWtY/00002,11,1.65
0.9805979132652283,0.944921612739563,0.009101505391299725,0.0875042974948883,0.9824418425559998,0.917690098285675,0.9496879577636719,0.005596706178039312,0.007312417030334473,17.206235885620117,43.2009391784668,33.223778653351275,h7u6NScSWtY/00004,6,0.8999999999999999
0.9680731892585754,0.925417423248291,0.020345671102404594,0.09809809178113937,0.9686362147331238,0.8974440097808838,0.9325745701789856,0.007461600471287966,0.011169195175170898,24.9934139251709,52.44626235961914,35.84839413507101,h7u6NScSWtY/00004,7,1.05
0.9638432264328003,0.9356001019477844,0.029293663799762726,0.0858013778924942,0.9540490508079529,0.9085388779640198,0.9309925436973572,0.02133289910852909,0.010272741317749023,30.756471633911133,45.24525833129883,34.35967036603161,h7u6NScSWtY/00004,8,1.2
0.9538876414299011,0.9560271501541138,0.051638685166835785,0.05333591625094414,0.9439482688903809,0.951106607913971,0.9490295648574829,0.022612353786826134,0.005319416522979736,37.86996841430664,36.59453201293945,32.84447420375792,h7u6NScSWtY/00004,22,3.3
0.972493588924408,0.9541220664978027,0.011718249879777431,0.043388739228248596,0.9708372950553894,0.9422920942306519,0.9581988453865051,-0.03782601282000542,0.002846240997314453,27.144498825073242,38.20669937133789,30.188070829563852,h7u6NScSWtY/00004,23,3.4499999999999997
0.9641388058662415,0.9402090311050415,0.01600480265915394,0.037299927324056625,0.9598164558410645,0.9270901083946228,0.9406964778900146,0.021137874573469162,0.00936579704284668,31.642507553100586,41.013336181640625,45.502550488766346,h7u6NScSWtY/00004,24,3.5999999999999996
0.9425569772720337,0.9437457919120789,0.03662433102726936,0.030360348522663116,0.9479027986526489,0.9464408755302429,0.9375815391540527,0.10004013776779175,0.0172002911567688,33.265968322753906,34.7346076965332,57.18696945684341,h7u6NScSWtY/00004,25,3.75
0.9214777946472168,0.9401113390922546,0.03869118168950081,0.027889931574463844,0.9346483945846558,0.9421033263206482,0.9362046122550964,0.038159117102622986,0.010494112968444824,40.61567687988281,40.58499526977539,41.10636672774547,h7u6NScSWtY/00005,16,2.4
0.9003632664680481,0.8919109106063843,0.05330530181527138,0.05214817821979523,0.9302880167961121,0.893440842628479,0.8999223709106445,0.06361813098192215,0.023419857025146484,43.019744873046875,53.52213668823242,51.297624357896794,h7u6NScSWtY/00005,17,2.55
0.847844123840332,0.9243338704109192,0.1824282705783844,0.009878423996269703,0.7742884755134583,0.961647629737854,0.8348140716552734,0.24854116141796112,0.051666975021362305,72.6886215209961,31.844823837280273,62.32457923486569,h7u6NScSWtY/00005,18,2.6999999999999997
0.8826736807823181,0.8991385698318481,0.21167567372322083,0.029494384303689003,0.7895793914794922,0.9316081404685974,0.8318125605583191,0.1947329193353653,0.050489187240600586,68.79995727539062,44.42744827270508,63.07979867199222,h7u6NScSWtY/00005,19,2.85
0.9002957344055176,0.9745427370071411,0.1954968124628067,0.01858724281191826,0.817481517791748,0.9659186601638794,0.8941988945007324,0.05958205834031105,0.013338923454284668,63.06959533691406,27.366788864135742,36.257696840886645,h7u6NScSWtY/00007,7,1.05
0.8963515162467957,0.9528891444206238,0.18761380016803741,0.06463268399238586,0.8190900087356567,0.9361028671264648,0.8782404065132141,0.0664517879486084,0.017267584800720215,60.02652359008789,39.96515655517578,37.755110033315546,h7u6NScSWtY/00007,8,1.2
0.8908506035804749,0.8764525651931763,0.18821851909160614,0.058792371302843094,0.8214404582977295,0.9371841549873352,0.833972692489624,0.30590394139289856,0.06693452596664429,60.97614288330078,40.769832611083984,75.53674399117948,h7u6NScSWtY/00007,9,1.3499999999999999
0.9643635749816895,0.965806782245636,0.01597965694963932,0.012550688348710537,0.9783002138137817,0.9733778834342957,0.9731053113937378,0.12421762198209763,0.005456209182739258,19.565378189086914,20.799015045166016,49.70201460090305,h7u6NScSWtY/00013,5,0.75
0.9706457853317261,0.9618586301803589,0.013581991195678711,0.019364982843399048,0.9788911938667297,0.9742801189422607,0.9756929874420166,0.08142223954200745,0.0037040114402770996,18.038482666015625,20.217775344848633,42.225383459838454,h7u6NScSWtY/00013,6,0.8999999999999999
0.9483563303947449,0.8466014266014099,0.029200837016105652,0.1338486671447754,0.9595962762832642,0.7794362306594849,0.8624889850616455,0.025818539783358574,0.015907347202301025,33.53466796875,70.6061782836914,44.200352288992114,h7u6NScSWtY/00014,27,4.05
0.949981689453125,0.8575493693351746,0.02784612588584423,0.1338183730840683,0.9538315534591675,0.7846698760986328,0.8502964973449707,0.08982624858617783,0.03274160623550415,35.78725051879883,71.29257202148438,53.961202317696696,h7u6NScSWtY/00014,28,4.2
0.9189989566802979,0.8966125249862671,0.06440968066453934,0.14986421167850494,0.8782368898391724,0.8311294317245483,0.8593422770500183,-0.03289627283811569,0.01679205894470215,50.972721099853516,66.39910888671875,30.292812366088786,h7u6NScSWtY/00015,7,1.05
0.9332497119903564,0.8694639205932617,0.041245345026254654,0.1547960340976715,0.9077979922294617,0.8203946352005005,0.8488820195198059,0.049294400960206985,0.03985273838043213,44.0619010925293,67.91216278076172,47.00304217883836,h7u6NScSWtY/00015,8,1.2
0.9490522146224976,0.9330581426620483,0.04097958281636238,0.07010645419359207,0.9331635236740112,0.9000716209411621,0.9230227470397949,-0.0579850934445858,0.008481025695800781,29.74987030029297,40.41617965698242,29.568618433102863,h7u6NScSWtY/00018,35,5.25
0.9457694292068481,0.8793206810951233,0.039559632539749146,0.047980815172195435,0.9359691143035889,0.8939545750617981,0.9005310535430908,0.07768828421831131,0.029734313488006592,32.6692008972168,46.28083038330078,56.906334198319165,h7u6NScSWtY/00018,36,5.3999999999999995
0.9239400029182434,0.9208873510360718,0.04317333549261093,0.048683714121580124,0.9212609529495239,0.89715576171875,0.9090888500213623,0.0016872751293703914,0.012514948844909668,37.42813491821289,42.6195068359375,39.22295476717432,h7u6NScSWtY/00019,7,1.05
0.913493275642395,0.9157784581184387,0.04416196048259735,0.054742228239774704,0.9201216101646423,0.8817843794822693,0.8999527096748352,0.021548841148614883,0.013215303421020508,37.82943344116211,45.91581726074219,40.52229803088907,h7u6NScSWtY/00019,8,1.2
0.950158417224884,0.919336199760437,0.053675033152103424,0.07202742248773575,0.9271011352539062,0.8982047438621521,0.9165831208229065,-0.037568941712379456,0.007706344127655029,33.22222900390625,42.650672912597656,29.944121339311884,h7u6NScSWtY/00019,9,1.3499999999999999
0.9560911059379578,0.9603438377380371,0.037624791264534,0.012716753408312798,0.9247930645942688,0.9662794470787048,0.9365016222000122,0.17304691672325134,0.018445730209350586,35.298614501953125,25.53990936279297,58.52685750151257,h7u6NScSWtY/00020,1,0.15
0.9486293792724609,0.9238699674606323,0.030936090275645256,0.017154131084680557,0.9305784106254578,0.9311380982398987,0.9203340411186218,0.08889022469520569,0.02231377363204956,33.40140914916992,36.74517822265625,57.190130537990974,h7u6NScSWtY/00020,2,0.3
0.9727714657783508,0.8401268720626831,0.016256209462881088,0.02018432505428791,0.9547079801559448,0.9236275553703308,0.8366076946258545,0.3880024552345276,0.11629098653793335,27.048824310302734,37.568397521972656,131.08453962319484,h7u6NScSWtY/00020,3,0.44999999999999996
0.966971755027771,0.8300415277481079,0.018291445448994637,0.06796170771121979,0.950462818145752,0.8539726138114929,0.8369134664535522,0.2210894227027893,0.08278733491897583,28.435659408569336,58.946617126464844,75.83966052747485,h7u6NScSWtY/00020,4,0.6
0.818688690662384,0.9848996996879578,0.26362544298171997,0.008102910593152046,0.6951102018356323,0.9878975749015808,0.8200861811637878,0.24395956099033356,0.06911349296569824,76.04300689697266,12.057740211486816,52.031839847929234,hBOVuIIQUFc/00002,12,1.7999999999999998
0.8073129653930664,0.9698690176010132,0.2689714729785919,0.020960690453648567,0.681387186050415,0.9675178527832031,0.8025375604629517,0.19410817325115204,0.06919258832931519,79.69955444335938,21.54374122619629,50.06511500662471,hBOVuIIQUFc/00002,13,1.95
0.7938268780708313,0.969749927520752,0.28427252173423767,0.024976616725325584,0.6544130444526672,0.9621822834014893,0.7821002006530762,0.19092874228954315,0.06990104913711548,82.11064910888672,24.323747634887695,50.623013014101424,hBOVuIIQUFc/00002,14,2.1
0.8459025621414185,0.8547388911247253,0.19783009588718414,0.06374534964561462,0.7401862144470215,0.897546648979187,0.7527514100074768,0.2569957375526428,0.10606837272644043,82.83008575439453,50.30838394165039,66.1873513467242,hBOVuIIQUFc/00002,48,7.199999999999999
0.854340672492981,0.8240842819213867,0.18163247406482697,0.07724913954734802,0.7542197108268738,0.881424605846405,0.7147166728973389,0.2814825177192688,0.14895808696746826,79.25914001464844,53.015743255615234,77.17837917977819,hBOVuIIQUFc/00002,49,7.35
0.8552006483078003,0.849880039691925,0.17843863368034363,0.07719406485557556,0.7521113157272339,0.8994290828704834,0.7195023894309998,0.27678540349006653,0.14754390716552734,82.02633666992188,49.046504974365234,77.92179861979844,hBOVuIIQUFc/00002,50,7.5
0.8337857127189636,0.7939997911453247,0.17904797196388245,0.030498886480927467,0.7184026837348938,0.9546496272087097,0.7088112831115723,0.38238146901130676,0.16981112957000732,86.38208770751953,37.32855987548828,89.18326237330311,hBOVuIIQUFc/00002,51,7.6499999999999995
0.9841324090957642,0.9820143580436707,0.007193645462393761,0.005560976453125477,0.9788907170295715,0.9869682192802429,0.979381799697876,0.21125780045986176,0.005781769752502441,23.402971267700195,18.990148544311523,60.63120745062232,hBOVuIIQUFc/00004,8,1.2
0.9519748687744141,0.9597036242485046,0.026397528126835823,0.016171056777238846,0.9574739336967468,0.9760255813598633,0.9619925618171692,0.1983526200056076,0.009230732917785645,28.548025131225586,21.553241729736328,53.94972425284091,hBOVuIIQUFc/00004,9,1.3499999999999999
0.949368417263031,0.9691420793533325,0.027747757732868195,0.0029560683760792017,0.9620383977890015,0.9856938719749451,0.9605634212493896,0.3155043125152588,0.017082929611206055,26.19971466064453,17.836944580078125,89.64245458559233,hBOVuIIQUFc/00004,10,1.5
0.9664806127548218,0.9436424374580383,0.01876484416425228,0.004634426441043615,0.9766072630882263,0.9900342226028442,0.9477035403251648,0.5309867858886719,0.038169026374816895,22.546804428100586,14.80064582824707,154.9868523012171,hBOVuIIQUFc/00004,11,1.65
0.9897720217704773,0.9088189005851746,0.004560655448585749,0.029287448152899742,0.9866554737091064,0.9775175452232361,0.8919707536697388,0.6306713223457336,0.0913316011428833,18.194589614868164,22.957714080810547,240.78006354568936,hBOVuIIQUFc/00004,15,2.25
0.8776875734329224,0.8856786489486694,0.06950146704912186,0.06748882681131363,0.9072123765945435,0.9089102745056152,0.9072413444519043,0.07095570862293243,0.01714456081390381,45.893089294433594,50.931095123291016,48.13965046585073,hBOVuIIQUFc/00004,16,2.4
0.9338196516036987,0.9399568438529968,0.035715412348508835,0.035091184079647064,0.9523723125457764,0.9484387040138245,0.9523553252220154,0.047008514404296875,0.005651950836181641,37.465736389160156,42.820377349853516,31.75762540907053,hBOVuIIQUFc/00004,17,2.55
0.992844820022583,0.9361962080001831,0.007155269384384155,0.03978368267416954,0.9856894612312317,0.964917004108429,0.949259877204895,0.3618219196796417,0.030938923358917236,11.050507545471191,21.276369094848633,148.97940178744076,hBOVuIIQUFc/00004,21,3.15
0.9921818375587463,0.961681067943573,0.007818162441253662,0.0325753428041935,0.9843633770942688,0.9777460098266602,0.9625570178031921,0.45620641112327576,0.02318549156188965,10.610815048217773,15.831653594970703,166.40385125896037,hBOVuIIQUFc/00004,22,3.3
0.9925826787948608,0.965935468673706,0.007417559623718262,0.04477084055542946,0.9851651191711426,0.9615283012390137,0.9654587507247925,0.12960240244865417,0.013020515441894531,11.39631175994873,21.10708236694336,88.71721489241885,hBOVuIIQUFc/00004,23,3.4499999999999997
0.9912892580032349,0.9914531707763672,0.004382607527077198,0.0042112283408641815,0.9878169298171997,0.9940259456634521,0.9892229437828064,0.2093437910079956,0.002744436264038086,12.344147682189941,8.465465545654297,62.85694890971109,hBOVuIIQUFc/00006,1,0.15
0.9890850186347961,0.9244816899299622,0.007281796541064978,0.14503100514411926,0.9911360740661621,0.8753792643547058,0.9307383894920349,0.015674123540520668,0.015356898307800293,10.661792755126953,51.45785903930664,43.722960602115634,hBOVuIIQUFc/00006,2,0.3
0.9491553902626038,0.8560633659362793,0.02876933291554451,0.1274937093257904,0.9527254700660706,0.8524311780929565,0.8910038471221924,0.049203988164663315,0.02657032012939453,27.900150299072266,56.329315185546875,44.78529207783394,hBOVuIIQUFc/00006,3,0.44999999999999996
0.9701803922653198,0.8623926043510437,0.019932212308049202,0.17872989177703857,0.9687968492507935,0.7992182970046997,0.8689893484115601,0.06546830385923386,0.03088235855102539,24.590896606445312,64.45439147949219,50.293570034152,hBOVuIIQUFc/00006,4,0.6
0.9858646392822266,0.8939655423164368,0.011159096844494343,0.1991220861673355,0.9756703972816467,0.8158727288246155,0.8931518197059631,-0.008809085935354233,0.013201355934143066,21.766799926757812,64.22379302978516,35.17728293884568,hBOVuIIQUFc/00006,5,0.75
0.9413790702819824,0.9394623041152954,0.03110894374549389,0.01339285634458065,0.9382592439651489,0.9656786322593689,0.9447591304779053,0.11536861211061478,0.013766050338745117,41.01042938232422,31.662355422973633,52.69759032451832,hBOVuIIQUFc/00006,32,4.8
0.9442912936210632,0.9543140530586243,0.029811860993504524,0.016231974586844444,0.9412325620651245,0.9520532488822937,0.945690929889679,0.030946159735322,0.007957100868225098,39.38856887817383,36.41355895996094,38.79331554916549,hBOVuIIQUFc/00006,33,4.95
0.9539881944656372,0.9499265551567078,0.02807818166911602,0.01531274989247322,0.9436966180801392,0.9697913527488708,0.9367097020149231,0.23178493976593018,0.026369810104370117,37.174564361572266,28.118879318237305,78.6579557330213,hBOVuIIQUFc/00006,34,5.1
0.9786667823791504,0.9201022386550903,0.00898375827819109,0.07877552509307861,0.9803611040115356,0.9180202484130859,0.9268855452537537,0.22099384665489197,0.02941107749938965,21.715810775756836,45.657371520996094,76.76990034860009,hBOVuIIQUFc/00008,5,0.75
0.961995005607605,0.9169555306434631,0.017627159133553505,0.03676830977201462,0.9553844928741455,0.921130895614624,0.892475962638855,0.3459174931049347,0.05571329593658447,34.06742477416992,41.282554626464844,100.19808409054592,hBOVuIIQUFc/00008,6,0.8999999999999999
0.9633493423461914,0.6844042539596558,0.03952749818563461,0.09915023297071457,0.9475335478782654,0.870118260383606,0.6728330850601196,0.5095226764678955,0.27076202630996704,32.17764663696289,54.34964370727539,154.6430070416465,hBOVuIIQUFc/00008,18,2.6999999999999997
0.9808093309402466,0.6283413171768188,0.032024022191762924,0.09561405330896378,0.9646729230880737,0.8666813373565674,0.636907696723938,0.5430951118469238,0.3204161524772644,23.524797439575195,58.46385192871094,173.34827069429014,hBOVuIIQUFc/00008,19,2.85
0.9876778721809387,0.9260647892951965,0.006495864596217871,0.16185541450977325,0.9901358485221863,0.870426595211029,0.9283164739608765,-0.03975614905357361,0.014484643936157227,9.805079460144043,47.23686981201172,38.831906882351035,hBOVuIIQUFc/00010,32,4.8
0.9860767722129822,0.9132424592971802,0.006671812850981951,0.21042776107788086,0.9826458692550659,0.8397092223167419,0.9097967743873596,-0.04957856237888336,0.017053663730621338,17.00565528869629,59.243263244628906,33.647823199428274,hBOVuIIQUFc/00010,33,4.95
0.9924649000167847,0.9102643728256226,0.003576048417016864,0.22306664288043976,0.9911795854568481,0.8328914046287537,0.9093858599662781,-0.04378923028707504,0.015098273754119873,10.59425163269043,56.11576461791992,37.09105756554428,hBOVuIIQUFc/00010,34,5.1
0.9915375113487244,0.9862051010131836,0.005180113483220339,0.007932249456644058,0.9895204901695251,0.9892061948776245,0.9875319600105286,0.09674031287431717,0.0031005144119262695,13.055110931396484,13.066947937011719,60.92657644635019,hBOVuIIQUFc/00010,39,5.85
0.98787921667099,0.9852415323257446,0.0055742086842656136,0.011031274683773518,0.9882124066352844,0.9818778038024902,0.9850344061851501,-0.008468253538012505,0.0017167329788208008,13.057784080505371,16.35213279724121,36.64611758129226,hBOVuIIQUFc/00010,40,6.0
0.9790567755699158,0.9849072694778442,0.00940709374845028,0.009462282061576843,0.9829129576683044,0.9837429523468018,0.9827345609664917,0.022439703345298767,0.0027292966842651367,15.075213432312012,15.393227577209473,45.46132959157098,hBOVuIIQUFc/00010,41,6.1499999999999995
0.7850942015647888,0.9772580862045288,0.28816211223602295,0.009916451759636402,0.6518445611000061,0.9715090990066528,0.7892203330993652,0.1720517873764038,0.058963000774383545,87.61917877197266,24.02880096435547,51.20770934985067,hBOVuIIQUFc/00014,25,3.75
0.799472451210022,0.971433162689209,0.266304612159729,0.012436104007065296,0.6627913117408752,0.9666599035263062,0.7858243584632874,0.18194636702537537,0.06445032358169556,85.1255874633789,27.239452362060547,58.46767583736967,hBOVuIIQUFc/00014,26,3.9
0.8042929768562317,0.8684157133102417,0.15340691804885864,0.0667279064655304,0.733609676361084,0.8608163595199585,0.8075762391090393,0.009768321178853512,0.017182588577270508,82.65426635742188,62.18730545043945,26.194463350756973,hDLISEt8hBs/00002,18,2.6999999999999997
0.8077176809310913,0.8622962832450867,0.16133928298950195,0.09675364941358566,0.7130469083786011,0.8452349901199341,0.7891173362731934,0.007356315851211548,0.0190657377243042,87.94532012939453,66.69739532470703,26.839460124081363,hDLISEt8hBs/00002,19,2.85
0.8172158598899841,0.8612399101257324,0.16345006227493286,0.08627834171056747,0.7197453379631042,0.8206855058670044,0.7740383744239807,0.0206435639411211,0.02746635675430298,84.78784942626953,71.64443969726562,30.18318928352573,hDLISEt8hBs/00002,20,3.0
0.9343775510787964,0.9190694093704224,0.034397371113300323,0.036476828157901764,0.9474974274635315,0.9335638880729675,0.9401080012321472,0.04361841455101967,0.008763611316680908,33.20844268798828,39.756591796875,37.767623033486004,hFkI69zJzLI/00001,9,1.3499999999999999
0.9417513608932495,0.9134165048599243,0.026053665205836296,0.060692623257637024,0.9609104990959167,0.9178231954574585,0.919454038143158,0.17600515484809875,0.029211044311523438,29.159698486328125,43.291114807128906,66.70908586491458,hFkI69zJzLI/00001,10,1.5
0.9488333463668823,0.8893665671348572,0.02508213371038437,0.02982231043279171,0.9650901556015015,0.9317218661308289,0.9057506322860718,0.3132012188434601,0.0517580509185791,27.423770904541016,40.249427795410156,96.43575213093838,hFkI69zJzLI/00001,11,1.65
0.8747959136962891,0.8551772832870483,0.07016833871603012,0.04865582659840584,0.921479344367981,0.9487071633338928,0.8412385582923889,0.4204522669315338,0.10823118686676025,41.9230842590332,35.300559997558594,126.93837075369217,hFkI69zJzLI/00001,12,1.7999999999999998
0.9396104216575623,0.9328929781913757,0.03608040139079094,0.04905412718653679,0.9438948631286621,0.932883620262146,0.9365906715393066,0.02157537080347538,0.010040819644927979,35.111202239990234,37.26447677612305,39.715793442311735,hFkI69zJzLI/00002,21,3.15
0.897344172000885,0.8839766383171082,0.059465426951646805,0.11590051651000977,0.9055172801017761,0.8805407881736755,0.8958300948143005,-0.015313667245209217,0.011809945106506348,42.344482421875,50.617679595947266,30.157997758057558,hFkI69zJzLI/00002,22,3.3
0.9682384133338928,0.9896055459976196,0.03834308683872223,0.0005573928356170654,0.9440195560455322,0.9871951341629028,0.968902587890625,-0.08125578612089157,0.010700821876525879,29.305936813354492,11.217161178588867,69.49185796710347,hFkI69zJzLI/00004,25,3.75
0.9509313702583313,0.9166659116744995,0.04139958322048187,0.014912009239196777,0.9153091907501221,0.9521898031234741,0.9170272946357727,0.06068379431962967,0.04369664192199707,37.015525817871094,25.346498489379883,100.9637392408981,hFkI69zJzLI/00004,26,3.9
0.9607170224189758,0.8795589208602905,0.027788357809185982,0.009694606065750122,0.9257588386535645,0.9668741822242737,0.8576211929321289,0.3973247706890106,0.11266696453094482,32.781593322753906,20.74549674987793,191.04725372713315,hFkI69zJzLI/00004,27,4.05
0.9734166264533997,0.9729398488998413,0.013482560403645039,0.0059480383060872555,0.9783424139022827,0.98408043384552,0.9719499945640564,0.2792314887046814,0.011517107486724854,23.928089141845703,20.955108642578125,83.08013204849478,hJnEQCMA5Sg/00003,9,1.3499999999999999
0.9688519835472107,0.9481078386306763,0.013758162967860699,0.010274853557348251,0.9726426005363464,0.9687003493309021,0.9578365683555603,0.2656837999820709,0.01671910285949707,25.85749053955078,28.208358764648438,79.19814782524303,hJnEQCMA5Sg/00003,10,1.5
0.9524207711219788,0.9571304321289062,0.026238080114126205,0.008222500793635845,0.9666047692298889,0.9758504033088684,0.9556400775909424,0.28296706080436707,0.019176840782165527,31.00037956237793,27.902177810668945,87.06209170664096,hJnEQCMA5Sg/00003,11,1.65
0.9861425161361694,0.9627938866615295,0.013857722282409668,0.012631888501346111,0.9722846746444702,0.9627470970153809,0.9644591212272644,0.028103282675147057,0.01132577657699585,21.926748275756836,34.04549026489258,66.92737360033355,hJnEQCMA5Sg/00003,31,4.6499999999999995
0.9773693084716797,0.9248037338256836,0.022630691528320312,0.012231712229549885,0.954738438129425,0.959306538105011,0.9371322989463806,0.2049921303987503,0.03367757797241211,26.32525634765625,35.0732307434082,103.02916832096948,hJnEQCMA5Sg/00003,32,4.8
0.9170002937316895,0.9123212695121765,0.02775116078555584,0.008160221390426159,0.9492980241775513,0.9673588871955872,0.9494317770004272,0.1293633133172989,0.014600694179534912,38.0942497253418,28.817062377929688,60.74647531981982,hJnEQCMA5Sg/00003,33,4.95
0.9225821495056152,0.8948405385017395,0.0558147169649601,0.02007986418902874,0.9274406433105469,0.9738905429840088,0.9402017593383789,0.16700564324855804,0.017670392990112305,45.52698516845703,29.07179069519043,61.68915722412522,hJnEQCMA5Sg/00003,44,6.6
0.9038268327713013,0.8935192227363586,0.05465330556035042,0.017297271639108658,0.9237464070320129,0.969393253326416,0.9369218945503235,0.15574923157691956,0.017284810543060303,45.05672836303711,30.546756744384766,62.45343033730128,hJnEQCMA5Sg/00003,45,6.75
0.9082726240158081,0.8668622970581055,0.04948990419507027,0.012821859680116177,0.9075044989585876,0.9814719557762146,0.9108819365501404,0.3001256287097931,0.04038679599761963,49.45363998413086,23.696918487548828,92.01269831018188,hJnEQCMA5Sg/00003,46,6.8999999999999995
0.9085115790367126,0.9161826968193054,0.055700525641441345,0.0124106016010046,0.9052790403366089,0.9801673293113708,0.9331277012825012,0.20252902805805206,0.016852200031280518,50.79607391357422,24.865737915039062,58.993099826932735,hJnEQCMA5Sg/00003,50,7.5
0.9240188598632812,0.9097623825073242,0.04242035001516342,0.008482934907078743,0.9308546185493469,0.9645426273345947,0.9399144053459167,0.12276631593704224,0.014798879623413086,44.525413513183594,33.29522705078125,53.05483129828166,hJnEQCMA5Sg/00003,51,7.6499999999999995
0.9371190667152405,0.922924816608429,0.033035192638635635,0.00967398751527071,0.9442499876022339,0.9605254530906677,0.9415420293807983,0.14057675004005432,0.017583489418029785,39.53398513793945,33.77586364746094,60.34348247165546,hJnEQCMA5Sg/00003,52,7.8
