mean_cos_sim_real_to_source,mean_cos_sim_fake_to_source,std_cos_sim_real_to_source,std_cos_sim_fake_to_source,intra_real_cohesion,intra_fake_cohesion,inter_group_separation,silhouette_score,centroid_cosine_distance,real_spread,fake_spread,cohens_d,video_id,timestamp_idx,timestamp_seconds
0.9985650181770325,0.9926714301109314,0.0029390479903668165,0.0022973818704485893,0.9973253607749939,0.9973116517066956,0.9927412867546082,0.6229181885719299,0.004977524280548096,3.480839967727661,3.218418598175049,73.39183977539005,gZga0AmCGdE/00026,12,1.7999999999999998
0.9990079998970032,0.9946646690368652,0.001705044531263411,0.0026553040370345116,0.9982282519340515,0.9976302981376648,0.9943243861198425,0.5716525912284851,0.0039560794830322266,2.4364748001098633,2.8190853595733643,70.23443201288796,gZga0AmCGdE/00026,13,1.95
0.9985591769218445,0.9929543137550354,0.0028590087313205004,0.007016268093138933,0.9972741603851318,0.9905430674552917,0.992569088935852,0.4499529302120209,0.0023404359817504883,3.6056206226348877,8.024267196655273,22.178356986868305,gZga0AmCGdE/00026,14,2.1
0.9986092448234558,0.9934336543083191,0.002647058106958866,0.001840646262280643,0.9974231123924255,0.9976805448532104,0.9930915832519531,0.6687349677085876,0.004874706268310547,2.815181016921997,3.0106167793273926,96.36531582204147,gZga0AmCGdE/00026,15,2.25
0.9981341361999512,0.993934154510498,0.0034487005323171616,0.000427399791078642,0.9966744184494019,0.9985536932945251,0.9937416911125183,0.48161494731903076,0.004230022430419922,4.959132671356201,2.0163605213165283,41.19191670267328,gZga0AmCGdE/00026,16,2.4
0.9994401931762695,0.9946236610412598,0.0007849315879866481,6.315837526926771e-05,0.9991838932037354,0.9997946619987488,0.9949594736099243,0.7628060579299927,0.004583001136779785,1.7445803880691528,0.9048811793327332,141.47269014823334,gdg4mUSwuhI/00002,12,1.7999999999999998
0.9993982315063477,0.994134783744812,0.000708448002114892,0.00040317350067198277,0.9993366003036499,0.9986624717712402,0.9942505359649658,0.7146372199058533,0.004848957061767578,1.5278655290603638,2.1560471057891846,105.3472326579505,gdg4mUSwuhI/00002,13,1.95
0.9963480830192566,0.9953871965408325,0.008866019546985626,0.0003291711618658155,0.9930857419967651,0.9991855025291443,0.9932309985160828,0.5303900837898254,0.003340482711791992,5.9240803718566895,1.591213345527649,32.27616657373022,gdg4mUSwuhI/00002,14,2.1
0.9967716932296753,0.9944252967834473,0.006971800699830055,0.0019507604883983731,0.9940409064292908,0.9964931011199951,0.9925684928894043,0.46831613779067993,0.003170013427734375,5.226085186004639,3.869915723800659,47.162018259521446,gdg4mUSwuhI/00004,4,0.6
0.9843617677688599,0.9950942993164062,0.041278641670942307,0.0010119150392711163,0.9700382947921753,0.9964637160301208,0.9813937544822693,0.16636112332344055,0.0024760961532592773,11.848570823669434,3.4760711193084717,17.8702352292647,gdg4mUSwuhI/00004,5,0.75
0.9837576150894165,0.9916973114013672,0.043969277292490005,0.015913482755422592,0.9687215089797974,0.9876617193222046,0.978618323802948,0.06096205860376358,0.0010832548141479492,13.580037117004395,8.650933265686035,7.951884593030001,gdg4mUSwuhI/00004,6,0.8999999999999999
0.9992163777351379,0.9925138354301453,0.0005425405688583851,0.0,0.999379575252533,1.0000001192092896,0.9918665289878845,0.896974503993988,0.00787818431854248,1.2845323085784912,0.0,655.2066763597445,ggPh4X7UKwY/00011,2,0.3
0.9997499585151672,0.9928030967712402,0.00015619762416463345,0.0,0.9997991323471069,1.0000001192092896,0.9927084445953369,0.91820228099823,0.007208585739135742,0.8604762554168701,0.0,1037.2867686100728,ggPh4X7UKwY/00011,3,0.44999999999999996
0.9997331500053406,0.9958045482635498,0.00018025106692221016,0.0,0.9997864961624146,1.0000001192092896,0.9956062436103821,0.9035433530807495,0.004305243492126465,0.8833231329917908,0.0,948.4434366630575,ggPh4X7UKwY/00011,4,0.6
0.9994513988494873,0.9913840293884277,0.0003267175634391606,0.0,0.9995441436767578,1.0,0.9914923310279846,0.8736475706100464,0.008319735527038574,1.168325662612915,0.0,589.0022526948931,ggPh4X7UKwY/00011,5,0.75
0.9997687339782715,0.9896953105926514,0.00015921483281999826,0.0,0.9998083114624023,1.0,0.9896304607391357,0.9287593364715576,0.010290265083312988,0.7555291652679443,0.0,1128.7976812725312,ggPh4X7UKwY/00012,3,0.44999999999999996
0.9991159439086914,0.9886287450790405,0.0012021054280921817,0.0,0.9986408948898315,0.9999998807907104,0.9885885715484619,0.8197128176689148,0.010797858238220215,2.4583945274353027,0.0,241.78134905414228,ggPh4X7UKwY/00012,4,0.6
0.9990834593772888,0.9935119152069092,0.001361715141683817,0.0,0.9985879063606262,1.0,0.9928533434867859,0.7731830477714539,0.0065610408782958984,2.3296725749969482,0.0,161.0485700665942,ggPh4X7UKwY/00012,5,0.75
0.9992135167121887,0.9926275610923767,0.0006073193508200347,0.0,0.9991567134857178,0.9999996423721313,0.9927489757537842,0.7964644432067871,0.006901383399963379,1.622995138168335,0.0,288.5450837319388,ggPh4X7UKwY/00013,21,3.15
0.9989705085754395,0.9926895499229431,0.0007151278550736606,0.0,0.9990824460983276,1.000000238418579,0.9927619099617004,0.780056357383728,0.006858646869659424,1.5975373983383179,0.0,276.1046185674239,ggPh4X7UKwY/00013,22,3.3
0.9996466040611267,0.9897364377975464,0.00032882881350815296,0.0,0.9995502829551697,1.0000001192092896,0.98992520570755,0.8580489158630371,0.009889006614685059,1.1945236921310425,0.0,465.45347709366644,ggPh4X7UKwY/00013,25,3.75
0.9995770454406738,0.9951320886611938,0.00031296946690417826,0.0,0.9996138215065002,1.0,0.9949749112129211,0.8264899253845215,0.004865288734436035,1.1500623226165771,0.0,433.47742941926816,ggPh4X7UKwY/00013,26,3.9
0.9995431900024414,0.9904204607009888,0.00037480975151993334,0.0,0.9994918704032898,0.9999998807907104,0.9903696179389954,0.8708659410476685,0.009420514106750488,1.1380289793014526,0.0,517.0591799249345,ggPh4X7UKwY/00013,27,4.05
0.997588574886322,0.9926751852035522,0.004382126498967409,0.0,0.9956677556037903,1.0,0.9920725226402283,0.5944132804870605,0.006281852722167969,5.709736347198486,0.0,84.1658508258492,ggPh4X7UKwY/00014,12,1.7999999999999998
0.9975994229316711,0.9899237155914307,0.0034207338467240334,0.0,0.9958911538124084,1.0,0.9900947213172913,0.5755866765975952,0.00815272331237793,3.800480842590332,0.0,90.27307775937938,ggPh4X7UKwY/00014,13,1.95
0.9983088374137878,0.9939999580383301,0.002569332253187895,0.0,0.9970887303352356,0.9999998807907104,0.993835985660553,0.5436625480651855,0.004978060722351074,3.2154314517974854,0.0,76.93745494997953,ggPh4X7UKwY/00014,14,2.1
0.9975776672363281,0.9932141304016113,0.003325452795252204,0.0,0.9959544539451599,1.0000001192092896,0.9929332137107849,0.4995599389076233,0.005360007286071777,3.7919857501983643,0.0,70.15148605973862,ggPh4X7UKwY/00014,15,2.25
0.9997002482414246,0.9968553185462952,0.00019295011588837951,0.0,0.9997621178627014,0.9999998807907104,0.9967014193534851,0.879065990447998,0.0031998753547668457,0.9252765774726868,0.0,648.5735518276047,ggPh4X7UKwY/00017,17,2.55
0.9995293617248535,0.9925526976585388,0.0003111362166237086,0.0,0.9996381998062134,0.9999998807907104,0.9922937750816345,0.9134581089019775,0.007557272911071777,1.09519362449646,0.0,1097.9942639718709,ggPh4X7UKwY/00017,18,2.6999999999999997
0.9994011521339417,0.9925472736358643,0.00040262326365336776,0.0,0.9995375871658325,0.9999998807907104,0.9921023845672607,0.8934445381164551,0.007707655429840088,1.1375937461853027,0.0,754.7621617659482,ggPh4X7UKwY/00017,19,2.85
0.9988695979118347,0.9923312664031982,0.0007795235724188387,0.0,0.9991151094436646,1.0,0.9916291236877441,0.8752076029777527,0.008007586002349854,1.5702732801437378,0.0,575.1337452949502,ggPh4X7UKwY/00017,20,3.0
0.9993850588798523,0.9943974018096924,0.000495379907079041,0.00010351266246289015,0.9990720748901367,0.9954373240470886,0.9942048192024231,0.5683526992797852,0.003942906856536865,1.8383811712265015,3.7881581783294678,74.27431988109333,ggPh4X7UKwY/00017,29,4.35
0.9993854761123657,0.9905605912208557,0.0005213129334151745,0.002993128728121519,0.9991146326065063,0.9936597347259521,0.9907167553901672,0.5923850536346436,0.006669104099273682,2.010247230529785,4.423255920410156,87.51780584480443,ggPh4X7UKwY/00017,30,4.5
0.9956545829772949,0.9917387366294861,0.008501733653247356,0.0,0.9917652606964111,1.0,0.988122284412384,0.6259353756904602,0.008366703987121582,6.038387298583984,0.0,76.35461783948041,ggPh4X7UKwY/00019,3,0.44999999999999996
0.9982021450996399,0.9882717728614807,0.0034363223239779472,0.0,0.9965324997901917,1.000000238418579,0.9876788258552551,0.7678292393684387,0.010900735855102539,3.3611226081848145,0.0,182.9264534333769,ggPh4X7UKwY/00019,4,0.6
0.9983285665512085,0.9883550405502319,0.0020864885300397873,0.0,0.9974732995033264,,0.9871091842651367,0.6631684303283691,0.01181936264038086,2.8815982341766357,0.0,236.6519673116995,ggPh4X7UKwY/00019,5,0.75
0.9996365308761597,0.996324360370636,0.0001819099998101592,0.0005060431431047618,0.9997977018356323,0.9963712692260742,0.9962053894996643,0.658980131149292,0.0024710893630981445,0.8346008062362671,3.4860408306121826,82.35513519326433,ggPh4X7UKwY/00019,6,0.8999999999999999
0.9995085597038269,0.9914422035217285,0.000245656498009339,0.0012078725267201662,0.9997414350509644,0.9946199059486389,0.9912933111190796,0.7734906673431396,0.006822347640991211,0.9123399257659912,3.424363136291504,130.26487154292863,ggPh4X7UKwY/00019,7,1.05
0.9979524612426758,0.9926321506500244,0.0030835748184472322,0.0,0.9965789318084717,1.0,0.9931147694587708,0.5988782644271851,0.00528031587600708,4.354800224304199,0.0,90.74141855886565,ggPh4X7UKwY/00019,8,1.2
0.9967644214630127,0.9910476207733154,0.004095937125384808,0.0,0.9946675896644592,0.9999999403953552,0.9909758567810059,0.5192463397979736,0.0067806243896484375,4.397017955780029,0.0,75.36793503636206,ggPh4X7UKwY/00019,9,1.3499999999999999
0.9979753494262695,0.9886918663978577,0.0030374759808182716,0.0,0.9963416457176208,0.9999998211860657,0.9888642430305481,0.6386974453926086,0.009657502174377441,3.3424034118652344,0.0,110.48660987065057,ggPh4X7UKwY/00019,10,1.5
0.9975948929786682,0.9893664717674255,0.003842482343316078,0.0,0.995635986328125,0.9999997019767761,0.9912328124046326,0.5005435347557068,0.007040143013000488,3.839998245239258,0.0,87.2433140576295,ggPh4X7UKwY/00019,11,1.65
0.9991945624351501,0.9946988224983215,0.0006520479219034314,0.0,0.998968780040741,0.9999999403953552,0.9945032000541687,0.7544306516647339,0.00506746768951416,1.580597162246704,0.0,230.25518996566436,ggPh4X7UKwY/00022,38,5.7
0.9994935989379883,0.9932475090026855,0.0004424962680786848,0.0,0.9993659853935242,1.0000001192092896,0.9929715991020203,0.7958576679229736,0.006766617298126221,1.4344453811645508,0.0,245.73376406700714,ggPh4X7UKwY/00022,39,5.85
0.9993465542793274,0.9913487434387207,0.0008318855543620884,0.0,0.9990743398666382,0.9999998807907104,0.9911060929298401,0.7885798215866089,0.008511543273925781,1.6549111604690552,0.0,219.28059800564614,ggPh4X7UKwY/00022,40,6.0
0.9995937943458557,0.988940954208374,0.0003008865751326084,0.0,0.9994979500770569,0.9999996423721313,0.9890454411506653,0.8972423076629639,0.010750532150268555,1.45639967918396,0.0,498.2562265180275,ggPh4X7UKwY/00022,41,6.1499999999999995
0.9997737407684326,0.9923251271247864,0.0001488798443460837,0.0,0.999794602394104,1.0000001192092896,0.9925775527954102,0.917377233505249,0.007337689399719238,0.8992189168930054,0.0,746.915306779428,ggPh4X7UKwY/00022,70,10.5
0.9997570514678955,0.9953173398971558,0.00016026075172703713,0.0,0.999779999256134,0.9999999403953552,0.9951214790344238,0.8589659333229065,0.004787027835845947,0.8505155444145203,0.0,454.78664625523294,ggPh4X7UKwY/00022,71,10.65
0.9996752142906189,0.992401123046875,0.0002098284603562206,0.0,0.9997431039810181,0.9999996423721313,0.9923283457756042,0.8847217559814453,0.007565736770629883,1.0020480155944824,0.0,629.7492629544768,ggPh4X7UKwY/00022,72,10.799999999999999
0.9994769096374512,0.9951387643814087,0.0005960232228972018,0.0,0.9992420077323914,1.000000238418579,0.9947059154510498,0.7557809352874756,0.004978656768798828,1.6052613258361816,0.0,184.06103096763695,ggPh4X7UKwY/00022,73,10.95
0.9990779757499695,0.9908043742179871,0.0015216657193377614,0.0,0.9984825253486633,0.9999998807907104,0.991513729095459,0.7743740081787109,0.007893919944763184,2.774859666824341,0.0,180.20997239731926,ggPh4X7UKwY/00022,74,11.1
0.9994924664497375,0.9915661215782166,0.0002399535442236811,0.0001350804086541757,0.9997329711914062,0.9971828460693359,0.9914538860321045,0.7629387974739075,0.007246494293212891,0.91593337059021,3.7832589149475098,106.84261375433863,gj3ZnKlHqxI/00018,1,0.15
0.9993274807929993,0.9938822984695435,0.00032536668004468083,0.0009471947560086846,0.9996645450592041,0.9981783628463745,0.9940398335456848,0.7325879335403442,0.0049942731857299805,1.0591444969177246,2.8666234016418457,101.27793231157352,gj3ZnKlHqxI/00018,2,0.3
0.9995913505554199,0.9912036061286926,0.00019713491201400757,0.0065995254553854465,0.9997822046279907,0.9926033020019531,0.9912036657333374,0.597439169883728,0.005156874656677246,0.8887261152267456,6.226904392242432,58.51378927092313,gj3ZnKlHqxI/00018,3,0.44999999999999996
0.9998136758804321,0.9972987174987793,0.00013039633631706238,0.0026230982039123774,0.9997896552085876,0.9964330196380615,0.9973868131637573,0.3325982689857483,0.001180410385131836,0.8025583624839783,3.429814338684082,38.62641761580577,gjCwsdCssdk/00001,3,0.44999999999999996
0.9997860789299011,0.9947757720947266,0.0001901997165987268,0.002155778231099248,0.99972003698349,0.9960830807685852,0.9946879148483276,0.5943501591682434,0.0037431716918945312,0.9143809080123901,3.4883341789245605,76.74362385575121,gjCwsdCssdk/00001,4,0.6
0.9996353983879089,0.9946208596229553,0.00033943302696570754,0.00035936219501309097,0.9995450973510742,0.9955072402954102,0.9944630861282349,0.5565131902694702,0.0036498308181762695,1.1819243431091309,3.8907809257507324,71.4116905854396,gjCwsdCssdk/00001,5,0.75
0.9995232224464417,0.995448112487793,0.0004766881465911865,0.001575705362483859,0.9993634223937988,0.9965350031852722,0.9950500726699829,0.5405632257461548,0.0034165382385253906,1.4038728475570679,3.6808722019195557,73.2024274080191,gjCwsdCssdk/00001,6,0.8999999999999999
0.9998562335968018,0.9942829608917236,0.0001069520803866908,0.0018902617739513516,0.9998033046722412,0.9953320026397705,0.9943215250968933,0.6426635384559631,0.0038591623306274414,0.7752755284309387,3.667975664138794,97.97211463987242,gjCwsdCssdk/00001,7,1.05
0.9997073411941528,0.9962832927703857,0.0002816934429574758,0.000290034367935732,0.9995934367179871,0.9975743889808655,0.9960806965827942,0.5589795112609863,0.0028567910194396973,1.188118577003479,2.8369858264923096,91.78666311663557,gjCwsdCssdk/00001,8,1.2
0.9997143745422363,0.9930115938186646,0.00021621213818434626,0.0005100282141938806,0.999600887298584,0.997128427028656,0.9931244254112244,0.5867162942886353,0.005643665790557861,1.126726508140564,3.702948570251465,82.97033633624278,gjCwsdCssdk/00001,9,1.3499999999999999
0.9998658299446106,0.9952919483184814,9.990607213694602e-05,0.0003325195284560323,0.9998430609703064,0.9964039325714111,0.9952226281166077,0.5534782409667969,0.0033075809478759766,0.6750574111938477,4.209117889404297,55.33837831732018,gjCwsdCssdk/00001,10,1.5
0.9997744560241699,0.9947571754455566,0.00018470674694981426,0.001172390067949891,0.9997209906578064,0.9963008761405945,0.9947335720062256,0.5401156544685364,0.003760039806365967,0.9529852271080017,4.715531826019287,51.10333635692565,gjCwsdCssdk/00001,11,1.65
0.999536395072937,0.99359530210495,0.0004125871055293828,0.00014768469554837793,0.9993371963500977,0.9972712993621826,0.9932589530944824,0.6785228252410889,0.005484104156494141,1.3367211818695068,2.9448018074035645,120.52322246697311,gjCwsdCssdk/00001,12,1.7999999999999998
0.9991223812103271,0.9884898066520691,0.0009025216568261385,0.0026959236711263657,0.9985689520835876,0.9946630597114563,0.9878897666931152,0.6690079569816589,0.009626626968383789,2.706757068634033,3.6691088676452637,116.3754333825706,gjCwsdCssdk/00001,25,3.75
0.9987778663635254,0.9944562911987305,0.0012482425663620234,0.0013000373728573322,0.9978359341621399,0.9967584013938904,0.994554877281189,0.39944082498550415,0.003421604633331299,2.4788198471069336,3.224146604537964,60.012479631185414,gjCwsdCssdk/00001,26,3.9
0.9998301267623901,0.9957512617111206,0.00014549340994562954,7.718858796579298e-06,0.9997685551643372,0.9999235272407532,0.9956372976303101,0.8506243824958801,0.004247903823852539,0.8747226595878601,0.4808539152145386,500.0467107614838,gjCwsdCssdk/00002,5,0.75
0.9998559951782227,0.9945148229598999,0.00013762569869868457,9.423496521776542e-05,0.9997790455818176,0.9997389912605286,0.9945691823959351,0.8270259499549866,0.0052509307861328125,0.7867364287376404,0.8912524580955505,424.92748141883163,gjCwsdCssdk/00002,6,0.8999999999999999
0.9998577833175659,0.9912325143814087,0.00012607882672455162,1.0639470929163508e-05,0.9997988343238831,0.9999650120735168,0.9911887049674988,0.9251449108123779,0.00872337818145752,0.7579984068870544,0.35079655051231384,1070.2144088789958,gjCwsdCssdk/00002,7,1.05
0.9980411529541016,0.9941604733467102,0.001937161898240447,6.669759750366211e-05,0.9970230460166931,0.9998801350593567,0.9934890866279602,0.6380406022071838,0.005363941192626953,3.3150806427001953,0.5952920913696289,94.98964189250732,gjCwsdCssdk/00002,12,1.7999999999999998
0.9963370561599731,0.9952142238616943,0.0036259531043469906,5.7220458984375e-06,0.9944887161254883,0.9998367428779602,0.9931062459945679,0.4370124936103821,0.004852235317230225,5.5520758628845215,0.6561469435691833,50.3814280065576,gjCwsdCssdk/00002,13,1.95
0.9959610104560852,0.9948424100875854,0.004010480362921953,5.841255187988281e-06,0.9942507743835449,0.9999599456787109,0.9928655624389648,0.6080761551856995,0.0049741268157958984,4.1367902755737305,0.3644438683986664,85.11051108633802,gjCwsdCssdk/00002,14,2.1
0.9970238208770752,0.9907370805740356,0.002942223334684968,2.2411346435546875e-05,0.9957618713378906,0.9997758865356445,0.9905723333358765,0.6313817501068115,0.007764935493469238,3.5506064891815186,0.7959206104278564,101.0898006344034,gjCwsdCssdk/00002,15,2.25
0.997248649597168,0.9957418441772461,0.002721532015129924,6.58631615806371e-05,0.9961563944816589,0.9998789429664612,0.995147705078125,0.5362149477005005,0.003371715545654297,3.5402092933654785,0.6342729926109314,72.7182670612521,gjCwsdCssdk/00002,16,2.4
0.9998202323913574,0.9949367046356201,0.00017976760864257812,4.0517174056731164e-05,0.9996403455734253,0.9997255802154541,0.9949529767036438,0.8366567492485046,0.0048667192459106445,0.8883956074714661,0.7915767431259155,381.877972376469,gjCwsdCssdk/00003,0,0.0
0.9999743103981018,0.995751142501831,2.5928020477294922e-05,0.0001456876052543521,0.9999481439590454,0.9996163249015808,0.9957522749900818,0.8302786946296692,0.004107654094696045,0.31479182839393616,0.9455361366271973,564.112006370462,gjCwsdCssdk/00003,1,0.15
0.9999241232872009,0.9957141876220703,7.575750350952148e-05,0.00019126239931210876,0.9998485445976257,0.9996183514595032,0.9956896901130676,0.821796715259552,0.00414586067199707,0.5629942417144775,0.9674956798553467,558.4423479826085,gjCwsdCssdk/00003,2,0.3
0.9999666213989258,0.9938642382621765,3.334881330374628e-05,0.00011674677080009133,0.9999333620071411,0.999880313873291,0.9939272403717041,0.8895308375358582,0.006016373634338379,0.3623782694339752,0.5510808825492859,749.7853025131611,gjCwsdCssdk/00003,3,0.44999999999999996
0.9999778270721436,0.9940249919891357,2.2321959477267228e-05,6.70134904794395e-05,0.9999555349349976,0.9995927810668945,0.9940477013587952,0.8477417826652527,0.0058062076568603516,0.2901401221752167,0.973793625831604,542.4259263323601,gjCwsdCssdk/00003,4,0.6
0.9999680519104004,0.993340253829956,3.2067298889160156e-05,0.00035757385194301605,0.9999361634254456,0.9995076060295105,0.9933371543884277,0.8416513204574585,0.006484389305114746,0.35009947419166565,1.189197063446045,567.0698274674687,gjCwsdCssdk/00003,8,1.2
0.999970018863678,0.9962952733039856,2.9981136322021484e-05,1.1492057637951802e-05,0.999940037727356,0.9998001456260681,0.9962850213050842,0.8362037539482117,0.0036336183547973633,0.3495842516422272,0.7451005578041077,596.9367572923751,gjCwsdCssdk/00003,9,1.3499999999999999
0.999956488609314,0.9891484379768372,4.3511390686035156e-05,6.51590307825245e-05,0.9999130368232727,0.9996770024299622,0.9892026782035828,0.9004809260368347,0.010669231414794922,0.38884174823760986,0.7898614406585693,793.4834569314709,gjCwsdCssdk/00003,10,1.5
0.9999244809150696,0.9959539771080017,7.534027099609375e-05,0.0006362769054248929,0.9998490810394287,0.9990944862365723,0.996039867401123,0.6896348595619202,0.0036231279373168945,0.49932801723480225,1.4216469526290894,238.65574303289975,gjCwsdCssdk/00003,11,1.65
0.9999760389328003,0.9934759736061096,2.37524691328872e-05,0.001969217089936137,0.9999526143074036,0.9939355850219727,0.9934334754943848,0.3485638201236725,0.004334151744842529,0.30829501152038574,4.85925817489624,52.40768290481461,gjCwsdCssdk/00005,26,3.9
0.999961256980896,0.9892340898513794,3.877283234032802e-05,0.001039455528371036,0.9999226331710815,0.9902580380439758,0.9892241954803467,0.37535038590431213,0.0070302486419677734,0.38056865334510803,6.4086761474609375,57.77083563033569,gjCwsdCssdk/00005,27,4.05
0.9999626278877258,0.9961862564086914,3.74913215637207e-05,0.0026331760454922915,0.9999256134033203,0.9952702522277832,0.996209442615509,0.2216712087392807,0.0020323991775512695,0.37135758996009827,3.89809513092041,50.80152699127686,gjCwsdCssdk/00005,28,4.2
0.9999576807022095,0.9958021640777588,4.217029709252529e-05,0.00015343302220571786,0.999915599822998,0.9982876181602478,0.9958035945892334,0.6121258735656738,0.0035349130630493164,0.404154509305954,2.236804485321045,131.41345333932185,gjCwsdCssdk/00006,3,0.44999999999999996
0.9999553561210632,0.996184229850769,4.45246696472168e-05,0.0007460597553290427,0.9999110698699951,0.9983961582183838,0.9961922764778137,0.5944415926933289,0.003185749053955078,0.42434221506118774,2.2681145668029785,143.68899167491355,gjCwsdCssdk/00006,4,0.6
0.9999460577964783,0.9979516267776489,5.418062210083008e-05,0.0007550452137365937,0.999891996383667,0.9985750317573547,0.9978687167167664,0.4509263038635254,0.0015718936920166016,0.4377508759498596,1.9694024324417114,92.87724954827873,gjCwsdCssdk/00006,5,0.75
0.9992823004722595,0.9953874945640564,0.0006518765585497022,3.2368778192903847e-05,0.9990255236625671,0.9998334050178528,0.994598388671875,0.7506603598594666,0.0049842000007629395,1.5996005535125732,0.6848516464233398,238.99664391002787,gjCwsdCssdk/00007,6,0.8999999999999999
0.9993817806243896,0.9928078055381775,0.0005379412323236465,7.999471563380212e-05,0.9991453289985657,0.9997842907905579,0.9925234913825989,0.8357097506523132,0.0070882439613342285,1.4822040796279907,0.7904072999954224,453.529336371775,gjCwsdCssdk/00007,7,1.05
0.9996298551559448,0.9916150569915771,0.00033873383654281497,0.0030233620200306177,0.9995158314704895,0.9936137795448303,0.9916460514068604,0.5567313432693481,0.0060901641845703125,1.1603260040283203,4.238137245178223,76.44377025288853,gjCwsdCssdk/00007,8,1.2
0.9996417164802551,0.9937364459037781,0.0003229592111892998,0.0010899174958467484,0.999508798122406,0.9965408444404602,0.9935787320137024,0.6472290754318237,0.005091071128845215,1.1574177742004395,3.090447187423706,117.46512670764157,gjCwsdCssdk/00007,9,1.3499999999999999
0.9936461448669434,0.9925034642219543,0.006731303408741951,0.000163979348144494,0.9883129596710205,0.9997782707214355,0.9912732243537903,0.31156468391418457,0.004316747188568115,7.644379615783691,0.6902727484703064,29.880413013227635,gjCwsdCssdk/00007,34,5.1
0.996717095375061,0.989733874797821,0.0031685279682278633,0.0006186314858496189,0.9946320652961731,0.9994211196899414,0.9890856742858887,0.683982253074646,0.008731484413146973,4.322458744049072,1.065138816833496,125.59675991909984,gjCwsdCssdk/00007,35,5.25
0.9999999403953552,0.9964668154716492,0.0,0.0001779720769263804,,0.9983773231506348,0.9964668154716492,0.12091554701328278,0.0030052661895751953,0.0,3.7911040782928467,63.47687350485674,gjCwsdCssdk/00008,1,0.15
1.0,0.9952065944671631,0.0,0.0016976188635453582,,0.9965812563896179,0.9952065944671631,0.22622370719909668,0.0035963058471679688,0.0,3.359650135040283,99.33548869121566,gjCwsdCssdk/00008,2,0.3
1.0,0.9970791935920715,0.0,0.00041978262015618384,,0.998889148235321,0.9970791935920715,0.37176382541656494,0.002553224563598633,0.0,1.911603331565857,124.43894986680093,gjCwsdCssdk/00008,3,0.44999999999999996
0.9952698945999146,0.9924673438072205,0.004730135202407837,0.0,0.9905397295951843,0.9999997615814209,0.994401752948761,0.305822491645813,0.003072381019592285,7.7325944900512695,0.0,33.56819692152074,gjCwsdCssdk/00008,4,0.6
0.9986234307289124,0.9949755668640137,0.0013762116432189941,0.0,0.9972472190856934,1.0,0.9953240752220154,0.6153547167778015,0.003997325897216797,2.7317090034484863,0.0,110.88797079955613,gjCwsdCssdk/00008,5,0.75
0.9963738918304443,0.9926843643188477,0.0036261379718780518,0.0,0.9927476644515991,1.0,0.9942982196807861,0.44022905826568604,0.003935098648071289,4.039477825164795,0.0,71.54372351176636,gjCwsdCssdk/00008,6,0.8999999999999999
0.9996463656425476,0.9972689747810364,0.0002940162376035005,0.0,0.9995362162590027,1.0000003576278687,0.9970260858535767,0.7448709607124329,0.002789020538330078,1.266235589981079,0.0,237.2703307059245,gjCwsdCssdk/00012,11,1.65
0.9995723962783813,0.9968517422676086,0.0003831680805888027,0.0,0.9994406700134277,1.0000003576278687,0.9966223835945129,0.7384455800056458,0.0031543970108032227,1.4253970384597778,0.0,235.63424797322008,gjCwsdCssdk/00012,12,1.7999999999999998
0.9992257952690125,0.9961170554161072,0.0007480076747015119,0.0,0.998947262763977,1.0,0.996138870716095,0.6555395126342773,0.0034387707710266113,1.71958327293396,0.0,160.9365469383242,gjCwsdCssdk/00012,13,1.95
0.9994457364082336,0.9941127300262451,0.0007043792866170406,0.0,0.9991583824157715,0.9999995231628418,0.9943357706069946,0.7898975610733032,0.005327403545379639,1.494708776473999,0.0,223.9179872220008,gjCwsdCssdk/00012,14,2.1
0.9997953176498413,0.9971960186958313,0.0001773875846993178,0.0,0.9997138977050781,0.9999998807907104,0.9971075057983398,0.7941900491714478,0.0027785301208496094,0.980548083782196,0.0,326.28575928966393,gjCwsdCssdk/00012,15,2.25
0.9997599720954895,0.9921841621398926,0.00023990869522094727,0.003823276609182358,0.9995200634002686,0.9909922480583191,0.99237459897995,0.25544217228889465,0.0034698843955993652,1.0156569480895996,7.579212665557861,50.967575025968415,gjCwsdCssdk/00012,23,3.4499999999999997
0.9997250437736511,0.9945119619369507,0.0002747178077697754,9.634863818064332e-05,0.9994505643844604,0.9973902702331543,0.9944012761116028,0.40800681710243225,0.004437446594238281,1.021721601486206,3.954720973968506,61.71953224349792,gjCwsdCssdk/00012,24,3.5999999999999996
0.9969713687896729,0.9944157600402832,0.002896946854889393,9.300425517722033e-06,0.9959492683410645,0.9998930096626282,0.9939267039299011,0.5707681179046631,0.004519462585449219,3.546224355697632,0.5465372204780579,86.31286688414416,gjCwsdCssdk/00012,25,3.75
0.9994370341300964,0.9952565431594849,0.0003752541961148381,0.00014469027519226074,0.9995267987251282,0.9998130798339844,0.9948220252990723,0.8215163946151733,0.004912972450256348,1.1614997386932373,0.7395683526992798,401.3447290708908,gjCwsdCssdk/00013,2,0.3
0.9998195171356201,0.9975716471672058,0.0001051572326105088,3.874301910400391e-06,0.9998309016227722,0.9998051524162292,0.9975705742835999,0.7672680616378784,0.0022861361503601074,0.7554202675819397,0.7669305205345154,327.3939424434032,gjCwsdCssdk/00013,3,0.44999999999999996
0.9995572566986084,0.996436357498169,0.0006714334595017135,4.76837158203125e-05,0.9992340207099915,0.9998934864997864,0.9964079260826111,0.7577372789382935,0.0032318830490112305,1.6609729528427124,0.6064088940620422,159.20204312173374,gjCwsdCssdk/00013,16,2.4
0.9986975789070129,0.9944186806678772,0.0011855765478685498,0.00023627281188964844,0.9983662962913513,0.999197244644165,0.9939107894897461,0.6877375245094299,0.005107998847961426,2.2746758460998535,1.5911704301834106,154.27724614426916,gjCwsdCssdk/00013,17,2.55
0.9990506172180176,0.9961563348770142,0.0011051608016714454,0.0004189014434814453,0.9986280798912048,0.9993402361869812,0.9962514042854309,0.5771042108535767,0.002929210662841797,2.1304092407226562,1.4374275207519531,107.16770039527933,gjCwsdCssdk/00013,18,2.6999999999999997
0.9983059763908386,0.9949060678482056,0.0026503303088247776,6.842613220214844e-05,0.9971781969070435,0.9996463656425476,0.9940225481987,0.6909164190292358,0.00467526912689209,2.850538492202759,1.0332820415496826,136.32500187894283,gjCwsdCssdk/00013,19,2.85
0.9990302920341492,0.9963984489440918,0.0010507103288546205,0.00025922214263118804,0.9983015656471252,0.9965529441833496,0.9964015483856201,0.23008286952972412,0.001556992530822754,2.1829426288604736,3.5745933055877686,38.151198188867035,gjCwsdCssdk/00013,20,3.0
0.9943624138832092,0.9967843890190125,0.0034591162111610174,6.91208551870659e-05,0.9946682453155518,0.9998906254768372,0.9938437342643738,0.4265955090522766,0.0037102699279785156,4.93263053894043,0.5679486393928528,68.92735519798639,gjCwsdCssdk/00013,21,3.15
0.99663907289505,0.9933299422264099,0.004568950273096561,0.0006880452856421471,0.9932571053504944,0.9970009922981262,0.9933646321296692,0.3569493293762207,0.0031398534774780273,4.277859687805176,3.682919502258301,44.894090795326015,gjCwsdCssdk/00013,22,3.3
0.9966924786567688,0.992245078086853,0.002889449242502451,8.738040924072266e-05,0.9956889748573303,0.9998920559883118,0.9935196042060852,0.5768918991088867,0.004621267318725586,3.828481912612915,0.5786627531051636,85.1739467659883,gjCwsdCssdk/00013,23,3.4499999999999997
0.9972535967826843,0.9975242614746094,0.0021939368452876806,0.00010213256609858945,0.9965327382087708,0.999824583530426,0.996226966381073,0.40802890062332153,0.0022667646408081055,3.460930347442627,0.7446245551109314,63.559867561539434,gjCwsdCssdk/00013,24,3.5999999999999996
0.9978020787239075,0.9913670420646667,0.0020233229734003544,2.09808349609375e-05,0.9973989129066467,0.99986332654953,0.9932168126106262,0.6653584241867065,0.005710005760192871,3.462402582168579,0.5634958148002625,112.01133005115022,gjCwsdCssdk/00013,25,3.75
0.9961202144622803,0.9908298254013062,0.0034171140287071466,2.5123375962721184e-05,0.9951396584510803,0.9999117851257324,0.9923882484436035,0.5002619028091431,0.005450248718261719,5.0865559577941895,0.529665470123291,66.18798342789678,gjCwsdCssdk/00013,26,3.9
0.9982721209526062,0.9950644373893738,0.0019517878536134958,0.0,0.9973345398902893,1.0000003576278687,0.9940633773803711,0.5558432936668396,0.0048313140869140625,2.9354629516601562,0.0,99.05814672185832,gjCwsdCssdk/00014,18,2.6999999999999997
0.9979948401451111,0.9989826679229736,0.002867907751351595,0.0,0.9966906905174255,0.9999998807907104,0.997066080570221,0.23310235142707825,0.001543879508972168,3.513286590576172,0.0,47.899993440377166,gjCwsdCssdk/00014,19,2.85
0.9983192086219788,0.9965755939483643,0.002296122256666422,0.0,0.997057318687439,1.0,0.9952361583709717,0.45740583539009094,0.003558218479156494,3.5451107025146484,0.0,64.55395178026517,gjCwsdCssdk/00014,21,3.15
0.9971099495887756,0.993512749671936,0.00393391028046608,0.0,0.9952442646026611,1.0000003576278687,0.9934882521629333,0.5286350250244141,0.004461526870727539,4.673488616943359,0.0,76.63038389699872,gjCwsdCssdk/00014,22,3.3
1.0000001192092896,0.9970265626907349,0.0,0.0002223335177404806,,0.9995549321174622,0.9970265626907349,0.5506885051727295,0.0027973055839538574,0.0,1.2591878175735474,176.478816296908,gjCwsdCssdk/00017,1,0.15
1.0000001192092896,0.9942225217819214,0.0,0.0021511323284357786,,0.9932772517204285,0.9942225217819214,0.026842648163437843,0.0030434131622314453,0.0,5.958341121673584,41.120076341580855,gjCwsdCssdk/00017,2,0.3
0.9948864579200745,0.9946101307868958,0.003623046213760972,5.0070491852238774e-05,0.992711067199707,0.9998536109924316,0.99510657787323,0.31555935740470886,0.002377033233642578,5.831831932067871,0.6078708171844482,31.319466355799328,gjCwsdCssdk/00017,3,0.44999999999999996
0.9967172741889954,0.9957108497619629,0.002326550194993615,3.0795323255006224e-05,0.9947254061698914,0.9998741745948792,0.994670569896698,0.42657938599586487,0.003569662570953369,4.152496337890625,0.5520685911178589,58.79082556677844,gjCwsdCssdk/00017,4,0.6
0.9963102340698242,0.9957200884819031,0.002637401921674609,3.981472764280625e-05,0.9945647120475769,0.9998595714569092,0.9963922500610352,0.31295910477638245,0.001792311668395996,4.844638824462891,0.6178674697875977,35.76673405326418,gjCwsdCssdk/00017,5,0.75
0.9994357228279114,0.9924357533454895,0.000699007825460285,6.583202048204839e-05,0.9993444085121155,0.9999199509620667,0.9925439357757568,0.8755928874015808,0.007123470306396484,1.533365249633789,0.5688024163246155,280.3243011336152,gjCwsdCssdk/00019,8,1.2
0.9997162818908691,0.9978300929069519,0.00037488003727048635,4.319102663430385e-05,0.9996235370635986,0.9998777508735657,0.9978848099708557,0.730726420879364,0.001891791820526123,1.2404937744140625,0.7112061381340027,133.56451936619865,gjCwsdCssdk/00019,9,1.3499999999999999
0.999584972858429,0.9955390691757202,0.0004312527016736567,0.00012089870870113373,0.9995923638343811,0.99980229139328,0.9958766102790833,0.8036537170410156,0.0038521289825439453,1.2387303113937378,0.8657248020172119,186.46919379290955,gjCwsdCssdk/00019,10,1.5
0.9981389045715332,0.9952234029769897,0.0025178382638841867,1.4686129361507483e-05,0.996997058391571,0.9998473525047302,0.9945824146270752,0.6603423357009888,0.0039937496185302734,3.1467483043670654,0.6903492212295532,75.23471697638276,gjCwsdCssdk/00019,29,4.35
0.9991745948791504,0.9966510534286499,0.0011634334223344922,6.928860966581851e-05,0.9989481568336487,0.9998644590377808,0.9965721368789673,0.7230915427207947,0.0028897523880004883,2.110701322555542,0.7364838123321533,113.05813044848652,gjCwsdCssdk/00019,30,4.5
0.9996698498725891,0.995367169380188,0.00016508101543877274,0.001116954954341054,0.9998350143432617,0.9991101026535034,0.9955611228942871,0.7112675905227661,0.003954052925109863,0.7593225836753845,2.676546573638916,102.709733950734,gjfYohXoiz0/00001,2,0.3
0.9996160268783569,0.995459794998169,0.0003013837558683008,0.0007460858905687928,0.9996436834335327,0.9979087114334106,0.9956745505332947,0.6061602234840393,0.0032567977905273438,1.089959979057312,2.768512010574341,78.5414274216021,gjfYohXoiz0/00001,3,0.44999999999999996
0.9985877871513367,0.9948368072509766,0.0023424734827131033,0.00014415108307730407,0.9974825978279114,0.9983987808227539,0.9944998621940613,0.5742648839950562,0.0037997961044311523,2.94596529006958,2.4103684425354004,67.60074758170013,gjfYohXoiz0/00001,4,0.6
0.9959854483604431,0.986671507358551,0.004757874645292759,0.0,0.9944888949394226,0.9999998807907104,0.990067183971405,0.6725987195968628,0.007425904273986816,4.506327152252197,2.7735404728446156e-06,89.52461362447691,gjfYohXoiz0/00001,12,1.7999999999999998
0.9952466487884521,0.9895359873771667,0.005167821422219276,0.0,0.9936259984970093,1.0,0.9925910830497742,0.5043330192565918,0.004324376583099365,6.330588340759277,2.8655692858592374e-06,51.84743571026827,gjfYohXoiz0/00001,13,1.95
0.9977388978004456,0.9911491274833679,0.0025741769932210445,5.960464477539063e-08,0.997052013874054,0.9999998807907104,0.9913647770881653,0.7650572061538696,0.007363796234130859,3.471797466278076,2.890369160013506e-06,133.24576030361183,gjfYohXoiz0/00001,14,2.1
0.9944415092468262,0.995344340801239,0.0063119251281023026,0.0,0.9931935667991638,0.9999998807907104,0.9911258816719055,0.5141695141792297,0.005658268928527832,6.547413349151611,2.967614136650809e-06,56.795112433018595,gjfYohXoiz0/00001,15,2.25
0.9963082075119019,0.9931325316429138,0.003942349925637245,5.960464477539063e-08,0.9948855042457581,0.9999999403953552,0.9903870224952698,0.567793607711792,0.00757908821105957,6.174746990203857,2.4376267901971005e-06,67.48347650650298,gjfYohXoiz0/00001,16,2.4
0.9974644184112549,0.9940643310546875,0.0024297635536640882,0.0,0.9968398213386536,1.000000238418579,0.9942057132720947,0.672829806804657,0.004397273063659668,3.474677801132202,3.064535349039943e-06,90.16640899411983,gjfYohXoiz0/00001,17,2.55
0.9975616931915283,0.9965792298316956,0.0026523356791585684,5.960464477539063e-08,0.9963792562484741,1.0000001192092896,0.9956132769584656,0.578644871711731,0.00282132625579834,3.6658968925476074,2.7588944249146152e-06,58.478775682356414,gjfYohXoiz0/00001,26,3.9
0.9955865144729614,0.9910302758216858,0.006878510117530823,0.0,0.9932268857955933,1.0000001192092896,0.9917992949485779,0.5309202075004578,0.005448043346405029,6.313900470733643,2.801141590680345e-06,43.182436785341594,gjfYohXoiz0/00001,27,4.05
0.9977300763130188,0.9950118660926819,0.0023147512692958117,0.0,0.996872067451477,0.9999999403953552,0.9943240284919739,0.6211065649986267,0.004311323165893555,3.4132156372070312,2.740446689131204e-06,69.82075133550872,gjfYohXoiz0/00001,28,4.2
0.9998580813407898,0.9965842366218567,5.377715206122957e-05,9.48140150285326e-05,0.9999254941940308,0.9979062080383301,0.9966813325881958,0.7257456183433533,0.0024900436401367188,0.5275104641914368,2.709848403930664,82.41023916555865,gjfYohXoiz0/00012,14,2.1
0.9993326663970947,0.9934201836585999,0.00028298934921622276,0.00047765750787220895,0.9996652007102966,0.9969663619995117,0.9932889938354492,0.7095484733581543,0.005470991134643555,1.0631382465362549,4.227293491363525,76.49163631881035,gjfYohXoiz0/00012,15,2.25
0.9995911121368408,0.9932124018669128,0.0005281314952298999,0.0005765644600614905,0.9995015859603882,0.997031033039093,0.9932162761688232,0.762243926525116,0.005469322204589844,1.2256332635879517,3.175933837890625,116.73902342964294,gjfYohXoiz0/00012,16,2.4
0.9988938570022583,0.9903781414031982,0.001144189853221178,0.0013863386120647192,0.9989829063415527,0.993316650390625,0.990647554397583,0.6518809795379639,0.006454944610595703,1.7031840085983276,3.820910930633545,79.32942949009184,gjfYohXoiz0/00012,17,2.55
0.9993977546691895,0.9929994344711304,0.0006950351526029408,0.00017748102254699916,0.9992402195930481,0.9993455410003662,0.9927774667739868,0.8187976479530334,0.006647348403930664,1.6232565641403198,1.7261654138565063,193.18388152905547,gjfYohXoiz0/00012,18,2.6999999999999997
0.9990017414093018,0.9880614280700684,0.0008934435900300741,0.003089482430368662,0.9990348815917969,0.9962406754493713,0.9878279566764832,0.746081531047821,0.010587871074676514,1.6348507404327393,4.717016696929932,112.45968669295317,gjfYohXoiz0/00012,19,2.85
0.9994639158248901,0.9910566806793213,0.0005403391551226377,0.0021617943421006203,0.9994983673095703,0.9926740527153015,0.9913503527641296,0.6509866118431091,0.005267083644866943,1.3242754936218262,6.930100917816162,49.60346305790159,gjfYohXoiz0/00012,20,3.0
0.9992882013320923,0.9916436076164246,0.0011248544324189425,0.0011339373886585236,0.9990395903587341,0.9921651482582092,0.9918082356452942,0.6145460605621338,0.005080282688140869,1.7325135469436646,7.229981422424316,40.293436551591896,gjfYohXoiz0/00012,21,3.15
0.9995705485343933,0.9961614608764648,0.00018151005497202277,0.0005113081424497068,0.9997702836990356,0.9978484511375427,0.9959459900856018,0.7384580969810486,0.0031517744064331055,0.9003369808197021,2.732905864715576,108.6802195211003,gjfYohXoiz0/00012,27,4.05
0.9996665716171265,0.9940004348754883,0.0001686482719378546,0.0014918682863935828,0.9998119473457336,0.9962210655212402,0.993699312210083,0.5377898812294006,0.004639148712158203,0.7831645011901855,3.9032950401306152,63.0830107146112,gjfYohXoiz0/00012,28,4.2
0.9997175335884094,0.9959354400634766,0.00014349994307849556,0.000972831214312464,0.9998437762260437,0.995987057685852,0.9959850907325745,0.4371531307697296,0.00222933292388916,0.742256224155426,4.022831916809082,47.036379914045625,gjfYohXoiz0/00012,29,4.35
0.999470055103302,0.9926474690437317,0.0002668975794222206,0.0006765773287042975,0.999699592590332,0.9947562217712402,0.9929179549217224,0.4777553379535675,0.004721403121948242,0.912001371383667,4.8677520751953125,52.653860777752165,gjfYohXoiz0/00012,30,4.5
0.9990374445915222,0.9853887557983398,0.0009970489190891385,0.0024180058389902115,0.9987322688102722,0.9942033886909485,0.9858019351959229,0.7574143409729004,0.011342883110046387,2.033353805541992,3.5954930782318115,145.3264000201668,goiyLgCzgSI/00007,1,0.15
0.9992307424545288,0.9886411428451538,0.0006690258160233498,0.0024564210325479507,0.9991110563278198,0.991646409034729,0.9888312220573425,0.5280531644821167,0.007430672645568848,1.7868226766586304,6.934303283691406,45.814265200751365,goiyLgCzgSI/00007,2,0.3
0.9985665082931519,0.9944389462471008,0.0017572883516550064,0.0001933968160301447,0.9981294274330139,0.9964874386787415,0.9946374893188477,0.41711726784706116,0.0031628012657165527,2.514871120452881,3.3338968753814697,53.18797689658827,goiyLgCzgSI/00007,3,0.44999999999999996
0.999088704586029,0.9956766963005066,0.0009922677418217063,0.0006320527172647417,0.9988143444061279,0.9967598915100098,0.9955198168754578,0.4120980501174927,0.0026743412017822266,2.0714375972747803,3.4410271644592285,49.07947337618246,goiyLgCzgSI/00007,4,0.6
0.9994568228721619,0.9929701089859009,0.0004474366724025458,0.0023104699794203043,0.9995225667953491,0.9965871572494507,0.9938265085220337,0.6962792277336121,0.004579722881317139,1.4093400239944458,3.429908514022827,108.64334851852401,goiyLgCzgSI/00012,13,1.95
0.9991480708122253,0.9938138723373413,0.0005710095283575356,0.00019289298506919295,0.9992560148239136,0.9995458722114563,0.9943825006484985,0.701607346534729,0.005112051963806152,1.59304678440094,1.2040107250213623,154.70123798478593,goiyLgCzgSI/00012,14,2.1
0.9990479946136475,0.99266117811203,0.0006696034106425941,0.0009688285063020885,0.9989815354347229,0.9984469413757324,0.9928056597709656,0.6611035466194153,0.006143689155578613,1.8018805980682373,2.574964761734009,106.91087091881062,goiyLgCzgSI/00012,15,2.25
0.9992659091949463,0.9969655871391296,0.0006344521534629166,4.4155633077025414e-05,0.9991948008537292,0.9987179040908813,0.9970672726631165,0.47401416301727295,0.0020699501037597656,1.6622421741485596,1.9907188415527344,77.23290188630247,goiyLgCzgSI/00012,16,2.4
0.9992808103561401,0.9460907578468323,0.000381915015168488,0.06607381999492645,0.9995025992393494,0.9226341247558594,0.94639652967453,0.36884185671806335,0.0097883939743042,1.2842413187026978,19.11206817626953,30.840886112820357,goiyLgCzgSI/00013,9,1.3499999999999999
0.9986190795898438,0.9483106732368469,0.0005329682026058435,0.06077130138874054,0.9993048310279846,0.9207547307014465,0.9481901526451111,0.3677447736263275,0.009063243865966797,1.4597320556640625,19.67882537841797,24.540617253048786,goiyLgCzgSI/00013,10,1.5
0.9994542002677917,0.946148693561554,0.00037921161856502295,0.06519618630409241,0.9995383024215698,0.9243981242179871,0.9465798735618591,0.3760411739349365,0.010307788848876953,1.2550071477890015,19.88327980041504,30.018394986961148,goiyLgCzgSI/00013,11,1.65
0.9992281794548035,0.9488530158996582,0.0003222539962735027,0.06193137913942337,0.9996357560157776,0.9249079823493958,0.9489762187004089,0.36836642026901245,0.009373009204864502,1.0143095254898071,18.58786964416504,24.2080697445026,goiyLgCzgSI/00013,12,1.7999999999999998
0.9995883703231812,0.9677072167396545,0.00015688205894548446,0.05290443077683449,0.9998567700386047,0.9466774463653564,0.9677322506904602,0.3952651917934418,0.006378054618835449,0.7093105912208557,16.49488067626953,26.716214467666624,goiyLgCzgSI/00014,4,0.6
0.99879390001297,0.9909963607788086,0.002101923106238246,0.0049635726027190685,0.9983130693435669,0.9910817742347717,0.9900250434875488,0.5198186635971069,0.005417764186859131,2.8663718700408936,5.273188591003418,43.66229737696433,goiyLgCzgSI/00014,5,0.75
0.999805748462677,0.9887323379516602,9.70938999671489e-05,0.0004576418432407081,0.9998888373374939,0.9993640184402466,0.9887887835502625,0.8967610597610474,0.01088094711303711,0.6445698142051697,1.3916339874267578,394.08629444225585,golS4kh8ETY/00002,6,0.8999999999999999
0.9979411959648132,0.9946800470352173,0.005465708207339048,8.221184543799609e-05,0.9961743950843811,0.9995744228363037,0.993690550327301,0.6758755445480347,0.004487574100494385,5.327462673187256,1.1786595582962036,47.49519006166976,golS4kh8ETY/00002,7,1.05
0.9985338449478149,0.9968679547309875,0.0034302372951060534,0.00011177476699231192,0.997481644153595,0.9997814893722534,0.996025562286377,0.7095555663108826,0.00274735689163208,2.980740785598755,0.8816881775856018,68.28979919168471,golS4kh8ETY/00002,8,1.2
0.9995821714401245,0.9903885126113892,0.00030405737925320864,0.00017916871001943946,0.9996671676635742,0.9997122883796692,0.9904170036315918,0.8899112939834595,0.00930696725845337,1.1130985021591187,0.9170292615890503,474.00909456606144,golS4kh8ETY/00002,23,3.4499999999999997
0.9988309144973755,0.9913700819015503,0.0005712736747227609,9.974079148378223e-05,0.9994315505027771,0.9995772242546082,0.9908961653709412,0.8193318247795105,0.008663296699523926,1.3540911674499512,1.1229126453399658,298.014833959156,golS4kh8ETY/00002,24,3.5999999999999996
0.9985538721084595,0.9918867945671082,0.0028795027174055576,3.593019209802151e-05,0.9977205991744995,0.9997466802597046,0.9912711381912231,0.7893213033676147,0.007596731185913086,3.230224609375,0.8661626577377319,106.85199929611214,golS4kh8ETY/00002,25,3.75
0.995739758014679,0.9945070147514343,0.011775445193052292,5.5278618674492463e-05,0.9919446110725403,0.9998729228973389,0.9913397431373596,0.6827262043952942,0.005025267601013184,7.725684642791748,0.6459168791770935,36.85093300467707,golS4kh8ETY/00002,26,3.9
0.9994421005249023,0.9941304922103882,0.0006964593776501715,0.0018687609117478132,0.999354362487793,0.9975409507751465,0.9943159222602844,0.6949166059494019,0.004326343536376953,1.6218528747558594,3.8117752075195312,67.85706981821932,golS4kh8ETY/00005,3,0.44999999999999996
0.9994171261787415,0.9893752932548523,0.0007554396288469434,0.0007516203913837671,0.9991611838340759,0.9966886639595032,0.9897975921630859,0.7377081513404846,0.00838238000869751,1.7512905597686768,3.2105367183685303,112.83694982447527,golS4kh8ETY/00005,4,0.6
0.9997291564941406,0.9925445318222046,0.00012222822988405824,0.004346176981925964,0.9998279809951782,0.9934806227684021,0.9924337863922119,0.6585770845413208,0.00442737340927124,0.8137625455856323,5.567450046539307,69.17740938879759,gqpErbFnbiY/00002,21,3.15
0.9998677968978882,0.9890163540840149,5.455275095300749e-05,0.00275937607511878,0.999920129776001,0.9929162859916687,0.9890510439872742,0.7011058926582336,0.0077860355377197266,0.5641384124755859,5.662576198577881,72.5711571607508,gqpErbFnbiY/00002,22,3.3
0.9992421269416809,0.9944878816604614,0.0003751465701498091,0.0036555128172039986,0.9996349811553955,0.9954478144645691,0.9946251511573792,0.5283954739570618,0.0031227469444274902,1.15450918674469,4.676236152648926,45.01081727820725,gqpErbFnbiY/00002,23,3.4499999999999997
0.9854997396469116,0.9917224049568176,0.043003231287002563,0.0010947062401100993,0.9709844589233398,0.9955253005027771,0.979021430015564,0.5252119302749634,0.005749762058258057,13.12964153289795,4.2898359298706055,21.63010754993167,gqpErbFnbiY/00002,53,7.949999999999999
0.9856009483337402,0.9951472282409668,0.042276863008737564,0.0008185754995793104,0.971553385257721,0.9969444870948792,0.9808027148246765,0.34277793765068054,0.0038483142852783203,13.043912887573242,3.471059560775757,22.05305269619921,gqpErbFnbiY/00002,54,8.1
0.9828656315803528,0.9946973919868469,0.043116915971040726,0.0009073081309907138,0.9668036699295044,0.9967389702796936,0.9793456792831421,0.23697499930858612,0.0032694339752197266,14.718558311462402,4.0895094871521,14.61881141237326,gqpErbFnbiY/00002,55,8.25
0.9995800256729126,0.9902276992797852,0.0006441865698434412,0.00024349689192604274,0.999441385269165,0.9998986124992371,0.9905731081962585,0.8884175419807434,0.009163856506347656,2.042527437210083,0.5194817781448364,252.04451361266425,gqpErbFnbiY/00003,1,0.15
0.9991642832756042,0.9983669519424438,0.0011709921527653933,9.467601921642199e-05,0.9988128542900085,0.9999067783355713,0.9979045987129211,0.6596086025238037,0.0015197396278381348,2.2966926097869873,0.599208414554596,71.37707392532084,gqpErbFnbiY/00003,2,0.3
0.9991725087165833,0.9942271113395691,0.001470670336857438,3.294946509413421e-05,0.9985629320144653,0.9999167323112488,0.9938850998878479,0.8494162559509277,0.005442142486572266,2.6168923377990723,0.5019136071205139,179.10798623831607,gqpErbFnbiY/00003,4,0.6
0.9989973902702332,0.9927865862846375,0.0012500330340117216,6.167888932395726e-05,0.9986438155174255,0.9998630881309509,0.9925035238265991,0.8276658058166504,0.006825447082519531,2.415936231613159,0.6635289192199707,173.39882276960674,gqpErbFnbiY/00003,5,0.75
0.9991048574447632,0.992458701133728,0.0015098168514668941,2.4409422621829435e-05,0.9985061883926392,0.999906599521637,0.9925784468650818,0.8451734781265259,0.0067098140716552734,2.485076665878296,0.5484468340873718,194.03003778274328,gqpErbFnbiY/00003,6,0.8999999999999999
0.9984813332557678,0.9778901934623718,0.0021931284572929144,0.038783565163612366,0.99747234582901,0.9671416282653809,0.9778217077255249,0.2228575199842453,0.005195319652557373,2.8544249534606934,11.443668365478516,23.49697159451882,gqpErbFnbiY/00007,17,2.55
0.9984815120697021,0.9750835299491882,0.002050569048151374,0.03650858625769615,0.9974825978279114,0.9653117656707764,0.9757545590400696,0.34387344121932983,0.006914854049682617,3.296215534210205,15.617927551269531,18.778945107517828,gqpErbFnbiY/00007,18,2.6999999999999997
0.9993603229522705,0.9799129366874695,0.0009591653943061829,0.041404206305742264,0.9988417029380798,0.9689648151397705,0.9799932837486267,0.28038522601127625,0.0045784711837768555,2.195608377456665,14.143936157226562,19.448475953562138,gqpErbFnbiY/00007,19,2.85
0.9988942742347717,0.9894585609436035,0.0015539383748546243,0.0038895767647773027,0.9980990886688232,0.9940893650054932,0.9892185926437378,0.6068849563598633,0.007208704948425293,2.8033649921417236,4.5247931480407715,83.51178581637335,gqpErbFnbiY/00007,20,3.0
0.9980198740959167,0.9934590458869934,0.0015608747489750385,0.0003524021594785154,0.9978716373443604,0.9983811378479004,0.9939157366752625,0.5158748030662537,0.004424452781677246,2.96097993850708,2.490649938583374,68.25983113060319,gqpErbFnbiY/00007,21,3.15
0.9988564252853394,0.9887915849685669,0.001616707886569202,0.0025140943471342325,0.998052716255188,0.9980943202972412,0.9888321757316589,0.6912798881530762,0.009252011775970459,3.051673650741577,3.950568675994873,95.21649606802264,gqpErbFnbiY/00008,32,4.8
0.9991955161094666,0.9922383427619934,0.0010535811306908727,0.0007592038600705564,0.998798131942749,0.9977013468742371,0.9920061826705933,0.724149227142334,0.006296038627624512,2.1312103271484375,3.5783960819244385,105.07389987834343,gqpErbFnbiY/00008,66,9.9
0.9988669157028198,0.992457389831543,0.0012585491640493274,0.00039043542346917093,0.9983433485031128,0.9992254376411438,0.9922969341278076,0.6789548993110657,0.0066124796867370605,2.3982110023498535,1.6717678308486938,99.24189957715417,gqpErbFnbiY/00008,67,10.049999999999999
0.99840247631073,0.9892139434814453,0.0021313067991286516,8.166448242263868e-05,0.9974761605262756,0.998976469039917,0.9904929399490356,0.7068862318992615,0.007834911346435547,3.337963104248047,2.244143009185791,98.37375951392936,gqpErbFnbiY/00008,68,10.2
0.9994824528694153,0.9959644079208374,0.0006293341284617782,0.0002910499752033502,0.9992297291755676,0.9995514750480652,0.9957643151283264,0.764372706413269,0.003693103790283203,1.7262403964996338,1.2689698934555054,155.27462029634657,gqpErbFnbiY/00008,69,10.35
0.9988887310028076,0.9922404289245605,0.001417835126630962,5.511497147381306e-05,0.9983479976654053,0.9998709559440613,0.9922670722007751,0.7761131525039673,0.006947755813598633,2.3256683349609375,0.7630348205566406,144.34185704894645,gqpErbFnbiY/00008,70,10.5
0.9988735914230347,0.9895443916320801,0.0013937262119725347,6.233627937035635e-05,0.9983309507369995,0.9998951554298401,0.9900345802307129,0.8043991327285767,0.009182453155517578,2.2939014434814453,0.6326338648796082,181.75297770365893,gqpErbFnbiY/00008,71,10.65
0.9991492033004761,0.9909197092056274,0.001321664429269731,0.00011591082875384018,0.9988188147544861,0.9984315037727356,0.9909416437149048,0.7181450128555298,0.0077828168869018555,2.3017079830169678,2.2649147510528564,97.24771481843415,gqpErbFnbiY/00010,19,2.85
0.9995158314704895,0.9996576309204102,0.0007630556938238442,0.0005181892192922533,0.9992491006851196,0.9995438456535339,0.9993810057640076,0.08397213369607925,7.456541061401367e-05,1.9472416639328003,1.3367202281951904,13.843793692438416,gqpErbFnbiY/00010,20,3.0
0.9988255500793457,0.9827607870101929,0.0019730159547179937,0.0390169620513916,0.9980723261833191,0.9719250798225403,0.9824706315994263,0.2580549120903015,0.003116786479949951,3.115180015563965,11.584063529968262,19.15390634254233,gqpErbFnbiY/00010,25,3.75
0.9986550211906433,0.9783094525337219,0.002417747164145112,0.041199978440999985,0.9976670742034912,0.9714486598968506,0.9785199761390686,0.5860809087753296,0.006701111793518066,2.9917964935302734,10.711504936218262,42.83196675357096,gqpErbFnbiY/00010,26,3.9
0.9986845850944519,0.9810183644294739,0.0017733643762767315,0.041508641093969345,0.9983407855033875,0.9712710976600647,0.9807721972465515,0.3969041705131531,0.004579424858093262,2.4586849212646484,12.687614440917969,22.94838224151938,gqpErbFnbiY/00010,27,4.05
0.9992403984069824,0.9811080694198608,0.0016240125987678766,0.04232952743768692,0.9987700581550598,0.9705701470375061,0.980783998966217,0.4610776901245117,0.004542827606201172,2.5356690883636475,13.830880165100098,17.12859309809836,gqpErbFnbiY/00010,28,4.2
0.9991728067398071,0.9936497807502747,0.0008848102297633886,0.0014164337189868093,0.9987151026725769,0.99592524766922,0.9938344359397888,0.5007367134094238,0.003663957118988037,2.221351146697998,4.588176727294922,53.57221750912646,gqpErbFnbiY/00013,14,2.1
0.999153733253479,0.9956179857254028,0.0007769198273308575,0.00028439133893698454,0.9987900853157043,0.9979212880134583,0.9954313635826111,0.509775698184967,0.0031111836433410645,2.1379997730255127,2.7454402446746826,58.47432910447817,gqpErbFnbiY/00013,15,2.25
0.9983431100845337,0.9934890270233154,0.001955887535586953,0.0002730719861574471,0.9975387454032898,0.9969294667243958,0.9931496381759644,0.423653244972229,0.004292309284210205,3.327341079711914,3.817671537399292,42.40559366791926,gqpErbFnbiY/00013,16,2.4
0.9996139407157898,0.9926783442497253,0.0001881736534414813,0.0031146544497460127,0.9997735619544983,0.9962848424911499,0.9930493831634521,0.7052101492881775,0.005059778690338135,0.9009824991226196,4.300992012023926,87.74592403199343,gqpErbFnbiY/00015,4,0.6
0.9995225667953491,0.9935117959976196,0.00022966745018493384,0.0003675556799862534,0.9997498989105225,0.9978370070457458,0.9935236573219299,0.688937246799469,0.005396842956542969,0.9341673254966736,2.709115743637085,103.75966833621128,gqpErbFnbiY/00015,5,0.75
0.9993933439254761,0.9940021634101868,0.00028623102116398513,0.003985537216067314,0.9996641278266907,0.9943346381187439,0.994159460067749,0.553998589515686,0.0031825900077819824,1.0025267601013184,5.00820779800415,40.81116196516487,gqpErbFnbiY/00015,6,0.8999999999999999
0.9995541572570801,0.9952985048294067,0.00022287368483375758,0.002085138577967882,0.9997771382331848,0.9959591031074524,0.9954895973205566,0.24925057590007782,0.002463996410369873,0.8757371306419373,5.332962512969971,45.79247919888812,gqpErbFnbiY/00015,12,1.7999999999999998
0.999416708946228,0.9930074214935303,0.000291609758278355,0.0029016337357461452,0.9997081756591797,0.9947949647903442,0.9928755760192871,0.3518046438694,0.004483819007873535,0.983107328414917,5.609274864196777,47.81078242522453,gqpErbFnbiY/00015,13,1.95
0.9967056512832642,0.9933974146842957,0.001994794001802802,1.3804440641251858e-05,0.9967958927154541,0.9999147653579712,0.9933372735977173,0.6230564117431641,0.005142688751220703,3.7147395610809326,0.48337674140930176,102.89209871938102,gqpErbFnbiY/00015,14,2.1
0.9958813786506653,0.9948352575302124,0.01001180149614811,0.0009858757257461548,0.9921585917472839,0.9965486526489258,0.9919646978378296,0.4588833749294281,0.00295865535736084,7.63975715637207,3.635165214538574,30.988845979792156,gqpErbFnbiY/00016,39,5.85
0.9853347539901733,0.9953449368476868,0.04277985543012619,0.0009234162862412632,0.9709373712539673,0.9975944757461548,0.9819374084472656,0.3411300778388977,0.0032640695571899414,13.6435546875,3.224957227706909,14.239952486139433,gqpErbFnbiY/00016,40,6.0
0.9848527908325195,0.9929141998291016,0.0430346317589283,0.00039464057772420347,0.9703819155693054,0.9979748129844666,0.9792385697364807,0.3803480267524719,0.00559687614440918,13.679367065429688,3.1486239433288574,25.61607501328896,gqpErbFnbiY/00016,41,6.1499999999999995
0.985019326210022,0.9901585578918457,0.043393123894929886,0.002539226319640875,0.9705564975738525,0.9958468079566956,0.9779567718505859,0.5022550821304321,0.006544172763824463,13.700733184814453,4.271191120147705,24.762703543442203,gqpErbFnbiY/00016,42,6.3
0.9847170114517212,0.993316650390625,0.04405973479151726,0.0009281578822992742,0.9699543714523315,0.9975874423980713,0.9793366193771362,0.451970636844635,0.005409955978393555,12.972579002380371,3.2075533866882324,30.401543593562717,gqpErbFnbiY/00016,43,6.45
0.9993568658828735,0.993206262588501,0.0007003017817623913,0.00023460564261768013,0.9990378618240356,0.9992513656616211,0.9931348562240601,0.6542222499847412,0.0061525702476501465,1.7539304494857788,2.845935344696045,97.67634942624818,gqpErbFnbiY/00017,6,0.8999999999999999
0.9993423223495483,0.9919766187667847,0.0005211214884184301,0.0017699693562462926,0.999407172203064,0.9959760308265686,0.9921100735664368,0.5646589398384094,0.005850434303283691,1.3940517902374268,3.8607945442199707,78.75135039199789,gqpErbFnbiY/00017,7,1.05
0.9988381266593933,0.9936399459838867,0.001388508826494217,0.00033156725112348795,0.9981111288070679,0.999653697013855,0.9938802123069763,0.7340570092201233,0.0052024126052856445,2.458686113357544,1.0777186155319214,103.5923122065448,gqpErbFnbiY/00017,8,1.2
0.9801211357116699,0.9916804432868958,0.03917279466986656,0.0026681902818381786,0.9669402837753296,0.995395839214325,0.9759067296981812,0.37717869877815247,0.007046937942504883,13.289017677307129,4.109530448913574,20.754765887695225,gqpErbFnbiY/00017,17,2.55
0.9806124567985535,0.991523265838623,0.039525631815195084,0.0002018638770096004,0.9671164751052856,0.998783528804779,0.9795252084732056,0.27396103739738464,0.004154086112976074,13.452016830444336,2.1064562797546387,17.026132108719306,gqpErbFnbiY/00017,18,2.6999999999999997
0.9820063710212708,0.9950410723686218,0.04249202460050583,0.0004794156411662698,0.9677767157554626,0.9995717406272888,0.981340229511261,0.27048259973526,0.003067195415496826,13.578365325927734,1.2622824907302856,15.681734651319754,gqpErbFnbiY/00017,19,2.85
0.9977537393569946,0.9951391220092773,0.0020294564310461283,0.0012260677758604288,0.9967359900474548,0.9979320168495178,0.9946223497390747,0.4099012017250061,0.0029816627502441406,3.7852282524108887,3.0847861766815186,43.40152104858157,gqpErbFnbiY/00018,3,0.44999999999999996
0.9954625368118286,0.9895898699760437,0.00595264183357358,0.0035725466441363096,0.9925872683525085,0.9933673143386841,0.9876796007156372,0.3627234101295471,0.005863487720489502,6.641374588012695,5.48346471786499,41.35209850448365,gqpErbFnbiY/00018,4,0.6
0.9993821978569031,0.9965859651565552,0.0003475454286672175,7.042015204206109e-05,0.9993352293968201,0.9990736842155457,0.9964958429336548,0.6375128030776978,0.0027889609336853027,1.396589994430542,1.6584774255752563,98.8712435255701,gqpErbFnbiY/00019,0,0.0
0.9994715452194214,0.9923017621040344,0.0005120898131281137,0.0015362459234893322,0.9994547367095947,0.9980028867721558,0.992296576499939,0.7098202705383301,0.0065670013427734375,1.7293543815612793,2.758558750152588,97.50979260438403,gqpErbFnbiY/00019,1,0.15
0.9997172355651855,0.9963300824165344,0.0001943263050634414,0.00015526017523370683,0.99973464012146,0.9996699094772339,0.9963555932044983,0.7625007033348083,0.0033777356147766113,1.0443446636199951,1.3341574668884277,148.01642002275133,gqpErbFnbiY/00021,13,1.95
0.999395489692688,0.9950630068778992,0.0009724291739985347,0.0005557726253755391,0.9991409182548523,0.9995297193527222,0.9948227405548096,0.802838146686554,0.0045809149742126465,1.7972601652145386,1.3654521703720093,150.5093703606936,gqpErbFnbiY/00021,23,3.4499999999999997
0.9992152452468872,0.993863582611084,0.0005680876201950014,0.0004599542007781565,0.9993430972099304,0.9988327026367188,0.9941662549972534,0.6916317343711853,0.005030333995819092,1.6336920261383057,2.632603645324707,92.32142924276265,gqpErbFnbiY/00021,24,3.5999999999999996
0.9994794726371765,0.9907463788986206,0.0006856620311737061,0.00753672095015645,0.9993769526481628,0.993834376335144,0.9906009435653687,0.7746038436889648,0.006319284439086914,1.7510182857513428,4.759683132171631,105.36685249542816,gqpErbFnbiY/00022,7,1.05
0.9994276165962219,0.981630802154541,0.0007494894089177251,0.040857795625925064,0.9991074204444885,0.9706194400787354,0.9815253615379333,0.4280315041542053,0.004149258136749268,1.9903573989868164,13.38681697845459,17.455703466286103,gqpErbFnbiY/00022,8,1.2
0.9994964599609375,0.9792995452880859,0.0008526226156391203,0.0402325876057148,0.9991405010223389,0.9705591797828674,0.9791192412376404,0.5951661467552185,0.0067626237869262695,1.8246312141418457,14.031171798706055,21.71760425230403,gqpErbFnbiY/00022,9,1.3499999999999999
0.9990051984786987,0.9826228022575378,0.0010885479860007763,0.03874269127845764,0.9986187219619751,0.9720547795295715,0.9821978211402893,0.3711530566215515,0.003943920135498047,2.1589910984039307,11.785004615783691,18.475260328961138,gqpErbFnbiY/00022,10,1.5
0.999373733997345,0.991943895816803,0.001005094964057207,0.001097915112040937,0.9989433288574219,0.9978094100952148,0.9916002750396729,0.8045235872268677,0.006948530673980713,2.2593116760253906,2.6334738731384277,166.92590925175503,gqpErbFnbiY/00023,22,3.3
0.9986443519592285,0.9943084716796875,0.0009821932762861252,0.0006126899388618767,0.9987260699272156,0.9986880421638489,0.9947633743286133,0.5984905362129211,0.004097282886505127,2.3346800804138184,2.0608761310577393,82.16640911866034,gqpErbFnbiY/00023,23,3.4499999999999997
0.9988112449645996,0.9933398365974426,0.0016550675500184298,0.0011728985700756311,0.9980500936508179,0.9985824227333069,0.9933895468711853,0.6639136075973511,0.005109310150146484,2.7605504989624023,2.4145667552948,95.43336018692565,gqpErbFnbiY/00023,24,3.5999999999999996
0.9990200996398926,0.9921820163726807,0.0013754836982116103,0.0003642684896476567,0.9985915422439575,0.9988954067230225,0.992851197719574,0.6518253087997437,0.00603032112121582,2.307781934738159,2.166597843170166,102.6833009621403,gqpErbFnbiY/00023,25,3.75
0.9992190599441528,0.998401939868927,0.0011899787932634354,1.713673373160418e-05,0.9987558722496033,0.9999080896377563,0.9977989792823792,0.7175156474113464,0.0016084909439086914,2.156521797180176,0.56168532371521,111.81399589925805,gqpErbFnbiY/00025,2,0.3
0.9983721971511841,0.9869061708450317,0.0021801649127155542,3.0319160941871814e-05,0.9975491762161255,0.9999155402183533,0.9858242273330688,0.8897731304168701,0.013033092021942139,2.9776737689971924,0.5919350385665894,227.74964590291435,gqpErbFnbiY/00025,3,0.44999999999999996
0.9991703033447266,0.9957904815673828,0.000990730244666338,2.7701382350642234e-05,0.9988753199577332,0.999852180480957,0.9953194260597229,0.7746074795722961,0.004116833209991455,2.0333900451660156,0.7623997926712036,154.4939874753619,gqpErbFnbiY/00025,4,0.6
0.9992953538894653,0.988571286201477,0.0012066432973369956,0.000263665133388713,0.9988524913787842,0.9996346235275269,0.9886466264724731,0.8656995892524719,0.010686635971069336,2.0697011947631836,1.0408759117126465,284.3831912378554,gqpErbFnbiY/00025,5,0.75
0.9983540773391724,0.9926549196243286,0.0026084119454026222,3.1097588362172246e-05,0.9974587559700012,0.9999427199363708,0.9913496375083923,0.8165097832679749,0.0074615478515625,3.2141737937927246,0.4586528241634369,124.96371153232614,gqpErbFnbiY/00025,6,0.8999999999999999
0.971164882183075,0.9937649965286255,0.05691351741552353,0.0004079099162481725,0.9488387107849121,0.9986321330070496,0.9671211242675781,0.28567010164260864,0.0058746337890625,17.450084686279297,2.2964015007019043,23.267673257472957,gqpErbFnbiY/00026,33,4.95
0.9718179702758789,0.9932954907417297,0.05424712970852852,0.00014204822946339846,0.9506637454032898,0.9984921813011169,0.9660865664482117,0.30548733472824097,0.007182121276855469,15.270987510681152,2.4137885570526123,29.42404229236136,gqpErbFnbiY/00026,34,5.1
0.9847291111946106,0.9951823949813843,0.040527913719415665,0.00047855754382908344,0.9703792929649353,0.9981980919837952,0.9812551140785217,0.28741028904914856,0.0036786794662475586,11.244043350219727,2.4448635578155518,23.24149809099967,gqpErbFnbiY/00026,35,5.25
0.9834334254264832,0.9932327270507812,0.041450150310993195,0.0016082399524748325,0.9676887392997742,0.996048629283905,0.9785106182098389,0.20518383383750916,0.004027247428894043,12.882011413574219,4.109121322631836,21.775680279546375,gqpErbFnbiY/00027,17,2.55
0.9729363322257996,0.9849753379821777,0.05126369744539261,0.0013121693627908826,0.9523200988769531,0.9972139000892639,0.9595822095870972,0.5478798151016235,0.01385962963104248,14.417330741882324,3.808129072189331,53.522202023399984,gqpErbFnbiY/00027,18,2.6999999999999997
0.9988051652908325,0.9977839589118958,0.0015124172205105424,0.00037791728391312063,0.9986461400985718,0.9996585249900818,0.9978724718093872,0.6029240489006042,0.001366257667541504,2.1412336826324463,1.0762699842453003,67.6918585843991,gqpErbFnbiY/00028,5,0.75
0.9992954134941101,0.99616539478302,0.0008419136865995824,3.585818558349274e-05,0.9990005493164062,0.9999275803565979,0.9960124492645264,0.7629349231719971,0.003509044647216797,1.9733798503875732,0.5213696956634521,114.28616345115299,gqpErbFnbiY/00028,6,0.8999999999999999
0.9982953071594238,0.9919025301933289,0.0028002981562167406,0.00029043323593214154,0.9971251487731934,0.9986457228660583,0.9921754598617554,0.628281831741333,0.005876898765563965,3.0094382762908936,2.888633966445923,66.10729724674741,gqpErbFnbiY/00028,7,1.05
0.9998286962509155,0.9954549074172974,0.00017115473747253418,0.0004655353259295225,0.9996575117111206,0.9981690049171448,0.9954286217689514,0.5432374477386475,0.003640115261077881,0.8115373849868774,2.813765048980713,89.66727908458628,gtDS5rzd6R8/00004,0,0.0
0.9997895956039429,0.9926789402961731,0.0002104043960571289,0.0005391857121139765,0.9995791912078857,0.9955586791038513,0.9925376772880554,0.46277204155921936,0.005288958549499512,0.8310133218765259,4.269032001495361,80.4885068334152,gtDS5rzd6R8/00004,1,0.15
0.9998436570167542,0.9934234619140625,0.0001563429832458496,0.000650166068226099,0.9996870756149292,0.9980021715164185,0.9933490753173828,0.6351672410964966,0.005663514137268066,0.8318096995353699,3.1215906143188477,100.49319950277787,gtDS5rzd6R8/00004,2,0.3
0.9948397278785706,0.9905126690864563,0.003189904848113656,0.0014459629310294986,0.9965591430664062,0.9968733787536621,0.993730366230011,0.4330674409866333,0.003397524356842041,3.430838108062744,3.356771230697632,43.43592642458521,gtDS5rzd6R8/00004,3,0.44999999999999996
0.9952167868614197,0.9931107759475708,0.002931372495368123,0.00023687226348556578,0.9967507719993591,0.9965403079986572,0.9916630387306213,0.47458457946777344,0.005456745624542236,4.063731670379639,3.631488800048828,48.930406045119724,gtDS5rzd6R8/00004,4,0.6
0.9947441816329956,0.9922794103622437,0.0032219565473496914,0.000622520106844604,0.996453583240509,0.9974369406700134,0.9935698509216309,0.4847486615180969,0.003725767135620117,3.551487922668457,3.3837523460388184,48.559667193034414,gtDS5rzd6R8/00004,5,0.75
0.994420051574707,0.9950209856033325,0.003494769800454378,0.001506842439994216,0.9961951375007629,0.9977244138717651,0.9930356740951538,0.5062097311019897,0.004164218902587891,4.857006072998047,3.057500123977661,51.709923725697834,gtDS5rzd6R8/00004,6,0.8999999999999999
0.9954620003700256,0.9928218722343445,0.002795484149828553,0.0010241420241072774,0.9969356060028076,0.9976561069488525,0.9938174486160278,0.5399961471557617,0.003784656524658203,3.5255918502807617,3.2844271659851074,61.42403152496206,gtDS5rzd6R8/00004,7,1.05
0.9949594140052795,0.9968565106391907,0.0032010653521865606,0.0007825527573004365,0.9957674741744995,0.9978995323181152,0.9938406944274902,0.3671674132347107,0.0032935142517089844,4.600080966949463,2.8923730850219727,39.18825859752965,gtDS5rzd6R8/00004,17,2.55
0.9971374273300171,0.9969029426574707,0.0017584230517968535,0.0013278081314638257,0.9978131651878357,0.9970430731773376,0.9949235320091248,0.4047234058380127,0.0028166770935058594,3.2146236896514893,3.549574136734009,49.306296631793536,gtDS5rzd6R8/00004,18,2.6999999999999997
0.9981178641319275,0.9958659410476685,0.0011210995726287365,0.00048775775940157473,0.9985514283180237,0.9977825880050659,0.9948949813842773,0.5271445512771606,0.003435492515563965,2.5058138370513916,3.6207332611083984,66.05713628888543,gtDS5rzd6R8/00004,19,2.85
0.9969531297683716,0.9970299005508423,0.0018684802344068885,0.00174861797131598,0.9979196190834045,0.9976119995117188,0.9955562949180603,0.4533999264240265,0.00252455472946167,2.788217306137085,3.5741286277770996,39.92538292308815,gtDS5rzd6R8/00004,20,3.0
0.9977183938026428,0.9970569610595703,0.0012810196494683623,0.0004776136775035411,0.9984568357467651,0.998383104801178,0.9967343807220459,0.44170892238616943,0.001902461051940918,2.5985140800476074,2.9941341876983643,44.01042254646787,gtDS5rzd6R8/00004,21,3.15
0.9965997934341431,0.9981390833854675,0.0020960778929293156,0.000373765011318028,0.9976593852043152,0.9992748498916626,0.9972502589225769,0.4284094572067261,0.0013769268989562988,3.5131587982177734,2.005368232727051,38.26845097585233,gtDS5rzd6R8/00004,22,3.3
0.9979943037033081,0.9966779947280884,0.0012358092935755849,0.0011784221278503537,0.998596727848053,0.9979749321937561,0.9958862066268921,0.4641020894050598,0.0025904178619384766,2.2106027603149414,2.8664968013763428,54.652546163838295,gtDS5rzd6R8/00004,23,3.4499999999999997
0.9971261024475098,0.9941361546516418,0.003175540594384074,0.0022237079683691263,0.9956998229026794,0.9972917437553406,0.9916443824768066,0.5806569457054138,0.005286455154418945,3.951427698135376,3.190255641937256,79.88501026590629,gtDS5rzd6R8/00006,13,1.95
0.9962670207023621,0.993635356426239,0.004183399956673384,0.0004949091235175729,0.9944194555282593,0.9995251297950745,0.9930574893951416,0.5808893442153931,0.004328489303588867,4.34297513961792,1.5444824695587158,65.7111400649771,gtDS5rzd6R8/00006,14,2.1
0.9975857734680176,0.9935574531555176,0.002711646957322955,9.893730748444796e-05,0.996354877948761,0.999656617641449,0.9930362105369568,0.6752004027366638,0.005254983901977539,3.525466203689575,1.0390475988388062,93.85108973519341,gtDS5rzd6R8/00006,15,2.25
0.9977546334266663,0.9946516156196594,0.0024189527612179518,0.0001428620598744601,0.9965487718582153,0.9993460774421692,0.9934589862823486,0.5830281376838684,0.004787027835845947,3.355818271636963,1.486830234527588,75.01441549735122,gtDS5rzd6R8/00006,18,2.6999999999999997
0.9985221028327942,0.9923402667045593,0.0015458859270438552,0.00017630380170885473,0.9978412389755249,0.9996939897537231,0.992306649684906,0.7867410182952881,0.0066367387771606445,2.9635393619537354,0.9771573543548584,170.31281903344592,gtDS5rzd6R8/00006,19,2.85
0.9971384406089783,0.9954944849014282,0.0031446507200598717,7.99494082457386e-05,0.9955918192863464,0.9995396733283997,0.9949055314064026,0.4765094220638275,0.0029975175857543945,3.956286907196045,1.3547708988189697,44.57308394848674,gtDS5rzd6R8/00006,20,3.0
0.9979740977287292,0.9831763505935669,0.00200462993234396,0.0033286402467638254,0.9969509840011597,0.9985631108283997,0.9829970002174377,0.7745971083641052,0.014931976795196533,3.520728826522827,2.730802536010742,152.50900089340558,gtDS5rzd6R8/00006,21,3.15
0.9997087717056274,0.9933188557624817,0.00017956379451788962,4.878055915469304e-05,0.9998028874397278,0.9999154210090637,0.9933376908302307,0.917292594909668,0.006540894508361816,0.8056653738021851,0.5761135816574097,696.6103678645901,gtDS5rzd6R8/00007,1,0.15
0.9998121857643127,0.9910241961479187,0.00011216187704121694,0.00011420256487326697,0.9998556971549988,0.9998158812522888,0.9911200404167175,0.9181647300720215,0.008736729621887207,0.6498998999595642,0.8128703832626343,725.4697156508632,gtDS5rzd6R8/00007,2,0.3
0.9992793202400208,0.9895714521408081,0.00044050891301594675,0.00012545585923362523,0.9994633793830872,0.9996151328086853,0.9897933006286621,0.8922704458236694,0.009808361530303955,1.317374587059021,1.0046899318695068,489.5871715139223,gtDS5rzd6R8/00007,3,0.44999999999999996
0.9998136162757874,0.9972013235092163,9.626139944884926e-05,8.335112943314016e-05,0.9998488426208496,0.9996968507766724,0.9974437355995178,0.7972173094749451,0.0023559927940368652,0.7162236571311951,1.0216522216796875,246.8136879877737,gtDS5rzd6R8/00007,4,0.6
0.9998860359191895,0.9947699308395386,5.444996349979192e-05,1.8954371626023203e-05,0.9999086260795593,0.99993896484375,0.9947563409805298,0.9196889996528625,0.005177736282348633,0.5570393204689026,0.4791510999202728,717.676989889105,gtDS5rzd6R8/00007,11,1.65
0.9998429417610168,0.9946180582046509,7.968387944856659e-05,6.368164031300694e-05,0.9998894929885864,0.999868631362915,0.9948225021362305,0.8940789103507996,0.005071282386779785,0.6162418723106384,0.6838646531105042,558.5540478369244,gtDS5rzd6R8/00007,12,1.7999999999999998
0.9998272061347961,0.9934673309326172,8.983749285107478e-05,0.0002238511951873079,0.9998713135719299,0.9998543858528137,0.9935240745544434,0.9198808670043945,0.0063555240631103516,0.6602201461791992,0.6576445698738098,701.9089565196641,gtDS5rzd6R8/00007,13,1.95
0.999756932258606,0.993238091468811,0.00014498195378109813,0.0009104357450269163,0.9998189210891724,0.9991663694381714,0.9932647943496704,0.848840057849884,0.006286144256591797,0.8043948411941528,1.636021614074707,220.77599076401935,gtDS5rzd6R8/00007,16,2.4
0.9998518824577332,0.9910181760787964,8.49843563628383e-05,0.0009412692161276937,0.9998905658721924,0.9995993971824646,0.9908552765846252,0.9105284810066223,0.008917927742004395,0.5836774110794067,1.270815372467041,345.8638111940493,gtDS5rzd6R8/00007,17,2.55
0.9994916915893555,0.9957464337348938,0.00029532526968978345,0.0005212217220105231,0.9996074438095093,0.9990590214729309,0.9951832294464111,0.7397613525390625,0.004222989082336426,1.1639655828475952,1.9717473983764648,117.28900742490579,gtDS5rzd6R8/00007,18,2.6999999999999997
0.9998286962509155,0.9954859614372253,9.477491403231397e-05,0.001077756518498063,0.9998687505722046,0.9988707900047302,0.9955706000328064,0.7749791145324707,0.003868699073791504,0.6853815317153931,1.976388692855835,149.25040032396942,gtDS5rzd6R8/00007,19,2.85
0.9998077750205994,0.9956169128417969,9.602578938938677e-05,0.0005369969294406474,0.9998623132705688,0.9984704852104187,0.9955729842185974,0.6932569146156311,0.003682374954223633,0.716315507888794,2.5155675411224365,107.00619566347397,gtDS5rzd6R8/00008,0,0.0
0.9997449517250061,0.995250403881073,0.00014187584747560322,0.0007405125070363283,0.9998025298118591,0.9981575608253479,0.9952868819236755,0.6963834166526794,0.0038028955459594727,0.8908777236938477,2.5584239959716797,109.06804384303192,gtDS5rzd6R8/00008,1,0.15
0.9997962117195129,0.9874881505966187,0.0001158509767265059,0.003106331918388605,0.9998419880867004,0.9955414533615112,0.9878483414649963,0.6840774416923523,0.009857773780822754,0.7069651484489441,4.292168617248535,94.27750102631491,gtDS5rzd6R8/00008,2,0.3
0.9998664855957031,0.9953674077987671,6.120180478319526e-05,0.000658714328892529,0.9998970031738281,0.9979524612426758,0.9954569339752197,0.6844044923782349,0.003563106060028076,0.6017315983772278,2.8864097595214844,94.92513916403418,gtDS5rzd6R8/00008,3,0.44999999999999996
0.9927899837493896,0.9934074282646179,0.0030759270302951336,5.0997758080484346e-05,0.9954045414924622,0.9999476671218872,0.9947612881660461,0.3941009044647217,0.003117382526397705,4.851010799407959,0.45177364349365234,39.05826914489039,gtDS5rzd6R8/00008,7,1.05
0.99981689453125,0.9922159314155579,0.0001830458641052246,0.00221673003397882,0.9996336698532104,0.9925592541694641,0.9922311902046204,0.14050361514091492,0.0041915178298950195,0.8921644687652588,8.024521827697754,33.301096365678525,gtDS5rzd6R8/00008,8,1.2
0.9976194500923157,0.9891573190689087,0.001410963130183518,0.0034158227499574423,0.9982975721359253,0.9950571060180664,0.9884741902351379,0.5497416257858276,0.008171916007995605,3.1539931297302246,5.691357612609863,76.18709160339485,gtDS5rzd6R8/00008,9,1.3499999999999999
0.9964275360107422,0.9939099550247192,0.002206692937761545,0.0013326540356501937,0.9975491762161255,0.9974973201751709,0.9930505156517029,0.5817770957946777,0.004789590835571289,2.956448793411255,3.7379815578460693,68.23117764929127,gtDS5rzd6R8/00008,17,2.55
0.9973224401473999,0.993663489818573,0.0016464703949168324,0.0004358654550742358,0.9981727600097656,0.9972887635231018,0.9923489093780518,0.6387752890586853,0.005640268325805664,2.351128578186035,3.4032585620880127,84.67886952476957,gtDS5rzd6R8/00008,18,2.6999999999999997
0.9974257349967957,0.9942189455032349,0.0015990945976227522,0.00031920053879730403,0.9982381463050842,0.9983675479888916,0.995177149772644,0.554248571395874,0.003338456153869629,3.2199816703796387,2.4734132289886475,58.56110620775855,gtDS5rzd6R8/00008,19,2.85
0.9990975260734558,0.9917136430740356,0.0005024686688557267,0.0016407532384619117,0.9993582367897034,0.9971877932548523,0.9923568964004517,0.6307340860366821,0.006020188331604004,1.5295963287353516,3.54341459274292,88.97061572406592,gtDS5rzd6R8/00008,20,3.0
0.9977507591247559,0.9959027171134949,0.001385906944051385,0.0003698333748616278,0.998363196849823,0.9980542659759521,0.9956864714622498,0.447571337223053,0.002756834030151367,2.6703407764434814,2.9472339153289795,46.992905665290024,gtDS5rzd6R8/00008,21,3.15
0.9982102513313293,0.9917449951171875,0.001007287879474461,0.0016302852891385555,0.9985226392745972,0.9967050552368164,0.9916074275970459,0.5780014395713806,0.006103456020355225,2.413334846496582,4.690105438232422,68.37251909650729,gtDS5rzd6R8/00008,22,3.3
0.9964686036109924,0.9898991584777832,0.0021691990550607443,0.0011108771432191133,0.9972797632217407,0.9969897866249084,0.9905387759208679,0.5629335045814514,0.006916522979736328,3.1636717319488525,3.4232988357543945,69.98036917893597,gtDS5rzd6R8/00008,23,3.4499999999999997
0.9893363118171692,0.9896858334541321,0.006557929329574108,0.0022551538422703743,0.9927271604537964,0.9966568946838379,0.9915502071380615,0.3835674226284027,0.0038512349128723145,5.470273971557617,4.543354034423828,29.232313854723188,gtDS5rzd6R8/00008,24,3.5999999999999996
0.9947817921638489,0.9940294027328491,0.0033790578600019217,0.0018919163849204779,0.9949919581413269,0.9962790012359619,0.991531491279602,0.43049657344818115,0.004632830619812012,3.688690662384033,4.4330058097839355,43.19130234988635,gtDS5rzd6R8/00008,25,3.75
0.9996247887611389,0.9927797913551331,0.0003750920295715332,0.00032348709646612406,0.9992499351501465,0.9986473321914673,0.9928296804428101,0.7455277442932129,0.006356179714202881,1.10912024974823,2.2558553218841553,168.07931878552859,gtDS5rzd6R8/00010,1,0.15
0.9998329281806946,0.995065450668335,0.00016695261001586914,0.000344949250575155,0.9996660947799683,0.9978596568107605,0.9950798153877258,0.4991095960140228,0.0038247108459472656,0.7860977649688721,2.9258906841278076,86.71450444247635,gtDS5rzd6R8/00010,2,0.3
0.9959548115730286,0.9937875866889954,0.0019153051543980837,7.43503769626841e-05,0.997869610786438,0.999932587146759,0.9957661032676697,0.6541211605072021,0.003317117691040039,4.294764041900635,0.5078859329223633,51.13657074438364,gtDS5rzd6R8/00010,38,5.7
0.996975302696228,0.9916688203811646,0.0018007998587563634,0.004123125225305557,0.997880220413208,0.9972473382949829,0.9923962354660034,0.6213542222976685,0.0054337382316589355,2.858038902282715,4.599178314208984,56.11949113685308,gtDS5rzd6R8/00010,39,5.85
0.9971963167190552,0.9862422943115234,0.0016997206257656217,0.018753888085484505,0.9980375170707703,0.9858839511871338,0.9843496084213257,0.5950735211372375,0.008473753929138184,2.4035778045654297,7.3874359130859375,41.65083324565127,gtDS5rzd6R8/00010,40,6.0
0.995911180973053,0.9820659756660461,0.0025537952315062284,0.03999796137213707,0.9971135258674622,0.970061182975769,0.9793850779533386,0.518937885761261,0.005650877952575684,3.0726606845855713,13.938440322875977,19.738299583653102,gtDS5rzd6R8/00010,42,6.3
0.9961722493171692,0.9815813899040222,0.002389608882367611,0.04111518710851669,0.9973763227462769,0.9712817072868347,0.9815986752510071,0.37108588218688965,0.003823518753051758,3.281986951828003,12.33344841003418,17.97453996192209,gtDS5rzd6R8/00010,43,6.45
0.9986618757247925,0.978685736656189,0.000794505700469017,0.040128082036972046,0.9990409016609192,0.9700538516044617,0.9789349436759949,0.49175140261650085,0.0070171356201171875,1.8700555562973022,12.93111801147461,24.53149072886339,gtDS5rzd6R8/00010,44,6.6
0.9980252385139465,0.9783136248588562,0.0011871509486809373,0.039665449410676956,0.9986135363578796,0.972395658493042,0.9776518940925598,0.5863587856292725,0.00850212574005127,3.3883020877838135,11.12308406829834,42.53195269441068,gtDS5rzd6R8/00010,45,6.75
0.9968746900558472,0.9913158416748047,0.0027462111320346594,0.0003249883884564042,0.9956802129745483,0.9997007846832275,0.9900060296058655,0.703843355178833,0.00807112455368042,4.388009071350098,0.8950001001358032,82.67724868532865,gtDS5rzd6R8/00011,1,0.15
0.9972971677780151,0.9937513470649719,0.0032903682440519333,0.0001156568614533171,0.9958440661430359,0.9996763467788696,0.9944826364517212,0.6138087511062622,0.0036113858222961426,3.970353841781616,1.1591876745224,64.35283235115735,gtDS5rzd6R8/00011,2,0.3
0.9971007704734802,0.9950913190841675,0.0038122753612697124,0.00011744501534849405,0.995538055896759,0.9997841715812683,0.994231104850769,0.6129501461982727,0.003757178783416748,4.420698165893555,0.9118980169296265,53.30292758566409,gtDS5rzd6R8/00011,3,0.44999999999999996
0.9979983568191528,0.9953937530517578,0.002111240057274699,3.60488957085181e-05,0.9970661401748657,0.9999179244041443,0.9944842457771301,0.6722009181976318,0.004228115081787109,3.4085376262664795,0.5235766172409058,74.66338420264103,gtDS5rzd6R8/00011,4,0.6
0.9977433085441589,0.9878832697868347,0.0025932081043720245,0.0002252340200357139,0.9964715242385864,0.9997484087944031,0.9880475997924805,0.7568749189376831,0.010387897491455078,4.251511573791504,0.8611457347869873,102.3893755843255,gtDS5rzd6R8/00011,5,0.75
0.9973684549331665,0.9937297701835632,0.0034454206470400095,0.00011198878928553313,0.9957773089408875,0.9999130368232727,0.9943038821220398,0.7007873058319092,0.003818690776824951,3.9133546352386475,0.6019051671028137,85.51170840431767,gtDS5rzd6R8/00011,11,1.65
0.9959027171134949,0.9890114665031433,0.004173161927610636,4.051674113725312e-05,0.9935795068740845,0.999940812587738,0.9888817071914673,0.7111692428588867,0.00821995735168457,5.073257923126221,0.47552841901779175,83.92211627600682,gtDS5rzd6R8/00011,12,1.7999999999999998
0.9991389513015747,0.9800649881362915,0.0010604877024888992,0.03759881108999252,0.9988620281219482,0.9704882502555847,0.9801146388053894,0.435342013835907,0.005738317966461182,1.873223066329956,13.376222610473633,20.406314589227968,gv1ApCmctVQ/00002,14,2.1
0.9996874928474426,0.9794503450393677,0.00036630930844694376,0.041556838899850845,0.9995831847190857,0.9694284796714783,0.9794553518295288,0.4004635810852051,0.005144476890563965,1.2411186695098877,12.63284969329834,33.72846281268878,gv1ApCmctVQ/00002,15,2.25
0.999372124671936,0.9819042086601257,0.0007666557794436812,0.03858627378940582,0.9991852641105652,0.9706060886383057,0.9817773103713989,0.3432416021823883,0.004061460494995117,1.5818233489990234,12.877548217773438,16.118415888102682,gv1ApCmctVQ/00002,16,2.4
0.9996595978736877,0.9762797951698303,0.0004972195019945502,0.0474078543484211,0.9995417594909668,0.9583889245986938,0.9762702584266663,0.2606638967990875,0.0036222338676452637,1.2619116306304932,14.91045093536377,22.330033391009128,gv1ApCmctVQ/00003,5,0.75
0.9993406534194946,0.9917991757392883,0.0005563839222304523,0.006876184605062008,0.9993523359298706,0.9921212196350098,0.9916446208953857,0.4923500716686249,0.00461733341217041,1.4258595705032349,7.165987014770508,33.16344393613398,gv1ApCmctVQ/00003,6,0.8999999999999999
0.9995934367179871,0.9937283396720886,0.00017695949645712972,0.00012128356320317835,0.999674916267395,0.9999423623085022,0.9936466813087463,0.9278934597969055,0.0061893463134765625,0.9455333948135376,0.4626595079898834,627.2232138939993,gv1ApCmctVQ/00004,0,0.0
0.9997777342796326,0.9979215860366821,0.00012730200251098722,8.392367817577906e-06,0.9998500347137451,0.9999333620071411,0.9979487657546997,0.857227087020874,0.0019571781158447266,0.7037456631660461,0.4680417776107788,385.44236739853704,gv1ApCmctVQ/00004,1,0.15
0.9996929168701172,0.9949806332588196,0.00018238504708278924,4.251499194651842e-05,0.999773383140564,0.9997058510780334,0.9949899911880493,0.8244614005088806,0.004777491092681885,0.8770509362220764,1.4282530546188354,167.00698619589568,gv1ApCmctVQ/00004,7,1.05
0.9995055794715881,0.9941667318344116,0.00028286423184908926,0.00012506141501944512,0.9996352195739746,0.9996617436408997,0.9943325519561768,0.8438087701797485,0.005360841751098633,1.0704470872879028,1.1651501655578613,254.7728870557087,gv1ApCmctVQ/00004,8,1.2
0.9998288750648499,0.9854186177253723,9.042950114235282e-05,0.0002127170591847971,0.9998828172683716,0.9997763633728027,0.9855833053588867,0.955154299736023,0.014268219470977783,0.6541964411735535,0.7419900894165039,1152.9552657488953,gv1ApCmctVQ/00005,1,0.15
0.9994392991065979,0.9931493997573853,0.0004966157721355557,3.6812081816606224e-05,0.9993733763694763,0.9996008276939392,0.9928116798400879,0.8425883054733276,0.006742596626281738,1.4025311470031738,1.2993807792663574,198.41656515156538,gv1ApCmctVQ/00005,2,0.3
0.9995476007461548,0.9946902394294739,0.00037950577097944915,0.0004279698769096285,0.999586284160614,0.9995020627975464,0.9947604537010193,0.8140752911567688,0.004839420318603516,1.2356665134429932,1.3800649642944336,198.600226721696,gv1ApCmctVQ/00005,3,0.44999999999999996
0.9994335174560547,0.9950017929077148,0.0006022590678185225,0.002572431229054928,0.9992557764053345,0.9978015422821045,0.9950166940689087,0.6675314903259277,0.0036848783493041992,1.6456130743026733,3.6935596466064453,57.623111186812686,gv1ApCmctVQ/00005,4,0.6
0.9994674324989319,0.9973114728927612,0.00033176690340042114,0.0009997633751481771,0.9996148347854614,0.9989079833030701,0.9973701238632202,0.6792968511581421,0.0019767284393310547,1.0545167922973633,2.0806801319122314,107.25714498677226,gv1ApCmctVQ/00005,37,5.55
0.9995523691177368,0.9910538792610168,0.0003725079004652798,0.0015610583359375596,0.9995784759521484,0.9978436827659607,0.9915213584899902,0.7195225358009338,0.007283568382263184,1.2542637586593628,3.0585227012634277,120.1918548359791,gv1ApCmctVQ/00005,38,5.7
0.9974867105484009,0.9920657277107239,0.004031502176076174,0.00014810284483246505,0.9951359033584595,0.9993063807487488,0.9900177121162415,0.6986591815948486,0.007405221462249756,5.023885726928711,1.6982250213623047,86.04700790256179,gv1ApCmctVQ/00005,39,5.85
0.9896140098571777,0.9935511350631714,0.023628491908311844,0.000727966136764735,0.979672372341156,0.9978739619255066,0.9850184917449951,0.38924750685691833,0.00488358736038208,10.12949275970459,3.032484292984009,23.717596653572947,gv1ApCmctVQ/00005,40,6.0
0.9990083575248718,0.9958139657974243,0.0014341986970975995,0.0008467570296488702,0.998406708240509,0.9986129999160767,0.9959527254104614,0.5375001430511475,0.002746880054473877,2.307281017303467,2.5801138877868652,54.9211696924867,gv1ApCmctVQ/00006,11,1.65
0.9984137415885925,0.994692325592041,0.0024490333162248135,0.0036288511473685503,0.9973704218864441,0.9965543150901794,0.9941747188568115,0.4772438704967499,0.0031346678733825684,3.7426342964172363,4.057373046875,41.83208697799598,gv1ApCmctVQ/00006,12,1.7999999999999998
0.998710036277771,0.994006335735321,0.0017402064986526966,0.0008764165686443448,0.9978991746902466,0.9988746047019958,0.9938715100288391,0.6102794408798218,0.004732310771942139,2.7983486652374268,1.982311725616455,75.87741452342364,gv1ApCmctVQ/00006,13,1.95
0.998913586139679,0.9963563680648804,0.0012165394145995378,0.0007053181761875749,0.9983280897140503,0.999068021774292,0.9966456890106201,0.5681723356246948,0.0022385120391845703,2.9864871501922607,1.8202018737792969,69.29659028743596,gv1ApCmctVQ/00006,14,2.1
0.9991487264633179,0.9921957850456238,0.0012875715037807822,0.0007534081232734025,0.9985939264297485,0.9988294839859009,0.9917377829551697,0.7029461860656738,0.007131516933441162,2.968266248703003,2.0222535133361816,83.40600724721433,gwWrkgV47F0/00001,13,1.95
0.9965639114379883,0.9877713322639465,0.004775043576955795,5.341445285012014e-05,0.994347870349884,0.9996747970581055,0.9892430901527405,0.6876663565635681,0.007850289344787598,5.936437129974365,1.1067782640457153,73.90539837995975,gwWrkgV47F0/00001,14,2.1
0.9973788261413574,0.9939309358596802,0.0036848443560302258,0.0006396370590664446,0.9957635998725891,0.9986602663993835,0.993665874004364,0.5452056527137756,0.003858327865600586,4.911080360412598,2.1949455738067627,54.10097358988448,gwWrkgV47F0/00001,15,2.25
0.9984010457992554,0.990441620349884,0.0028794442769140005,0.0005689740646630526,0.9970322847366333,0.9983996748924255,0.9905403256416321,0.6029548645019531,0.007403552532196045,3.7791073322296143,2.424367904663086,69.82694265893946,gwWrkgV47F0/00001,16,2.4
0.9997116923332214,0.9914188385009766,0.00028830766677856445,0.004012602381408215,0.9994233846664429,0.9936804175376892,0.9914055466651917,0.2856549918651581,0.005531013011932373,1.0675386190414429,6.2842488288879395,42.375316416974016,gwWrkgV47F0/00002,2,0.3
0.9997119903564453,0.9840418696403503,0.00028827786445617676,0.036548130214214325,0.9994233250617981,0.9740438461303711,0.9839128255844116,-0.05191464349627495,0.0033828020095825195,1.047165870666504,11.603079795837402,19.262582238198416,gwWrkgV47F0/00002,3,0.44999999999999996
0.9997856616973877,0.9949294328689575,0.0002142488956451416,0.0015523807378485799,0.9995715022087097,0.9969272017478943,0.9950488209724426,0.3726595938205719,0.003427863121032715,0.9010137319564819,3.3786566257476807,66.92488159225753,gwWrkgV47F0/00002,4,0.6
0.9932073354721069,0.9917356967926025,0.004612796939909458,0.000361860467819497,0.9923844337463379,0.998635470867157,0.9942660927772522,0.3051315248012543,0.0018057823181152344,6.0159502029418945,2.2998244762420654,32.56449856629255,gwWrkgV47F0/00002,10,1.5
0.9936848282814026,0.9937560558319092,0.0039001901168376207,0.0009015830582939088,0.9942598938941956,0.9982072114944458,0.99223792552948,0.431878924369812,0.004413783550262451,5.625263690948486,2.562634229660034,43.73348069093069,gwWrkgV47F0/00002,11,1.65
0.995267391204834,0.9948872327804565,0.002806209260597825,0.00043371395440772176,0.9957079887390137,0.9979751706123352,0.995005190372467,0.4171260595321655,0.002298891544342041,3.7876205444335938,3.097881317138672,41.62703132762736,gwWrkgV47F0/00002,12,1.7999999999999998
0.9937772154808044,0.9902776479721069,0.0038449529092758894,0.0010125855915248394,0.9948281049728394,0.9972774386405945,0.9922135472297668,0.39326611161231995,0.004310190677642822,5.554814338684082,3.9696247577667236,38.4958329106238,gwWrkgV47F0/00002,13,1.95
0.9951645731925964,0.9923256635665894,0.0029735995922237635,0.00038161559496074915,0.9952914714813232,0.9981517791748047,0.9934674501419067,0.4294571876525879,0.003695249557495117,4.28607702255249,3.0396761894226074,51.03223395431068,gwWrkgV47F0/00002,14,2.1
0.9981827735900879,0.9944126009941101,0.002139430958777666,0.0002202537580160424,0.9973285794258118,0.9996747374534607,0.9942473769187927,0.7083958387374878,0.004493653774261475,3.1165316104888916,1.0523746013641357,98.93570014227362,gzcwS02ZB1o/00006,2,0.3
0.9980347752571106,0.9956434369087219,0.0019419502932578325,0.0009925757767632604,0.9971293807029724,0.9987425208091736,0.995427131652832,0.5382523536682129,0.0028036832809448242,3.3303263187408447,2.1403648853302,66.85215420171927,gzcwS02ZB1o/00006,3,0.44999999999999996
0.9965248107910156,0.9887725114822388,0.004076196346431971,0.0004254820814821869,0.9945881366729736,0.998561680316925,0.9909322261810303,0.5055150389671326,0.0061566829681396484,4.297824382781982,2.485246181488037,59.46985544666853,gzcwS02ZB1o/00006,4,0.6
0.9998220801353455,0.9917212724685669,0.00017791986465454102,0.0013776018749922514,0.9996441602706909,0.9971802234649658,0.9918652772903442,0.5730816125869751,0.006608128547668457,0.8717630505561829,4.424799919128418,89.03042139073261,gzcwS02ZB1o/00009,1,0.15
0.9997535943984985,0.994381308555603,0.00024640560150146484,0.0008523104479536414,0.9995071887969971,0.997766375541687,0.9945074915885925,0.4432559609413147,0.004325270652770996,0.9773801565170288,3.414278507232666,72.42901488864098,gzcwS02ZB1o/00009,2,0.3
0.9997978210449219,0.9935557246208191,0.00020205974578857422,0.0013332243543118238,0.9995957612991333,0.995957612991333,0.9935476183891296,0.37538260221481323,0.004449784755706787,0.9219591617584229,4.127119064331055,67.0890614642768,gzcwS02ZB1o/00009,3,0.44999999999999996
0.9962814450263977,0.9938018321990967,0.0022837223950773478,0.0008077185484580696,0.9974263310432434,0.9968082904815674,0.995710015296936,0.3683130741119385,0.0017709732055664062,2.7963809967041016,3.4209365844726562,42.287728827198144,gzcwS02ZB1o/00009,5,0.75
0.9952731132507324,0.9946490526199341,0.002861794549971819,0.00048380924272350967,0.9967988133430481,0.9974209666252136,0.9942893385887146,0.4133313298225403,0.0031615495681762695,3.555772542953491,2.99523663520813,45.9340316768818,gzcwS02ZB1o/00009,6,0.8999999999999999
0.9953641891479492,0.993535578250885,0.002719653770327568,0.0014720592880621552,0.9968705177307129,0.9965813755989075,0.9931790828704834,0.4388408362865448,0.004009127616882324,3.232814073562622,4.055385112762451,48.15940755203629,gzcwS02ZB1o/00009,7,1.05
0.9943598508834839,0.9942334294319153,0.0033494033850729465,0.00039119081338867545,0.9962347149848938,0.9986968636512756,0.9938039779663086,0.5304701328277588,0.004030346870422363,3.593682050704956,2.2038393020629883,62.45170875749898,gzcwS02ZB1o/00009,8,1.2
0.9998447895050049,0.9935111999511719,0.0001551210880279541,0.0011714996071532369,0.9996894598007202,0.995463490486145,0.993636429309845,0.29850295186042786,0.004122734069824219,0.76762455701828,4.359886646270752,55.080386233126134,gzcwS02ZB1o/00011,17,2.55
0.999829888343811,0.9938467741012573,0.00017002224922180176,0.0006585587980225682,0.9996600151062012,0.9965121150016785,0.9938399195671082,0.3215477764606476,0.004475235939025879,0.8179306387901306,4.757448673248291,56.06246853628819,gzcwS02ZB1o/00011,18,2.6999999999999997
0.9994221925735474,0.9890909790992737,0.0005777180194854736,0.0026950750034302473,0.9988441467285156,0.9908301830291748,0.9890106320381165,0.19224268198013306,0.006223022937774658,1.4409595727920532,6.659633159637451,42.35427105531787,gzcwS02ZB1o/00011,19,2.85
0.9962177276611328,0.9902206659317017,0.002270766766741872,0.0007462554494850338,0.9973982572555542,0.9973435997962952,0.9907359480857849,0.6623293161392212,0.0069675445556640625,3.6859452724456787,2.8674228191375732,97.03168026823006,gzcwS02ZB1o/00011,28,4.2
0.9956305623054504,0.992379367351532,0.002682916121557355,0.00035568952444009483,0.9970530271530151,0.9986213445663452,0.9939137101173401,0.5331225395202637,0.004205107688903809,4.51908540725708,2.2426364421844482,52.5238275667886,gzcwS02ZB1o/00011,29,4.35
0.9951928853988647,0.9897385835647583,0.002862069755792618,0.0005538318073377013,0.9966989159584045,0.9979093670845032,0.9925658106803894,0.4686436653137207,0.005056619644165039,5.243556499481201,2.8504269123077393,42.056262223141964,gzcwS02ZB1o/00011,30,4.5
0.9945282340049744,0.9926004409790039,0.0031720579136162996,0.0008103617583401501,0.9962033629417419,0.9965864419937134,0.9925286173820496,0.4816087782382965,0.004287779331207275,3.4437010288238525,3.744969129562378,58.548183551692354,gzcwS02ZB1o/00011,31,4.6499999999999995
0.9908608198165894,0.9871050119400024,0.005607016384601593,0.0026109982281923294,0.9938562512397766,0.995853841304779,0.9916467070579529,0.32036203145980835,0.0038937926292419434,6.685545444488525,4.706121921539307,27.167127802914802,gzcwS02ZB1o/00011,32,4.8
0.9968409538269043,0.9942522048950195,0.0018486713524907827,0.00015072021051310003,0.9978216886520386,0.9973965287208557,0.9918073415756226,0.5993553400039673,0.006079971790313721,2.929978847503662,3.1485955715179443,86.55352332613306,gzcwS02ZB1o/00011,33,4.95
0.9909731149673462,0.9902453422546387,0.005468625575304031,0.0013628796441480517,0.9938990473747253,0.9951356649398804,0.9903697371482849,0.4158085882663727,0.005002140998840332,6.276198863983154,4.2273101806640625,43.484909032566584,gzcwS02ZB1o/00011,34,5.1
0.9974273443222046,0.9932661056518555,0.001435904181562364,0.0011700359173119068,0.9981358051300049,0.9965735673904419,0.9935528635978699,0.4670679271221161,0.0040628910064697266,2.472139358520508,3.528761625289917,60.80007209796344,gzcwS02ZB1o/00011,35,5.25
0.9935289621353149,0.9900302886962891,0.003978408873081207,0.0004167940642219037,0.9956351518630981,0.9978639483451843,0.9931817054748535,0.4598444104194641,0.003975510597229004,4.373201370239258,3.234814167022705,44.26766251580794,gzcwS02ZB1o/00011,36,5.3999999999999995
0.9937132000923157,0.9889159202575684,0.0038917234633117914,0.0026070133317261934,0.9957821369171143,0.9949713945388794,0.9916276931762695,0.4278790354728699,0.004216253757476807,4.418313503265381,4.435626029968262,47.78727985039085,gzcwS02ZB1o/00011,37,5.55
0.9984447360038757,0.9887052774429321,0.001660250360146165,0.0019357791170477867,0.9975659251213074,0.9939291477203369,0.9878733158111572,0.614203929901123,0.008205115795135498,3.1279845237731934,4.751877784729004,90.77805286790293,gzcwS02ZB1o/00014,54,8.1
0.9990535378456116,0.9781603813171387,0.0009360851254314184,0.04199525713920593,0.9986164569854736,0.9685620665550232,0.978945255279541,0.2841150760650635,0.005462467670440674,2.201080560684204,13.384151458740234,19.82237614437492,gzcwS02ZB1o/00014,55,8.25
0.9981498718261719,0.9957304000854492,0.002079963218420744,0.0019358774879947305,0.9973101019859314,0.9974504113197327,0.9950223565101624,0.45838502049446106,0.0026816725730895996,3.0254132747650146,3.029273509979248,53.24458543792227,gzcwS02ZB1o/00014,56,8.4
0.9992068409919739,0.9950315356254578,0.0009783814894035459,7.394297426799312e-05,0.9987565279006958,0.9998046159744263,0.9947425723075867,0.749901533126831,0.004639804363250732,2.06754469871521,0.881608784198761,148.4359309816988,gzcwS02ZB1o/00014,65,9.75
0.9989132285118103,0.9954501390457153,0.0010753525421023369,7.524591637775302e-05,0.998397946357727,0.9998417496681213,0.995042085647583,0.7315837144851685,0.004202425479888916,2.3851068019866943,0.802992045879364,143.0268098556278,gzcwS02ZB1o/00014,66,9.9
0.9976202845573425,0.9947923421859741,0.0021509698126465082,7.523902604589239e-05,0.9967968463897705,0.999670147895813,0.9943675398826599,0.5704114437103271,0.004127621650695801,3.827103853225708,0.9585806131362915,60.87590257213258,gzcwS02ZB1o/00014,67,10.049999999999999
0.9986861944198608,0.9922393560409546,0.0011893141781911254,0.00016081485955510288,0.9979622960090637,0.9998235106468201,0.9926241040229797,0.7814000248908997,0.006429910659790039,2.6978108882904053,0.7528935670852661,168.8359874303423,gzcwS02ZB1o/00014,68,10.2
0.999799370765686,0.9926454424858093,0.00020062923431396484,0.0019093776354566216,0.999598503112793,0.9958314895629883,0.9927155375480652,0.4911653697490692,0.005197286605834961,0.9017642140388489,4.402265548706055,75.09543199283365,gzcwS02ZB1o/00016,10,1.5
0.9998095631599426,0.9946461915969849,0.00019031763076782227,0.0010697490070015192,0.9996192455291748,0.9969816207885742,0.994775652885437,0.3996534049510956,0.003727555274963379,0.8635401129722595,3.410432815551758,69.41646736523427,gzcwS02ZB1o/00016,11,1.65
0.9998298287391663,0.9946427345275879,0.00017017126083374023,0.0009089254308491945,0.9996596574783325,0.9972804188728333,0.994655191898346,0.4570413827896118,0.004021346569061279,0.785466730594635,3.710254192352295,64.1959911998673,gzcwS02ZB1o/00016,12,1.7999999999999998
0.9944979548454285,0.9939867854118347,0.003190773306414485,0.000662276754155755,0.9962297081947327,0.998200535774231,0.9941708445549011,0.5169541239738464,0.003455817699432373,4.024517059326172,2.7613818645477295,46.885819010078556,gzcwS02ZB1o/00016,13,1.95
0.9947031736373901,0.9870076775550842,0.0031780716963112354,0.0026438150089234114,0.996501088142395,0.9960163831710815,0.9892188310623169,0.5485138893127441,0.007276177406311035,3.409393787384033,4.479708671569824,66.94226326012794,gzcwS02ZB1o/00016,14,2.1
0.9937348961830139,0.9933038353919983,0.0037917240988463163,0.005658138543367386,0.9957507252693176,0.9948036670684814,0.9928027987480164,0.4150950312614441,0.0030633211135864258,4.789879322052002,4.820487976074219,28.909018575662756,gzcwS02ZB1o/00016,15,2.25
0.9929122924804688,0.9950459599494934,0.004380215425044298,0.00035059748915955424,0.9951460957527161,0.9978783130645752,0.9933274388313293,0.4718884229660034,0.003398716449737549,6.830002784729004,2.7642300128936768,36.05204282128431,gzcwS02ZB1o/00016,22,3.3
0.995503842830658,0.9966899156570435,0.002706328174099326,0.00026903569232672453,0.9969881176948547,0.9984955191612244,0.9951101541519165,0.448250412940979,0.002843201160430908,4.070643424987793,2.4458000659942627,45.462714699626005,gzcwS02ZB1o/00016,23,3.4499999999999997
0.9950280785560608,0.9940457940101624,0.0027210323605686426,0.0006538366433233023,0.9964478015899658,0.9972118735313416,0.9933738112449646,0.49768227338790894,0.003947615623474121,4.104313850402832,3.0138750076293945,54.10006087409457,gzcwS02ZB1o/00016,24,3.5999999999999996
0.9943627715110779,0.9939828515052795,0.00335646141320467,0.0013162955874577165,0.9961943626403809,0.9957568645477295,0.9929443597793579,0.40267127752304077,0.0034581422805786133,4.447218418121338,5.491798400878906,42.204899670574356,gzcwS02ZB1o/00016,25,3.75
0.993649959564209,0.991226315498352,0.00384362880140543,0.0015768269076943398,0.9956425428390503,0.99625164270401,0.9918925762176514,0.42248618602752686,0.0044329166412353516,4.714725494384766,4.633602142333984,40.419118682063704,gzcwS02ZB1o/00016,26,3.9
0.9955683350563049,0.9934940338134766,0.0027009653858840466,0.0008988322224467993,0.9969621300697327,0.9984347224235535,0.9917871952056885,0.6628012657165527,0.006276547908782959,2.9905056953430176,3.0950145721435547,100.0596343155507,gzcwS02ZB1o/00016,27,4.05
0.9998679757118225,0.9942511916160583,0.00013202428817749023,0.0017152911750599742,0.9997361898422241,0.9945592880249023,0.9942233562469482,0.15692289173603058,0.0031783580780029297,0.737335741519928,5.925562858581543,34.80672986345637,gzcwS02ZB1o/00018,1,0.15
0.9998366832733154,0.9911662340164185,0.00016316771507263184,0.0012178531615063548,0.9996734261512756,0.9949998259544373,0.9911701083183289,0.3455103635787964,0.006418049335479736,0.7724788188934326,4.856680870056152,59.81309969052756,gzcwS02ZB1o/00018,2,0.3
0.9998588562011719,0.9912583231925964,0.0001410841941833496,0.000947657332289964,0.9997175931930542,0.9966991543769836,0.9911299347877502,0.5728646516799927,0.00726628303527832,0.6723519563674927,3.6696672439575195,108.93881467333064,gzcwS02ZB1o/00018,3,0.44999999999999996
0.9936491847038269,0.987502932548523,0.004472602624446154,0.0003683005052153021,0.993880569934845,0.9954763054847717,0.9904754757881165,0.4043477177619934,0.004869699478149414,5.301156520843506,5.942741870880127,40.74273287825385,gzcwS02ZB1o/00018,5,0.75
0.9955635666847229,0.9811679720878601,0.0027266498655080795,0.04355316981673241,0.9956421852111816,0.9686949253082275,0.9811043739318848,0.07728816568851471,0.002063274383544922,3.9713327884674072,13.285197257995605,17.26428873073408,gzcwS02ZB1o/00018,6,0.8999999999999999
0.9952782988548279,0.9931238889694214,0.002869404386729002,0.004102597013115883,0.9946640729904175,0.9924893975257874,0.9905208945274353,0.27191153168678284,0.003739595413208008,4.7173357009887695,6.585097789764404,30.50579649240309,gzcwS02ZB1o/00018,11,1.65
0.9968986511230469,0.9821246266365051,0.0016204678686335683,0.0418563112616539,0.9969514012336731,0.9706569314002991,0.9824137091636658,0.1289438009262085,0.0020404458045959473,3.602206230163574,12.664514541625977,20.197614614055396,gzcwS02ZB1o/00018,12,1.7999999999999998
0.9946858286857605,0.9940988421440125,0.002232687547802925,0.0026637171395123005,0.9934564232826233,0.9962455630302429,0.9920850396156311,0.3564872145652771,0.0033501386642456055,5.232888221740723,3.746342658996582,34.69303763606387,gzcwS02ZB1o/00018,13,1.95
0.9996017813682556,0.9907628297805786,0.0006436441908590496,0.0006254133186303079,0.9993891716003418,0.998498797416687,0.9912914633750916,0.7072335481643677,0.007797122001647949,1.4746510982513428,2.4440360069274902,118.34181112252358,gzcwS02ZB1o/00019,7,1.05
0.9997128248214722,0.9936825633049011,0.0003625829704105854,0.0003710572200361639,0.9996212720870972,0.9993636012077332,0.9939774870872498,0.7478838562965393,0.005571603775024414,1.2994585037231445,1.5215662717819214,148.42815406170504,gzcwS02ZB1o/00019,8,1.2
0.9985988736152649,0.9920362234115601,0.0018158413004130125,0.001983160385861993,0.9974073171615601,0.9970215559005737,0.9918307662010193,0.6115738749504089,0.0056601762771606445,3.132354736328125,3.7327237129211426,88.89487224660806,gzcwS02ZB1o/00024,2,0.3
0.9978674054145813,0.993853747844696,0.002555305138230324,0.0006602599751204252,0.9962077736854553,0.997983992099762,0.9938631057739258,0.47166258096694946,0.0035903453826904297,4.041923522949219,3.1029696464538574,43.89334103059163,gzcwS02ZB1o/00024,3,0.44999999999999996
0.998012363910675,0.9933661222457886,0.0024115080013871193,0.0004604110145010054,0.9966039657592773,0.9974545836448669,0.9935843348503113,0.4455530643463135,0.0038340091705322266,3.711048126220703,3.2260842323303223,52.518265405123614,gzcwS02ZB1o/00024,15,2.25
0.9950792193412781,0.9939600229263306,0.008260522037744522,0.0009290063171647489,0.9911583065986633,0.9971323609352112,0.9920381307601929,0.3568612039089203,0.0031429529190063477,8.861397743225098,3.3532826900482178,21.975109723434407,gzcwS02ZB1o/00024,16,2.4
0.9973790049552917,0.9935345649719238,0.002976583782583475,0.0009260530932806432,0.9958791732788086,0.9974987506866455,0.9942464828491211,0.3490731716156006,0.00293576717376709,4.014142990112305,3.1186819076538086,39.354831490849314,gzcwS02ZB1o/00024,17,2.55
0.996563196182251,0.9964276552200317,0.00316245318390429,0.0007203753921203315,0.9944102764129639,0.9966452717781067,0.9952854514122009,0.0847274661064148,0.0008573532104492188,4.688849925994873,4.61952543258667,15.128546644985704,gzcwS02ZB1o/00024,18,2.6999999999999997
0.9997053742408752,0.995642364025116,0.00017341299098916352,0.000540975306648761,0.9998037219047546,0.9984949827194214,0.9958309531211853,0.713685929775238,0.003402113914489746,0.8255406022071838,2.3849897384643555,105.84790482676668,gzcwS02ZB1o/00026,1,0.15
0.9993025660514832,0.9901021718978882,0.00041519192745909095,0.0002056803205050528,0.9995207786560059,0.998899519443512,0.990034818649292,0.8329178094863892,0.00927191972732544,1.1334527730941772,2.0161218643188477,227.91722826357287,gzcwS02ZB1o/00026,2,0.3
0.9993110299110413,0.9926315546035767,0.0004026606329716742,0.0007184009300544858,0.9995309710502625,0.9976226687431335,0.9926037192344666,0.6381692290306091,0.0061075687408447266,1.2350860834121704,3.021143674850464,90.62678188542587,gzcwS02ZB1o/00026,3,0.44999999999999996
0.999784529209137,0.9917861819267273,0.00011986257595708594,0.00026541471015661955,0.9998493194580078,0.998598039150238,0.9918803572654724,0.7644741535186768,0.007448136806488037,0.7049778699874878,3.335258722305298,128.29020928355843,gzcwS02ZB1o/00026,4,0.6
0.9997453689575195,0.992897093296051,0.00025460124015808105,0.0012815389782190323,0.9994909763336182,0.9956104159355164,0.9930346012115479,0.314835786819458,0.004857659339904785,0.9522576332092285,5.458544731140137,47.58765305466004,gzcwS02ZB1o/00027,4,0.6
0.9996022582054138,0.994120717048645,0.00039774179458618164,0.002404257422313094,0.9992045164108276,0.9959714412689209,0.9942876696586609,0.30471816658973694,0.0036759376525878906,1.1330335140228271,4.1845808029174805,52.409918570342434,gzcwS02ZB1o/00027,5,0.75
0.9998551607131958,0.9936904311180115,0.00014480948448181152,0.000333699252223596,0.9997104406356812,0.9954171776771545,0.9937329888343811,0.36144447326660156,0.004082381725311279,0.7750941514968872,4.714963436126709,52.46962929931432,gzcwS02ZB1o/00027,6,0.8999999999999999
0.9998055100440979,0.9903644323348999,0.0001946091651916504,0.0023341584019362926,0.9996109008789062,0.9919598698616028,0.9903327822685242,0.28270724415779114,0.005444645881652832,0.8625479936599731,7.033705234527588,44.13045698186123,gzcwS02ZB1o/00027,7,1.05
0.9997817873954773,0.9910447001457214,0.00021821260452270508,0.00041669566417112947,0.9995635151863098,0.9990344643592834,0.9911478757858276,0.7356898188591003,0.008296489715576172,0.839892566204071,1.8327499628067017,189.7399676203974,gzcwS02ZB1o/00027,8,1.2
0.9951527714729309,0.9956727027893066,0.00305309914983809,5.2807485189987347e-05,0.9959834218025208,0.9998854994773865,0.9952874183654785,0.5954054594039917,0.002948284149169922,3.9166259765625,0.6572803854942322,55.52241202107417,gzcwS02ZB1o/00027,14,2.1
0.9962831139564514,0.9929310083389282,0.0022982049267739058,4.419355173013173e-05,0.9967172741889954,0.9998586177825928,0.9913911819458008,0.7231537699699402,0.0071364641189575195,3.330073356628418,0.7258156538009644,111.08106373654128,gzcwS02ZB1o/00027,15,2.25
0.9960876703262329,0.9874013662338257,0.002361865947023034,5.884032361791469e-05,0.9971365332603455,0.999839186668396,0.9877074956893921,0.8289403319358826,0.011005580425262451,3.18082332611084,0.6747943758964539,172.60816494764518,gzcwS02ZB1o/00027,16,2.4
0.9983356595039368,0.9939457178115845,0.0018548286752775311,0.000752866908442229,0.9973090291023254,0.9984815716743469,0.994002103805542,0.5680133104324341,0.004114687442779541,3.250338077545166,2.401538610458374,57.837504548360286,h0dSQDgl3gI/00001,10,1.5
0.9991207122802734,0.9893242716789246,0.0012946579372510314,0.0006457009585574269,0.9986395239830017,0.9958816766738892,0.9892640113830566,0.6068310141563416,0.008403539657592773,1.9799195528030396,4.515447616577148,60.33348266703414,h0dSQDgl3gI/00001,11,1.65
0.9994717240333557,0.9805268049240112,0.0006420132704079151,0.04148140177130699,0.9992351531982422,0.9705230593681335,0.980423092842102,0.3305213451385498,0.004956245422363281,2.1345348358154297,12.886754035949707,22.684726024961744,h0dSQDgl3gI/00001,12,1.7999999999999998
0.9995723962783813,0.9839929938316345,0.00042757391929626465,0.03441809117794037,0.9991447925567627,0.9788639545440674,0.9841063618659973,0.08670730143785477,0.00526273250579834,1.3048142194747925,11.00574016571045,24.137599310555125,h0dSQDgl3gI/00001,15,2.25
0.997742235660553,0.9843367338180542,0.0022577643394470215,0.03456835076212883,0.9954845309257507,0.9792224764823914,0.9855461716651917,0.03770691528916359,0.003032207489013672,3.0378165245056152,10.857885360717773,19.915439527003688,h0dSQDgl3gI/00001,16,2.4
0.9993333220481873,0.9969600439071655,0.0006061439053155482,0.0019967379048466682,0.9992458820343018,0.9966380000114441,0.9967344999313354,0.29499974846839905,0.0014205574989318848,1.4232791662216187,4.594027996063232,25.04838715267511,h0dSQDgl3gI/00002,3,0.44999999999999996
0.9997624158859253,0.9890381097793579,0.00023972366761881858,0.0023083302658051252,0.9997230768203735,0.9966447353363037,0.9890814423561096,0.6527611017227173,0.009212374687194824,0.9829638004302979,3.773167610168457,98.98345859291796,h0dSQDgl3gI/00002,4,0.6
0.9996911287307739,0.9898828268051147,0.00047233907389454544,0.002522211754694581,0.9995245337486267,0.9958652257919312,0.9902073740959167,0.598884105682373,0.007523179054260254,1.259745478630066,4.786285877227783,87.64249595663065,h0dSQDgl3gI/00002,5,0.75
0.9996150732040405,0.995409369468689,0.00047230711788870394,0.0010872314451262355,0.9994750022888184,0.9983794093132019,0.9955301284790039,0.6430859565734863,0.0035192370414733887,1.3020079135894775,2.5561327934265137,105.51975016201075,h0dSQDgl3gI/00002,6,0.8999999999999999
0.9980347752571106,0.9894174337387085,0.003397273598238826,0.0015701500233262777,0.9968457221984863,0.9962899088859558,0.9898768663406372,0.5241290926933289,0.0070989131927490234,4.146170616149902,4.013964653015137,50.698565126284194,h0dSQDgl3gI/00002,21,3.15
0.9986429214477539,0.9973980188369751,0.0024804468266665936,0.0004124073893763125,0.997735857963562,0.9987310767173767,0.9961125254631042,0.5095446705818176,0.0023276209831237793,3.228184700012207,2.4391279220581055,52.43085758424385,h0dSQDgl3gI/00002,22,3.3
0.9988208413124084,0.9935497045516968,0.0020472295582294464,0.0012074976693838835,0.998083233833313,0.9967813491821289,0.9936375021934509,0.46522170305252075,0.004036247730255127,2.977993965148926,4.492822170257568,43.36440609867577,h0dSQDgl3gI/00002,23,3.4499999999999997
0.9990325570106506,0.9862018823623657,0.0018715772312134504,0.0028635328635573387,0.9982947111129761,0.9952404499053955,0.9862769842147827,0.5497716665267944,0.010649800300598145,3.198167562484741,4.393179893493652,65.70543974357389,h0dSQDgl3gI/00002,24,3.5999999999999996
0.9990836977958679,0.9949077367782593,0.0016749597853049636,0.0007807721267454326,0.9984874725341797,0.997922956943512,0.9949287176132202,0.49952101707458496,0.00350034236907959,2.8783340454101562,3.0865848064422607,54.71215034333233,h0dSQDgl3gI/00002,25,3.75
0.9989477396011353,0.9962611198425293,0.0006336128572002053,0.0007988214492797852,0.9992842078208923,0.9992331862449646,0.9970245361328125,0.7654649019241333,0.002325892448425293,1.5131944417953491,1.48795747756958,214.09809111504674,h0dSQDgl3gI/00003,1,0.15
0.9997022747993469,0.9934657216072083,0.0001653131766943261,0.00011761188943637535,0.9997941851615906,0.9996651411056519,0.9934762120246887,0.863578200340271,0.006286740303039551,0.8250023722648621,1.104962944984436,425.291334880988,h0dSQDgl3gI/00003,2,0.3
0.9996256232261658,0.9947658777236938,0.000236044405028224,2.4090895749395713e-06,0.9997372627258301,0.9997406005859375,0.9947016835212708,0.8515133261680603,0.00507044792175293,0.9511145949363708,0.9773816466331482,398.3503845378171,h0dSQDgl3gI/00003,3,0.44999999999999996
0.999369204044342,0.9912704229354858,0.00038975419010967016,0.0007473619771189988,0.9995748400688171,0.9987471699714661,0.9917057752609253,0.7915306687355042,0.007567048072814941,1.0620869398117065,1.9941960573196411,158.12179502923357,h0dSQDgl3gI/00003,4,0.6
0.9994702935218811,0.993928074836731,0.0003180431667715311,0.0005282252677716315,0.9996072053909302,0.9983658790588379,0.9940887689590454,0.695233166217804,0.004991769790649414,1.1127350330352783,2.4210944175720215,107.60498570712795,h0dSQDgl3gI/00003,5,0.75
0.9996209740638733,0.9946061968803406,0.00022811679809819907,0.00044347692164592445,0.9996991157531738,0.9986839890480042,0.9948962330818176,0.7191368937492371,0.004395008087158203,1.016609787940979,2.198179244995117,123.32717233068026,h0dSQDgl3gI/00003,6,0.8999999999999999
0.9997963309288025,0.9936518669128418,0.00011439911759225652,0.0007667760364711285,0.9998416900634766,0.9982885718345642,0.9935986995697021,0.7975956201553345,0.005563259124755859,0.7195427417755127,2.280585527420044,145.58669777283683,h0dSQDgl3gI/00003,7,1.05
0.999691367149353,0.9929082989692688,0.00018620256741996855,0.0011595293181017041,0.9997557401657104,0.9984636306762695,0.9931439161300659,0.759691059589386,0.006100893020629883,0.9074839353561401,2.46058988571167,123.74864961559499,h0dSQDgl3gI/00003,8,1.2
0.9998483657836914,0.9922763109207153,7.94084116932936e-05,0.002324284054338932,0.9998891949653625,0.9978419542312622,0.9923318028450012,0.7454614043235779,0.006655573844909668,0.6237207055091858,3.7288765907287598,83.14350723723035,h0dSQDgl3gI/00003,9,1.3499999999999999
0.99980628490448,0.9905692934989929,0.00010831825056811795,0.0024460076820105314,0.9998416900634766,0.9975166916847229,0.9905006289482117,0.7468936443328857,0.008389174938201904,0.6709402799606323,2.876896381378174,123.1203331793047,h0dSQDgl3gI/00003,10,1.5
0.9996852874755859,0.9922561645507812,0.0001870187115855515,0.0006504814955405891,0.9997466802597046,0.9982806444168091,0.9923256039619446,0.7551790475845337,0.0068541765213012695,0.8654693365097046,2.599575996398926,107.44409478480509,h0dSQDgl3gI/00003,11,1.65
0.9997879266738892,0.9960115551948547,0.00011448140867287293,3.388872210052796e-05,0.9998037219047546,0.9999162554740906,0.9960099458694458,0.8608487844467163,0.0038686394691467285,0.8445191383361816,0.5460171699523926,418.5718366825055,h0dSQDgl3gI/00003,17,2.55
0.9996986985206604,0.9942992329597473,0.0001783777988748625,8.769438863964751e-05,0.9997756481170654,0.9998661279678345,0.9942305684089661,0.8613678216934204,0.005614519119262695,0.8393685817718506,0.6757080554962158,412.8299086942936,h0dSQDgl3gI/00003,18,2.6999999999999997
0.999669075012207,0.9930345416069031,0.00020118513202760369,0.00013912876602262259,0.9997550249099731,0.999870240688324,0.9926356673240662,0.8973422050476074,0.0072023868560791016,0.875208854675293,0.7081615328788757,594.434695948198,h0dSQDgl3gI/00003,19,2.85
0.9996987581253052,0.9941129684448242,0.00017001235391944647,3.767785892705433e-05,0.9997445940971375,0.9999329447746277,0.9941464066505432,0.8810971975326538,0.005714774131774902,0.9663776755332947,0.4929405450820923,519.7639621314629,h0dSQDgl3gI/00003,20,3.0
0.999796450138092,0.9921925067901611,0.00011016272037522867,0.00016657073865644634,0.9998496174812317,0.9987004399299622,0.992345929145813,0.7826273441314697,0.006995677947998047,0.6930178999900818,2.747945785522461,117.86570488823514,h0dSQDgl3gI/00004,3,0.44999999999999996
0.999239981174469,0.9907350540161133,0.0004785282944794744,0.0005001455429010093,0.9994959831237793,0.9989399313926697,0.9908734560012817,0.8317527174949646,0.008452534675598145,1.1957322359085083,1.9687937498092651,256.5351140133247,h0dSQDgl3gI/00004,4,0.6
0.9993253350257874,0.9963876008987427,0.0004127120482735336,0.00014268347877077758,0.9995160102844238,0.9991493821144104,0.9963933229446411,0.6306191086769104,0.0030341148376464844,1.2799063920974731,1.992291808128357,94.65170802730368,h0dSQDgl3gI/00004,5,0.75
0.9995120763778687,0.9872865676879883,0.00025015207938849926,0.0006022108136676252,0.9996588826179504,0.9982989430427551,0.9873978495597839,0.840542197227478,0.011718392372131348,1.0905280113220215,2.1582376956939697,227.6480669770896,h0dSQDgl3gI/00004,10,1.5
0.9996525645256042,0.995294451713562,0.0002110768255079165,0.0004799856396857649,0.9997584223747253,0.9992489218711853,0.995477557182312,0.736382782459259,0.004092395305633545,0.9144132733345032,1.6486655473709106,142.6946256853924,h0dSQDgl3gI/00004,11,1.65
0.9997231364250183,0.9905214309692383,0.0001720133441267535,0.0008842942188493907,0.9997915625572205,0.9989815354347229,0.9904884696006775,0.7967227697372437,0.00897979736328125,0.829895555973053,2.030735492706299,166.874577466491,h0dSQDgl3gI/00004,15,2.25
0.9996997117996216,0.9902277588844299,0.00017722908523865044,0.00042667516390793025,0.9997875690460205,0.9991720914840698,0.9905223846435547,0.8815671801567078,0.009027481079101562,0.8872826099395752,1.5199006795883179,373.55334718168297,h0dSQDgl3gI/00004,16,2.4
0.9995537400245667,0.9940022230148315,0.00026040730881504714,7.02666729921475e-05,0.999667763710022,0.9991964101791382,0.9938188195228577,0.780282199382782,0.0056896209716796875,1.0083283185958862,1.6455756425857544,199.61091478315635,h0dSQDgl3gI/00004,17,2.55
0.9993324875831604,0.997421383857727,0.0010672342032194138,0.0007155193598009646,0.9989752173423767,0.9988640546798706,0.9970541596412659,0.5572175979614258,0.002006053924560547,2.361229419708252,2.1752841472625732,50.58673393562309,h0dSQDgl3gI/00004,18,2.6999999999999997
0.9995493292808533,0.9959568977355957,0.00027089432114735246,0.00010346735507482663,0.9996993541717529,0.9994441270828247,0.9957132339477539,0.7945324182510376,0.003913521766662598,1.0393321514129639,1.4621332883834839,174.05816474602014,h0dSQDgl3gI/00005,2,0.3
0.9996287226676941,0.9942768812179565,0.00021412529167719185,0.0003685648553073406,0.9997351765632629,0.9989001750946045,0.9944989681243896,0.6941474080085754,0.004892468452453613,0.8382925391197205,2.3264613151550293,104.13697517098643,h0dSQDgl3gI/00005,3,0.44999999999999996
0.9997484683990479,0.9934701323509216,0.00025150179862976074,0.0002672002883628011,0.9994970560073853,0.9969432353973389,0.9935051202774048,0.5848494172096252,0.004957020282745361,1.0120019912719727,3.2224977016448975,106.63773955214016,h0dSQDgl3gI/00005,4,0.6
0.9998461604118347,0.994625449180603,0.00015395879745483398,0.00043705489952117205,0.9996922612190247,0.9980864524841309,0.9944907426834106,0.5920990705490112,0.004544854164123535,0.7522451877593994,2.919384241104126,114.10669376662854,h0dSQDgl3gI/00005,5,0.75
0.9951090812683105,0.9923232793807983,0.0030031083151698112,0.0005290097906254232,0.9967077970504761,0.9991225600242615,0.9923163056373596,0.6860751509666443,0.0058820247650146484,3.1516597270965576,1.7767289876937866,98.41752682433459,h0dSQDgl3gI/00005,6,0.8999999999999999
0.9998487830162048,0.9910780191421509,9.226039401255548e-05,0.00015449528291355819,0.9998791217803955,0.999908447265625,0.9910788536071777,0.9407448768615723,0.00882875919342041,0.6595920324325562,0.5289793610572815,867.2689865413048,h0dSQDgl3gI/00006,3,0.44999999999999996
0.9995949864387512,0.9920400381088257,0.00023662713647354394,3.2973428460536525e-05,0.999748945236206,0.9999168515205383,0.9921322464942932,0.93605637550354,0.007723808288574219,0.8614107966423035,0.5768930315971375,840.1964763984671,h0dSQDgl3gI/00006,4,0.6
0.999670147895813,0.9959937930107117,0.0002031508192885667,2.2983555027167313e-05,0.9997747540473938,0.9998916387557983,0.9959909915924072,0.8719891905784607,0.0038640499114990234,0.8566766381263733,0.6241794228553772,474.0833681623615,h0dSQDgl3gI/00006,5,0.75
0.9991781115531921,0.9883586168289185,0.0009921935852617025,0.0001978635846171528,0.9988252520561218,0.9998738765716553,0.9879516363143921,0.9026450514793396,0.011495709419250488,2.1189262866973877,0.580562174320221,385.73611084880815,h0dSQDgl3gI/00006,21,3.15
0.9992284178733826,0.9951351284980774,0.0009812730131670833,0.00037692300975322723,0.9988295435905457,0.9995223879814148,0.9952380657196045,0.6948328018188477,0.004046440124511719,1.9411873817443848,1.5413322448730469,105.41194750814219,h0dSQDgl3gI/00006,22,3.3
0.9994140267372131,0.9960724711418152,0.0007944816607050598,0.0001375378342345357,0.9990707635879517,0.9995554685592651,0.996020495891571,0.6846594214439392,0.0033843517303466797,1.8070049285888672,1.3757084608078003,109.69399396892997,h0dSQDgl3gI/00006,23,3.4499999999999997
0.999714732170105,0.9887036085128784,0.00014806898252572864,0.00010254293738398701,0.9997997283935547,0.999788761138916,0.9890688061714172,0.9321998953819275,0.010751903057098389,0.8640798330307007,0.7586448788642883,833.5755811592787,h0dSQDgl3gI/00006,37,5.55
0.9997907280921936,0.9963570833206177,0.00011990019993390888,8.03908405941911e-05,0.999841570854187,0.9999189376831055,0.996220588684082,0.9012059569358826,0.0036754608154296875,0.7679342031478882,0.5239014029502869,691.0155440520138,h0dSQDgl3gI/00006,38,5.7
0.9990561604499817,0.996950626373291,0.0005712286802008748,0.0012087918585166335,0.9993651509284973,0.9988393187522888,0.9970600605010986,0.6727531552314758,0.0021506547927856445,1.3680304288864136,2.0784237384796143,102.67010456805552,h0dSQDgl3gI/00008,17,2.55
0.9995812177658081,0.9937036633491516,0.00024936380214057863,0.0003849285130854696,0.999718964099884,0.9990636110305786,0.9938153028488159,0.8047664761543274,0.005642354488372803,0.969420313835144,1.7012478113174438,225.7298521417341,h0dSQDgl3gI/00008,18,2.6999999999999997
0.9997096657752991,0.9962689280509949,0.00016348683857358992,0.00023201921430882066,0.9997822046279907,0.9995308518409729,0.9962245225906372,0.7842853665351868,0.00347137451171875,0.8590999245643616,1.2745753526687622,195.14679085684958,h0dSQDgl3gI/00008,19,2.85
0.9998087882995605,0.9940932393074036,0.00010216725786449388,0.0003309361345600337,0.9998683929443359,0.9994620680809021,0.9942935109138489,0.8682581186294556,0.005410313606262207,0.6713454127311707,1.2738171815872192,295.1155049387239,h0dSQDgl3gI/00008,20,3.0
0.9997636675834656,0.992425799369812,0.00013390112144406885,4.566418647300452e-05,0.999789297580719,0.9998895525932312,0.9922678470611572,0.900454044342041,0.007593512535095215,0.8404223322868347,0.5882608294487,604.9808015525672,h0dSQDgl3gI/00008,21,3.15
0.999520480632782,0.9928916096687317,0.00027391689945943654,0.0001479616475990042,0.9996667504310608,0.9998607039451599,0.9929433465003967,0.8676699995994568,0.00685274600982666,0.9977269172668457,0.6702122092247009,434.62409305775384,h0dSQDgl3gI/00008,22,3.3
0.9998263716697693,0.9936025738716125,9.759260137798265e-05,4.307961353333667e-05,0.9998595118522644,0.9997090101242065,0.9939393997192383,0.9007920622825623,0.00587010383605957,0.7483766078948975,0.9831274747848511,512.518606445633,h0dSQDgl3gI/00008,45,6.75
0.9998558163642883,0.9915129542350769,7.717974949628115e-05,4.472892396734096e-05,0.9999004602432251,0.999845564365387,0.9914900660514832,0.9040901064872742,0.00839918851852417,0.5913366675376892,0.7782434821128845,567.51184441616,h0dSQDgl3gI/00008,46,6.8999999999999995
0.9996867775917053,0.9927309155464172,0.00018618401372805238,0.00023577017418574542,0.9997875690460205,0.9997972249984741,0.9931386709213257,0.8862382769584656,0.006681621074676514,0.9435081481933594,0.777266800403595,367.74784122259825,h0dSQDgl3gI/00008,47,7.05
0.9998003244400024,0.9924055337905884,0.00010405373177491128,1.0268912774336059e-05,0.9998312592506409,0.9998656511306763,0.9923103451728821,0.91473388671875,0.007557988166809082,0.7082912921905518,0.7079586386680603,654.121104745057,h0dSQDgl3gI/00008,48,7.199999999999999
0.9997373223304749,0.9946668744087219,0.0001427027309546247,7.603158883284777e-05,0.9997943639755249,0.9999101161956787,0.9945849776268005,0.8797681331634521,0.005287051200866699,0.8368752598762512,0.5446193814277649,377.4219577104615,h0dSQDgl3gI/00008,49,7.35
0.9997343420982361,0.9903956651687622,0.00015676954353693873,2.3397287804982625e-05,0.9998099207878113,0.9997785687446594,0.9905046820640564,0.8993406295776367,0.009315550327301025,0.8432806730270386,0.8382561206817627,424.60928732835583,h0dSQDgl3gI/00008,60,9.0
0.9987621307373047,0.9921618700027466,0.0007561901584267616,6.571639096364379e-05,0.9991833567619324,0.9998226761817932,0.9908030033111572,0.865912139415741,0.0087660551071167,1.5078060626983643,0.767816960811615,286.28930870815157,h0dSQDgl3gI/00008,61,9.15
0.9985785484313965,0.9963964223861694,0.0022154152393341064,0.00022838117729406804,0.9975655674934387,0.9997877478599548,0.9960768222808838,0.6776667833328247,0.0028153657913208008,2.7035605907440186,0.8400519490242004,83.95179965283693,h0dSQDgl3gI/00010,4,0.6
0.9982361793518066,0.9945672154426575,0.0019784714095294476,3.5262139135738835e-05,0.9973601698875427,0.9998130202293396,0.9941641688346863,0.7321125268936157,0.004646658897399902,2.770280122756958,0.7700848579406738,101.05805950876248,h0dSQDgl3gI/00010,5,0.75
0.9986758232116699,0.9957864880561829,0.0016617941437289119,4.711151268566027e-05,0.9979354739189148,0.9998867511749268,0.9950915575027466,0.753989577293396,0.0040007829666137695,2.536360025405884,0.6392611861228943,113.64038126818417,h0dSQDgl3gI/00010,6,0.8999999999999999
0.998823344707489,0.99223792552948,0.0016280723502859473,3.1971932912711054e-05,0.9980351328849792,0.9998791217803955,0.9922307729721069,0.806861400604248,0.0068939924240112305,2.5028622150421143,0.6659608483314514,156.36161419667522,h0dSQDgl3gI/00010,7,1.05
0.998809278011322,0.9922040700912476,0.001645625219680369,0.00020913405751343817,0.9980741739273071,0.9978799819946289,0.9924226403236389,0.5887593030929565,0.005810379981994629,2.5349366664886475,2.9197194576263428,77.22202075981416,h0dSQDgl3gI/00010,29,4.35
0.9988225102424622,0.9934090375900269,0.0017312982818111777,0.00045367813436314464,0.9980201721191406,0.9983205199241638,0.9935200810432434,0.5655340552330017,0.004859626293182373,2.5909273624420166,2.982297897338867,61.124317692120734,h0dSQDgl3gI/00010,30,4.5
0.9986184239387512,0.9964329600334167,0.0021263782400637865,0.0007181398686952889,0.9976166486740112,0.9990065097808838,0.9960384964942932,0.5289586782455444,0.0025174617767333984,2.852952480316162,1.9498502016067505,61.0277749913865,h0dSQDgl3gI/00010,31,4.6499999999999995
0.9994107484817505,0.9931007027626038,0.0003368595789652318,0.002480610739439726,0.9995921850204468,0.9945027828216553,0.9933692216873169,0.5815703868865967,0.003998219966888428,1.3006134033203125,4.783140659332275,77.14996324383549,h0dSQDgl3gI/00011,3,0.44999999999999996
0.9995318651199341,0.989257276058197,0.0002873929333873093,0.0011493389029055834,0.9996939301490784,0.9951106309890747,0.9894880652427673,0.621414303779602,0.008241653442382812,0.899140477180481,4.411098957061768,83.31373614839734,h0dSQDgl3gI/00011,4,0.6
0.9998198747634888,0.994239091873169,9.794996731216088e-05,0.0006608737166970968,0.9998555183410645,0.9939432144165039,0.994177520275116,0.45331907272338867,0.0030310750007629395,0.7198001146316528,4.998157501220703,49.34744863954281,h0dSQDgl3gI/00011,10,1.5
0.9998910427093506,0.9935882687568665,0.00010886789095820859,0.0023578638210892677,0.9997817277908325,0.99357670545578,0.9936001896858215,0.04836485907435417,0.003260374069213867,0.6375311017036438,6.196020126342773,33.45083563144644,h0dSQDgl3gI/00011,11,1.65
0.9972828030586243,0.9941035509109497,0.0028098849579691887,6.16312026977539e-05,0.9956806302070618,0.9999347925186157,0.9937491416931152,0.4589879512786865,0.0041887760162353516,4.5930867195129395,0.4506087005138397,56.02564838199384,h0dSQDgl3gI/00011,12,1.7999999999999998
0.9938331842422485,0.9942019581794739,0.0038069849833846092,0.000558533298317343,0.9958000183105469,0.9950296878814697,0.9936307668685913,0.25175368785858154,0.0022383928298950195,5.440431594848633,4.845520973205566,26.97761077371412,h0dSQDgl3gI/00011,13,1.95
0.9949032664299011,0.9930324554443359,0.0025864113122224808,0.0009507396025583148,0.9962125420570374,0.9947975873947144,0.9946281313896179,0.1957722008228302,0.0015034675598144531,4.554164409637451,5.3413543701171875,19.599248054892783,h0dSQDgl3gI/00011,14,2.1
0.9941781163215637,0.9940744042396545,0.0035018029157072306,0.0007965993718244135,0.9959862232208252,0.995701253414154,0.9940075874328613,0.35321056842803955,0.0023850202560424805,4.143234729766846,4.851723670959473,45.44060104068803,h0dSQDgl3gI/00011,15,2.25
0.9952613115310669,0.9921861290931702,0.0028659836389124393,0.0009688367717899382,0.9968355894088745,0.9961109161376953,0.9952324628829956,0.23636049032211304,0.0016745328903198242,3.209307909011841,4.0641560554504395,27.707294779529157,h0dSQDgl3gI/00011,16,2.4
0.9979702234268188,0.994124710559845,0.0021189807448536158,0.00025064946385100484,0.9970201849937439,0.9996986985206604,0.9932198524475098,0.753939688205719,0.005376994609832764,3.1085104942321777,0.9069758653640747,118.1880844997751,h0dSQDgl3gI/00014,3,0.44999999999999996
0.9983274340629578,0.9933520555496216,0.0018907818011939526,0.00013506412506103516,0.9973641633987427,0.9998550415039062,0.9930261969566345,0.7307015061378479,0.005794644355773926,3.215541124343872,0.6847968697547913,91.7845751993199,h0dSQDgl3gI/00014,4,0.6
0.9980347752571106,0.9949854016304016,0.0021230708807706833,6.952285912120715e-05,0.9970078468322754,0.9998850226402283,0.9946533441543579,0.6762279868125916,0.004021704196929932,3.303715705871582,0.6616572737693787,76.43039598523393,h0dSQDgl3gI/00014,5,0.75
0.9980947375297546,0.9855793118476868,0.002188769169151783,0.002556614810600877,0.9968509674072266,0.9986528754234314,0.9860605597496033,0.7146292328834534,0.011947870254516602,3.6922457218170166,2.669088363647461,110.1853961454529,h0dSQDgl3gI/00014,6,0.8999999999999999
0.9970322847366333,0.9964650869369507,0.003269476117566228,0.0006924397312104702,0.9954634308815002,0.9989042282104492,0.9955542683601379,0.4398558437824249,0.0020148158073425293,4.099419593811035,1.8762134313583374,36.04233599183491,h0dSQDgl3gI/00014,7,1.05
0.9978557825088501,0.9930629730224609,0.00283547630533576,0.00031153688905760646,0.9967444539070129,0.999039351940155,0.9934840798377991,0.6560875177383423,0.004704475402832031,3.45674204826355,1.795452356338501,88.08727323042845,h0dSQDgl3gI/00014,8,1.2
0.9978122711181641,0.9942205548286438,0.002347203204408288,0.00031260569812729955,0.9965167045593262,0.9987252950668335,0.9937228560447693,0.5131319761276245,0.00421297550201416,3.629237174987793,2.4497830867767334,53.85184181637915,h0dSQDgl3gI/00014,9,1.3499999999999999
0.9979726076126099,0.9932031631469727,0.00240137567743659,0.0007011937559582293,0.9967504143714905,0.9984293580055237,0.9938194155693054,0.5427228212356567,0.004085898399353027,3.4491145610809326,2.857553482055664,68.46806265056003,h0dSQDgl3gI/00014,10,1.5
0.9982876181602478,0.9959434270858765,0.0016679104883223772,0.00017186642799060792,0.99744713306427,0.9986141920089722,0.9955733418464661,0.45814767479896545,0.0027111172676086426,3.3019871711730957,2.1430299282073975,46.2228097438492,h0dSQDgl3gI/00014,11,1.65
0.9995783567428589,0.992837131023407,0.0004216432571411133,0.0013879808830097318,0.9991564750671387,0.9954574704170227,0.9929954409599304,0.2624315917491913,0.004751324653625488,1.2276047468185425,4.655149936676025,53.63832346869106,h0dSQDgl3gI/00015,6,0.8999999999999999
0.9998720288276672,0.9923595190048218,0.00012797117233276367,0.0032128924503922462,0.9997441172599792,0.9938858151435852,0.9923781156539917,0.2586030662059784,0.004800021648406982,0.693756103515625,5.546772480010986,42.307769560550064,h0dSQDgl3gI/00015,7,1.05
0.9966984391212463,0.9935877919197083,0.0023319057654589415,0.0018697160994634032,0.9958639740943909,0.9949629902839661,0.9940711855888367,0.22251251339912415,0.0019036531448364258,4.415430068969727,4.681138038635254,31.259706293742184,h0dSQDgl3gI/00015,9,1.3499999999999999
0.9966728687286377,0.9953206181526184,0.002183741657063365,0.0007997244829311967,0.9959073662757874,0.9961728453636169,0.9953214526176453,0.12536093592643738,0.0012602806091308594,4.05837869644165,4.19164514541626,23.92669226726623,h0dSQDgl3gI/00015,10,1.5
0.9958663582801819,0.993045449256897,0.002664674539119005,0.0026798478793352842,0.9947920441627502,0.9950868487358093,0.9930130839347839,0.19058634340763092,0.0025491714477539062,4.818304538726807,4.399795055389404,28.913722267707236,h0dSQDgl3gI/00015,11,1.65
0.9967537522315979,0.9938603639602661,0.002331961877644062,0.0015508022624999285,0.9957042932510376,0.9953600764274597,0.9940426349639893,0.17116031050682068,0.0021461844444274902,4.474061012268066,4.933080673217773,26.762009295902136,h0dSQDgl3gI/00015,12,1.7999999999999998
0.9964953064918518,0.9951313138008118,0.0024674420710653067,0.0012339629465714097,0.9952911138534546,0.995989203453064,0.9948707222938538,0.19576624035835266,0.0013778209686279297,4.0008745193481445,4.107943534851074,27.978502142546834,h0dSQDgl3gI/00015,13,1.95
0.9959502220153809,0.9931789040565491,0.003339911112561822,0.0015574770513921976,0.9947550296783447,0.9926444292068481,0.99258953332901,0.13426491618156433,0.001814723014831543,5.26020622253418,6.074637413024902,20.33458593951245,h27g5iT0tck/00008,13,1.95
0.9977477192878723,0.9885327219963074,0.0020768484100699425,0.002235364867374301,0.9967849850654602,0.9962817430496216,0.9908299446105957,0.4962303340435028,0.006181001663208008,4.078694820404053,4.445659160614014,70.10253542935338,h27g5iT0tck/00008,14,2.1
0.9980284571647644,0.9848906993865967,0.001426291884854436,0.005850028246641159,0.9971544146537781,0.9926425218582153,0.9863373041152954,0.4442748427391052,0.008878707885742188,3.916508674621582,5.756735324859619,65.82860666380289,h27g5iT0tck/00008,15,2.25
0.9965580105781555,0.9916279315948486,0.003063479671254754,0.0005105480086058378,0.9955894351005554,0.997146487236023,0.9929062724113464,0.36646586656570435,0.0038764476776123047,4.979763507843018,3.33022141456604,40.66108146145915,h27g5iT0tck/00008,16,2.4
0.9997504353523254,0.9966694712638855,0.00014447861758526415,0.0008041451219469309,0.9998293519020081,0.9978734254837036,0.9966287016868591,0.5343149304389954,0.0023435354232788086,0.789100706577301,2.822375774383545,72.03802850996401,h27g5iT0tck/00023,12,1.7999999999999998
0.9994913339614868,0.9932385683059692,0.0003066066128667444,0.0011184712639078498,0.999653697013855,0.996840238571167,0.9932153820991516,0.5399371981620789,0.005173087120056152,1.0585719347000122,3.8364555835723877,62.465698878907894,h27g5iT0tck/00023,13,1.95
0.9994486570358276,0.9922377467155457,0.0003040012379642576,0.0003385969321243465,0.9996278882026672,0.9962507486343384,0.992161214351654,0.5473542809486389,0.0059288740158081055,1.040977120399475,4.245082855224609,59.586977999321206,h27g5iT0tck/00023,14,2.1
0.9997723698616028,0.9936550855636597,0.00013351321103982627,0.0008083552238531411,0.9998444318771362,0.9976511001586914,0.9937691688537598,0.6472238898277283,0.005098223686218262,0.7426236271858215,2.9213883876800537,100.50280953844427,h27g5iT0tck/00023,15,2.25
0.9992265701293945,0.9922443628311157,0.0006715736817568541,0.0005238326266407967,0.9991697669029236,0.9965870380401611,0.9926455020904541,0.5128589272499084,0.005444347858428955,1.6872373819351196,3.623563051223755,67.02259194971526,h27g5iT0tck/00024,4,0.6
0.9993297457695007,0.9960037469863892,0.0013051229761913419,0.0005863063270226121,0.9987955689430237,0.9968792200088501,0.9959977269172668,0.36110377311706543,0.0021062493324279785,2.108820915222168,3.4055256843566895,42.53184294093637,h27g5iT0tck/00024,5,0.75
0.999323308467865,0.9904966354370117,0.0006475289119407535,0.003322227858006954,0.9990288615226746,0.9925434589385986,0.9902793765068054,0.39674511551856995,0.005779862403869629,2.0282013416290283,5.809483051300049,56.00327402130231,h27g5iT0tck/00024,6,0.8999999999999999
0.9991324543952942,0.9797697067260742,0.000923988816794008,0.04332387074828148,0.9986456036567688,0.9713439345359802,0.9798362851142883,0.34836146235466003,0.005411267280578613,2.9439687728881836,12.297576904296875,26.77157393669605,h27g5iT0tck/00031,9,1.3499999999999999
0.9948136210441589,0.9865418672561646,0.008050021715462208,0.001646712189540267,0.9906716346740723,0.9959516525268555,0.983798086643219,0.6503542065620422,0.010574162006378174,5.417161464691162,4.701493740081787,75.50520300450388,h27g5iT0tck/00031,10,1.5
0.9563464522361755,0.9949952363967896,0.06847833096981049,0.0007222628337331116,0.9232707023620605,0.9982330203056335,0.9542620182037354,0.3068366050720215,0.006124734878540039,17.739501953125,2.8689486980438232,21.47785884649606,h27g5iT0tck/00031,11,1.65
0.9996222257614136,0.9964321851730347,0.00022542395163327456,0.0004509340797085315,0.9997430443763733,0.9988967180252075,0.9966334104537964,0.711422860622406,0.002767205238342285,0.9392526745796204,2.0968177318573,115.47731206730244,h27g5iT0tck/00034,2,0.3
0.9996107816696167,0.9957119822502136,0.00023058924125507474,0.0011020867386832833,0.9997395873069763,0.9970511198043823,0.995792031288147,0.5226403474807739,0.0027552247047424316,0.881449818611145,3.7851548194885254,46.52637323151996,h27g5iT0tck/00034,3,0.44999999999999996
0.9995461702346802,0.9957291483879089,0.0002780799986794591,0.0009770272299647331,0.9996938109397888,0.9975103735923767,0.9958889484405518,0.49850139021873474,0.0028924942016601562,1.0483940839767456,3.5312817096710205,53.20748809100049,h7qKzqQnjXw/00002,16,2.4
0.9997824430465698,0.9947620034217834,0.00013187208969611675,0.00030814186902716756,0.9998406171798706,0.9961888790130615,0.9949795007705688,0.5214909911155701,0.0032587647438049316,0.7655448913574219,3.7010388374328613,67.44524185396139,h7qKzqQnjXw/00002,17,2.55
0.999634861946106,0.9917030334472656,0.00021832433412782848,0.0013375693233683705,0.9997073411941528,0.9957170486450195,0.9919548034667969,0.5153018236160278,0.005956172943115234,0.9396818280220032,4.238304615020752,60.45360536383459,h7qKzqQnjXw/00002,18,2.6999999999999997
0.9975743293762207,0.974854588508606,0.003159140469506383,0.041531044989824295,0.9962008595466614,0.9662514925003052,0.9759698510169983,0.4102942943572998,0.006775498390197754,3.4576916694641113,14.735445022583008,19.53346161095712,h7qKzqQnjXw/00002,41,6.1499999999999995
0.9980788826942444,0.9930942058563232,0.0025232729967683554,0.005403517279773951,0.9970172643661499,0.9927273988723755,0.9928757548332214,0.25094813108444214,0.002593994140625,3.231498956680298,6.169499397277832,24.60753975422224,h7qKzqQnjXw/00002,42,6.3
0.9995772242546082,0.9941231608390808,0.0003125860821455717,0.00043761965935118496,0.9995794892311096,0.9968705177307129,0.9944432973861694,0.55422043800354,0.0040007829666137695,1.175420880317688,3.4743709564208984,77.30438350454236,h7qKzqQnjXw/00003,13,1.95
0.9976708292961121,0.9909719228744507,0.0025308066979050636,0.0018055981490761042,0.9964558482170105,0.9951561689376831,0.9911422729492188,0.3335874080657959,0.005081117153167725,3.3445019721984863,5.142906665802002,35.56251082274936,h7qKzqQnjXw/00003,14,2.1
0.9984831213951111,0.9939169883728027,0.0014044676208868623,0.0010263678850606084,0.9976611137390137,0.9963577389717102,0.9942173361778259,0.37306416034698486,0.0032116174697875977,3.026289224624634,4.657195091247559,36.310627874848755,h7qKzqQnjXw/00003,15,2.25
0.9993409514427185,0.9962402582168579,0.00040780051494948566,0.001782356994226575,0.9995362162590027,0.9979392886161804,0.9963831305503845,0.5693200826644897,0.0025022029876708984,1.0320310592651367,2.8401854038238525,62.64425396612174,h7qKzqQnjXw/00004,8,1.2
0.9992917776107788,0.9869540929794312,0.0004433868743944913,0.0015422407304868102,0.9995125532150269,0.9984566569328308,0.9871307611465454,0.8099485039710999,0.011901915073394775,1.3395824432373047,2.7313387393951416,189.44795563955333,h7qKzqQnjXw/00004,9,1.3499999999999999
0.9995025992393494,0.9920196533203125,0.0004934120224788785,0.0004468422557692975,0.9993782043457031,0.9988084435462952,0.9923905730247498,0.7112700343132019,0.006794929504394531,1.3858016729354858,2.2108991146087646,119.80321409157331,h7qKzqQnjXw/00004,10,1.5
0.9984005689620972,0.988747775554657,0.0033011825289577246,0.0007468084222637117,0.9970889091491699,0.9993892312049866,0.9894838333129883,0.7693194150924683,0.008916914463043213,3.2767271995544434,1.7175383567810059,133.61114273077936,h7qKzqQnjXw/00004,11,1.65
0.9988799691200256,0.9880711436271667,0.002418217482045293,0.00048021794646047056,0.9979749321937561,0.9978898167610168,0.9887188673019409,0.7515697479248047,0.009522676467895508,2.641972064971924,2.398191452026367,126.77658087703469,h7qKzqQnjXw/00004,12,1.7999999999999998
0.9996212720870972,0.9941695928573608,0.00023221656738314778,0.003275692230090499,0.9997236132621765,0.996601939201355,0.9941632151603699,0.6336100101470947,0.004184722900390625,0.981654942035675,3.955134153366089,69.66401635903402,h7qKzqQnjXw/00006,2,0.3
0.9996298551559448,0.9958314895629883,0.0002132363588316366,0.0006298323278315365,0.9997353553771973,0.9972929358482361,0.9957208633422852,0.5323100090026855,0.002970397472381592,0.9801101684570312,3.583491802215576,55.07720963469957,h7qKzqQnjXw/00006,3,0.44999999999999996
0.9996525645256042,0.9963351488113403,0.00021628417016472667,0.0009196363971568644,0.9997619390487671,0.9977125525474548,0.9961930513381958,0.5913683176040649,0.0026750564575195312,0.8834403157234192,2.948873519897461,73.57064085590537,h7qKzqQnjXw/00006,4,0.6
0.9998103380203247,0.994339644908905,0.00018957257270812988,0.0010574961779639125,0.999620795249939,0.9929031133651733,0.994418203830719,0.07733022421598434,0.0023368000984191895,0.7818388938903809,7.220132827758789,23.796344977895696,h7qKzqQnjXw/00006,5,0.75
0.9997069835662842,0.9937747120857239,0.0002931356430053711,0.001810249756090343,0.9994137287139893,0.9945655465126038,0.9938884377479553,0.33429262042045593,0.0033674240112304688,1.1306437253952026,4.775467872619629,62.91057949988024,h7qKzqQnjXw/00006,6,0.8999999999999999
0.9936766624450684,0.993128776550293,0.0038989016320556402,0.0007162572001107037,0.9957682490348816,0.9985776543617249,0.9941161274909973,0.486166387796402,0.0035210251808166504,5.687344551086426,2.3779091835021973,37.56079774046855,h7qKzqQnjXw/00006,7,1.05
0.9944722056388855,0.9923179745674133,0.0032743702176958323,0.0004896498867310584,0.9962761402130127,0.9958116412162781,0.9904673099517822,0.4895828366279602,0.006048321723937988,3.7240238189697266,3.9270055294036865,56.96571390519438,h7qKzqQnjXw/00006,8,1.2
0.994196891784668,0.9911295771598816,0.0035484933760017157,0.001388093689456582,0.9961832761764526,0.9974462985992432,0.9943128228187561,0.4203977882862091,0.002932250499725342,3.9595727920532227,3.620828151702881,37.626344121940555,h7qKzqQnjXw/00006,9,1.3499999999999999
0.9959798455238342,0.9902704954147339,0.002158293966203928,0.0009690625010989606,0.9968828558921814,0.9950639605522156,0.9907251596450806,0.4437912106513977,0.00553363561630249,3.2438948154449463,5.0443339347839355,43.55818493422633,h7qKzqQnjXw/00006,10,1.5
0.9960898160934448,0.9901241064071655,0.007295855786651373,0.000777767738327384,0.9929273724555969,0.9965225458145142,0.9866148829460144,0.6096908450126648,0.008803606033325195,5.248085975646973,4.24370813369751,75.92658604832033,h7qKzqQnjXw/00008,18,2.6999999999999997
0.9965924620628357,0.9928594827651978,0.0077530392445623875,0.0012265155091881752,0.9934144616127014,0.9969779253005981,0.9915810823440552,0.46673572063446045,0.00438767671585083,5.724020004272461,3.458192825317383,35.27325127036008,h7qKzqQnjXw/00008,19,2.85
0.9997027516365051,0.9939096570014954,0.00015770057507324964,0.000500838621519506,0.9997674822807312,0.9989525079727173,0.9940868020057678,0.709592342376709,0.005345463752746582,0.9107861518859863,2.0452709197998047,153.0380988633959,h7u6NScSWtY/00001,18,2.6999999999999997
0.9995212554931641,0.9962667226791382,0.0002916681987699121,0.0001864116929937154,0.9996730089187622,0.9993569850921631,0.9963693618774414,0.7041609287261963,0.003202676773071289,1.1219720840454102,1.544704556465149,180.9672180056716,h7u6NScSWtY/00001,19,2.85
0.9997943043708801,0.996155858039856,0.00011740005720639601,0.00030464064911939204,0.9998318552970886,0.9990687966346741,0.9963492155075073,0.6511748433113098,0.003161132335662842,0.7671836614608765,1.8437063694000244,120.90646100219351,h7u6NScSWtY/00001,20,3.0
0.9997699856758118,0.9898574948310852,0.00012845435412600636,0.0004468951665330678,0.9998250007629395,0.9990437626838684,0.9902079701423645,0.8684229254722595,0.00928717851638794,0.7857213020324707,1.6476598978042603,344.5188358473988,h7u6NScSWtY/00001,26,3.9
0.9997087717056274,0.9946008920669556,0.0001709368807496503,0.00035622232826426625,0.9997826814651489,0.999264121055603,0.9945732355117798,0.7783594727516174,0.005003154277801514,0.8713631629943848,1.7390891313552856,209.7789188999659,h7u6NScSWtY/00001,27,4.05
0.9983569979667664,0.9928532838821411,0.0020798705518245697,0.0012148370733484626,0.9972310066223145,0.9977308511734009,0.9933112859725952,0.47092124819755554,0.004415631294250488,3.4493465423583984,2.9505789279937744,51.55205502603638,h7u6NScSWtY/00002,9,1.3499999999999999
0.9982322454452515,0.9928607940673828,0.0025538962800055742,0.0008058241801336408,0.9970990419387817,0.9977884292602539,0.9923861622810364,0.5572622418403625,0.005326390266418457,3.2883379459381104,2.978161096572876,69.55220246694267,h7u6NScSWtY/00002,10,1.5
0.9987042546272278,0.9952200055122375,0.0018346711294725537,0.0004000134067609906,0.9976810216903687,0.9988754391670227,0.9952475428581238,0.60357666015625,0.0032651424407958984,2.834460973739624,2.1428287029266357,78.02609049129582,h7u6NScSWtY/00002,11,1.65
0.9994984269142151,0.9969552755355835,0.0005232869880273938,0.0005237631849013269,0.9991875886917114,0.999299168586731,0.9968443512916565,0.6580601334571838,0.0024923086166381836,1.7204378843307495,1.5374261140823364,85.65283646164438,h7u6NScSWtY/00004,6,0.8999999999999999
0.9994170069694519,0.993851363658905,0.0005412236205302179,0.00023683230392634869,0.9992243647575378,0.9990880489349365,0.9941954612731934,0.7769397497177124,0.005061209201812744,1.60759437084198,1.9054909944534302,145.02101941063643,h7u6NScSWtY/00004,7,1.05
0.999504566192627,0.9958232641220093,0.00037209613947197795,0.00036962813464924693,0.9993601441383362,0.9991302490234375,0.9958692193031311,0.6802660822868347,0.0034725069999694824,1.4320042133331299,1.795524001121521,114.76340552110281,h7u6NScSWtY/00004,8,1.2
0.9995024800300598,0.993008017539978,0.0002884380810428411,0.004799170419573784,0.9995709657669067,0.9959174394607544,0.9932775497436523,0.57461017370224,0.004584074020385742,1.1952178478240967,4.49587345123291,72.89899876673825,h7u6NScSWtY/00004,22,3.3
0.9996134042739868,0.9940282702445984,0.0002618234429974109,0.0018375494983047247,0.999569296836853,0.9972700476646423,0.9940735697746277,0.619347870349884,0.004552721977233887,1.1391369104385376,3.486881732940674,68.76489392330721,h7u6NScSWtY/00004,23,3.4499999999999997
0.9996827244758606,0.9920423626899719,0.0002071163762593642,0.001110104494728148,0.9996864795684814,0.9986053705215454,0.9920549392700195,0.8048754334449768,0.00718456506729126,1.0808944702148438,2.147305488586426,199.0990043414421,h7u6NScSWtY/00004,24,3.5999999999999996
0.9994894862174988,0.9964000582695007,0.00031823376775719225,0.0009214012534357607,0.9996459484100342,0.9985817074775696,0.996326208114624,0.6443414688110352,0.0028856396675109863,1.1489143371582031,2.3295655250549316,98.16589719873396,h7u6NScSWtY/00004,25,3.75
0.9994141459465027,0.9934277534484863,0.0004818568704649806,0.0008359373896382749,0.9993142485618591,0.9981728196144104,0.9936496019363403,0.6663838028907776,0.005227506160736084,1.5713400840759277,2.608982801437378,108.10907786695027,h7u6NScSWtY/00005,16,2.4
0.9992223381996155,0.993348240852356,0.000928106252104044,0.0037679963279515505,0.9989073872566223,0.9955044984817505,0.99351567029953,0.4347454607486725,0.003964662551879883,1.9606212377548218,5.035006046295166,44.20771340870795,h7u6NScSWtY/00005,17,2.55
0.9992865920066833,0.9952954053878784,0.0010482249781489372,0.0024014711380004883,0.9988769292831421,0.9962654113769531,0.995182991027832,0.41488099098205566,0.0026814937591552734,2.0780131816864014,5.34494161605835,33.65602749340279,h7u6NScSWtY/00005,18,2.6999999999999997
0.999049723148346,0.9935224652290344,0.001638657646253705,0.0005695410654880106,0.9983749389648438,0.9976236820220947,0.9937030076980591,0.5718304514884949,0.004571259021759033,3.176375389099121,2.8224387168884277,72.60878897941541,h7u6NScSWtY/00005,19,2.85
0.9996101260185242,0.9968172311782837,0.00025583806564100087,0.0002407761785434559,0.9996585845947266,0.9991656541824341,0.9970058798789978,0.678963303565979,0.0024729371070861816,1.1021512746810913,1.7234114408493042,111.21912851041218,h7u6NScSWtY/00007,7,1.05
0.9996603727340698,0.9962936639785767,0.00022525500389747322,0.0004950562724843621,0.9997328519821167,0.9992045164108276,0.9964467883110046,0.7332102656364441,0.0030826330184936523,0.9856503009796143,1.721879243850708,129.60833645686307,h7u6NScSWtY/00007,8,1.2
0.9996161460876465,0.994593620300293,0.0002436631912132725,0.00022477511083707213,0.9997163414955139,0.9992932677268982,0.9944601058959961,0.8217830061912537,0.005106091499328613,0.9386027455329895,1.7047414779663086,200.30155858134438,h7u6NScSWtY/00007,9,1.3499999999999999
0.9996458888053894,0.9932182431221008,0.00031995648168958724,0.0003616966132540256,0.9995512366294861,0.9990599751472473,0.9934011101722717,0.7280298471450806,0.005982398986816406,1.165385365486145,2.43985652923584,113.2924148123184,h7u6NScSWtY/00013,5,0.75
0.9986415505409241,0.9992215037345886,0.0019889434333890676,0.0012588653480634093,0.9976204633712769,0.9990071058273315,0.9982856512069702,0.16265416145324707,0.0002371668815612793,3.3397605419158936,2.2321908473968506,16.496966469451472,h7u6NScSWtY/00013,6,0.8999999999999999
0.9995933771133423,0.9964514970779419,0.00025432766415178776,0.0005117406835779548,0.9997142553329468,0.9977881908416748,0.9963455200195312,0.4926597476005554,0.0025493502616882324,1.0061851739883423,3.170785665512085,61.319736671486304,h7u6NScSWtY/00014,27,4.05
0.9996901750564575,0.9953410029411316,0.00018430834461469203,0.0011462874244898558,0.9997982978820801,0.997115969657898,0.995519757270813,0.5117078423500061,0.0030962228775024414,0.8383600115776062,3.6994950771331787,57.63315404654958,h7u6NScSWtY/00014,28,4.2
0.9978447556495667,0.9900867342948914,0.0030754166655242443,0.0012739533558487892,0.9964324235916138,0.9978936910629272,0.9910435080528259,0.6677228212356567,0.006367802619934082,4.270111083984375,3.1878955364227295,95.12188083853208,h7u6NScSWtY/00015,7,1.05
0.9986158013343811,0.9952858090400696,0.0015284685650840402,7.46246732887812e-05,0.997768223285675,0.9989405274391174,0.9956988096237183,0.5286680459976196,0.002876758575439453,3.008173704147339,2.0350759029388428,67.39006441186021,h7u6NScSWtY/00015,8,1.2
0.998725950717926,0.9951095581054688,0.0013950257562100887,0.0007317946292459965,0.9980024695396423,0.9975408911705017,0.995343029499054,0.3908877968788147,0.002760767936706543,2.8390614986419678,3.2179105281829834,49.048422121738646,h7u6NScSWtY/00018,35,5.25
0.9991558790206909,0.9936911463737488,0.0009293574839830399,0.0004516142944339663,0.9987806677818298,0.9963824152946472,0.9941994547843933,0.598443865776062,0.003722667694091797,2.3093369007110596,3.519735097885132,92.66218222569125,h7u6NScSWtY/00018,36,5.3999999999999995
0.9989013075828552,0.9939613342285156,0.0012354847276583314,0.0006958268349990249,0.9984247088432312,0.9976555705070496,0.9943350553512573,0.4988197386264801,0.003927826881408691,2.4516265392303467,2.8510537147521973,67.18213957226352,h7u6NScSWtY/00019,7,1.05
0.9972531199455261,0.9951754808425903,0.005288850050419569,0.0007183689740486443,0.9949474334716797,0.9967123866081238,0.9935814142227173,0.294731467962265,0.0027605295181274414,5.484251499176025,3.4845492839813232,31.171357365683246,h7u6NScSWtY/00019,8,1.2
0.9975070953369141,0.9952180981636047,0.004475797526538372,0.0009254788747057319,0.9954199194908142,0.9970191121101379,0.9940792918205261,0.3551156222820282,0.0026193857192993164,4.841026782989502,3.5073633193969727,34.01844147412125,h7u6NScSWtY/00019,9,1.3499999999999999
0.9993035197257996,0.9945970773696899,0.0009365061414428055,0.0003137826861348003,0.9988438487052917,0.9997916221618652,0.9946193695068359,0.8007921576499939,0.004826009273529053,1.9405614137649536,0.8338167071342468,162.25511759131575,h7u6NScSWtY/00020,1,0.15
0.9987141489982605,0.9929165840148926,0.0018805981380864978,0.00011790289136115462,0.9977788925170898,0.9996895790100098,0.992514431476593,0.8320445418357849,0.0064640045166015625,2.8667843341827393,0.9940770268440247,181.16214395769532,h7u6NScSWtY/00020,2,0.3
0.9984464645385742,0.9922159910202026,0.002702696481719613,0.00041276318370364606,0.9971068501472473,0.9992393255233765,0.9916447401046753,0.6527897119522095,0.006885886192321777,4.56407356262207,1.8518646955490112,60.48878439358437,h7u6NScSWtY/00020,3,0.44999999999999996
0.9985648989677429,0.9963968396186829,0.0024612811394035816,0.0003829449706245214,0.9972135424613953,0.9990392327308655,0.9959138631820679,0.5761200785636902,0.0025429129600524902,3.04268217086792,1.881883144378662,62.8765404078941,h7u6NScSWtY/00020,4,0.6
0.9987357258796692,0.994604766368866,0.001182424952276051,0.00023368334223050624,0.9981606602668762,0.99969482421875,0.9949672222137451,0.6856579780578613,0.004101693630218506,2.67421555519104,1.0905686616897583,92.48143365967549,hBOVuIIQUFc/00002,12,1.7999999999999998
0.99714195728302,0.9955536127090454,0.0030972359236329794,4.364743290352635e-05,0.9957089424133301,0.9998750686645508,0.9938900470733643,0.6415205001831055,0.004237532615661621,3.936232805252075,0.6353620886802673,67.00134906588107,hBOVuIIQUFc/00002,13,1.95
0.9967895746231079,0.9951618909835815,0.0027793345507234335,0.00012158547178842127,0.9947257041931152,0.9998349547386169,0.9945142269134521,0.5469409227371216,0.0031464099884033203,4.461721420288086,0.7800533175468445,47.90021954615773,hBOVuIIQUFc/00002,14,2.1
0.9969795942306519,0.9956663846969604,0.0038107610307633877,0.0008574211387895048,0.9947124719619751,0.9985644221305847,0.9951386451721191,0.36802834272384644,0.0020046234130859375,5.137770652770996,2.4128358364105225,28.65616498509246,hBOVuIIQUFc/00002,48,7.199999999999999
0.9949725866317749,0.9852958917617798,0.00581150921061635,0.00025472696870565414,0.9925887584686279,0.9991439580917358,0.9890497326850891,0.5605964064598083,0.007028818130493164,5.832142353057861,1.778228521347046,62.93281643727496,hBOVuIIQUFc/00002,49,7.35
0.9973893761634827,0.9909090995788574,0.0032035289332270622,0.0009347348823212087,0.9957072734832764,0.9991163611412048,0.9912281632423401,0.6259427070617676,0.0065607428550720215,3.879866600036621,1.7966744899749756,77.69221223183249,hBOVuIIQUFc/00002,50,7.5
0.9963647127151489,0.9925532341003418,0.003364794421941042,0.00014561858552042395,0.9944156408309937,0.9995623826980591,0.9922889471054077,0.5474769473075867,0.005063176155090332,4.620611667633057,1.2166346311569214,52.19054336024858,hBOVuIIQUFc/00002,51,7.6499999999999995
0.9995730519294739,0.9901217222213745,0.00025476166047155857,0.005127232987433672,0.9996875524520874,0.9951258301734924,0.9902265071868896,0.7849342226982117,0.00746762752532959,1.037232756614685,4.142197132110596,114.74442821383772,hBOVuIIQUFc/00004,8,1.2
0.9998174905776978,0.9925335049629211,9.054047404788435e-05,0.0003034225373994559,0.9998582005500793,0.9985858201980591,0.9926822185516357,0.8100651502609253,0.006604135036468506,0.672778844833374,2.566873788833618,131.16291979973906,hBOVuIIQUFc/00004,9,1.3499999999999999
0.9997395873069763,0.9864380955696106,0.00014744553482159972,0.001840695971623063,0.9997952580451965,0.9969227910041809,0.9865509867668152,0.8668959140777588,0.01203465461730957,0.8441451191902161,3.0960967540740967,198.66554978337675,hBOVuIIQUFc/00004,10,1.5
0.9993317723274231,0.9900444149971008,0.00040044085471890867,3.2490818284713896e-06,0.9995337128639221,0.9990109801292419,0.9896725416183472,0.8497835397720337,0.009682297706604004,1.17324697971344,2.0043680667877197,243.11739022471656,hBOVuIIQUFc/00004,11,1.65
0.999702513217926,0.9921137690544128,0.00016014113498385996,0.00016654431237839162,0.999789297580719,0.9998235702514648,0.991923987865448,0.9200015068054199,0.007908284664154053,0.750248372554779,0.8231750130653381,542.4640648538801,hBOVuIIQUFc/00004,15,2.25
0.9998841881752014,0.9902737736701965,5.6426855735480785e-05,0.0033919415436685085,0.999907374382019,0.9975755214691162,0.9902356863021851,0.7647467851638794,0.008607208728790283,0.5249086618423462,3.31204891204834,106.36758002529871,hBOVuIIQUFc/00004,16,2.4
0.9997802376747131,0.9972508549690247,0.00010771887900773436,0.0006396445678547025,0.999850869178772,0.9991710186004639,0.9973056316375732,0.7173641920089722,0.0022585391998291016,0.7201942205429077,1.7908058166503906,120.97849687468913,hBOVuIIQUFc/00004,17,2.55
0.9990562796592712,0.9923934936523438,0.0009436607360839844,0.0014548299368470907,0.9981124401092529,0.99663907289505,0.9917914271354675,0.5308644771575928,0.00625157356262207,1.6628198623657227,3.988971710205078,94.20692096125218,hBOVuIIQUFc/00004,21,3.15
0.9996180534362793,0.9918647408485413,0.00038176774978637695,0.003642132505774498,0.9992362260818481,0.9957442283630371,0.9918710589408875,0.4285273551940918,0.005837678909301758,1.2418941259384155,4.029629707336426,81.87628689338025,hBOVuIIQUFc/00004,22,3.3
0.9997800588607788,0.9936174750328064,0.00021985173225402832,0.0007584725972265005,0.9995604753494263,0.9985982775688171,0.9937543272972107,0.6133089065551758,0.0054798126220703125,0.9755886793136597,2.3327651023864746,125.75392472873008,hBOVuIIQUFc/00004,23,3.4499999999999997
0.9986767172813416,0.9952367544174194,0.001786962617188692,0.0029547412414103746,0.9981351494789124,0.9974393844604492,0.995058536529541,0.5160161852836609,0.0029868483543395996,3.4942100048065186,3.4410300254821777,41.948867292256196,hBOVuIIQUFc/00006,1,0.15
0.9990925192832947,0.9916958808898926,0.0012805347796529531,0.0005987172480672598,0.9986367225646973,0.9988282918930054,0.9921807646751404,0.6928199529647827,0.0066925883293151855,2.258155345916748,2.32797908782959,98.23688000807829,hBOVuIIQUFc/00006,2,0.3
0.9982081055641174,0.9906615018844604,0.0030911152716726065,0.0003266313869971782,0.9970793724060059,0.9991557002067566,0.9912552833557129,0.722236156463623,0.007011532783508301,3.69089937210083,1.7357487678527832,87.99796731095876,hBOVuIIQUFc/00006,3,0.44999999999999996
0.998906135559082,0.9958329200744629,0.001513529336079955,0.00022351089864969254,0.9984245300292969,0.9994162917137146,0.9958217144012451,0.7332106232643127,0.0032410621643066406,2.286095380783081,1.5432569980621338,120.22110842321801,hBOVuIIQUFc/00006,4,0.6
0.9979848265647888,0.9863750338554382,0.0021503984462469816,5.9426303778309375e-05,0.9973546266555786,0.999232828617096,0.9861934185028076,0.8089714646339417,0.012294769287109375,2.926820755004883,1.7312241792678833,161.94094496702422,hBOVuIIQUFc/00006,5,0.75
0.9995490908622742,0.9878584146499634,0.0002607441274449229,0.00026192187215201557,0.9996502995491028,0.9994109869003296,0.9878110885620117,0.834881067276001,0.011780977249145508,1.0145869255065918,1.371039628982544,335.5859484434364,hBOVuIIQUFc/00006,32,4.8
0.9998446106910706,0.9929197430610657,8.732006244827062e-05,6.620293424930423e-05,0.9998697638511658,0.9997972249984741,0.9929084777832031,0.8630843162536621,0.006945252418518066,0.7270615100860596,0.8774167895317078,381.1600240590879,hBOVuIIQUFc/00006,33,4.95
0.9998241066932678,0.9904316067695618,8.992404764285311e-05,9.41055259318091e-05,0.9998390674591064,0.9997857213020325,0.9903955459594727,0.8865671753883362,0.00944066047668457,0.6839635372161865,0.858717143535614,533.5230708809819,hBOVuIIQUFc/00006,34,5.1
0.998853325843811,0.9910581111907959,0.0015760589158162475,0.00023248480283655226,0.9982317090034485,0.9994795322418213,0.9912694692611694,0.8078651428222656,0.0077307820320129395,2.305299997329712,1.4216183423995972,175.80998756530877,hBOVuIIQUFc/00008,5,0.75
0.9991275668144226,0.9935725331306458,0.0005903710261918604,0.0001445422531105578,0.9992552995681763,0.9992638826370239,0.9933709502220154,0.7194072008132935,0.005995273590087891,1.6803747415542603,1.8409310579299927,126.98933492410532,hBOVuIIQUFc/00008,6,0.8999999999999999
0.9984179735183716,0.9947035908699036,0.0032228827476501465,5.978691115160473e-05,0.9970656037330627,0.9992592930793762,0.9942441582679749,0.6393823623657227,0.004155516624450684,3.1428403854370117,1.6553657054901123,82.00183241312564,hBOVuIIQUFc/00008,18,2.6999999999999997
0.9989646077156067,0.9930832982063293,0.0016533974558115005,0.0003226795233786106,0.9983949065208435,0.9993701577186584,0.9929960370063782,0.7083547115325928,0.006034135818481445,2.555661201477051,1.4674954414367676,99.42987687885902,hBOVuIIQUFc/00008,19,2.85
0.9986162781715393,0.9973049163818359,0.0012262363452464342,6.168800609884784e-05,0.9982653260231018,0.9998809695243835,0.9963714480400085,0.6605842709541321,0.00283658504486084,2.3225290775299072,0.60205078125,87.05901896164767,hBOVuIIQUFc/00010,32,4.8
0.9988662004470825,0.9924249649047852,0.0009860560530796647,7.099654612829909e-05,0.9986584186553955,0.9998425245285034,0.9925780296325684,0.7769967317581177,0.0067806243896484375,2.0835206508636475,0.7132242918014526,158.98738928944644,hBOVuIIQUFc/00010,33,4.95
0.9991799592971802,0.9983056783676147,0.0007477633189409971,7.94572479208e-05,0.9989672899246216,0.9997031092643738,0.9980517625808716,0.5623660087585449,0.0013744831085205078,1.8658651113510132,0.9998431205749512,73.18768936575148,hBOVuIIQUFc/00010,34,5.1
0.9990834593772888,0.9814764261245728,0.0010376190766692162,0.04196462035179138,0.9986283183097839,0.9713847041130066,0.9813001155853271,0.35039782524108887,0.004272401332855225,2.205082416534424,12.727295875549316,22.591717526799222,hBOVuIIQUFc/00010,39,5.85
0.9993060827255249,0.980889618396759,0.0007249037735164165,0.0422917865216732,0.99900883436203,0.9713183045387268,0.9810529351234436,0.4104743003845215,0.004619896411895752,1.886345624923706,12.178308486938477,26.505298411329008,hBOVuIIQUFc/00010,40,6.0
0.998076319694519,0.9803683161735535,0.002728666877374053,0.03914758935570717,0.9967930912971497,0.9705782532691956,0.9803453683853149,0.44095316529273987,0.004649758338928223,3.840993642807007,13.215094566345215,17.308340498771216,hBOVuIIQUFc/00010,41,6.1499999999999995
0.999761700630188,0.9932612180709839,0.0001738572318572551,0.001386755728162825,0.9997290372848511,0.9979874491691589,0.9933324456214905,0.6996763944625854,0.005650937557220459,0.9591495394706726,2.685347318649292,106.59811975344753,hBOVuIIQUFc/00014,25,3.75
0.9997483491897583,0.9914339780807495,0.0002638388250488788,0.0006447617197409272,0.9996399879455566,0.9975455403327942,0.9916122555732727,0.7268195152282715,0.007127165794372559,1.1913301944732666,2.842694044113159,124.8359564115822,hBOVuIIQUFc/00014,26,3.9
0.9986270070075989,0.9738458395004272,0.0021034639794379473,0.04419749975204468,0.9978594183921814,0.9635134339332581,0.9739156365394592,0.37380746006965637,0.006573677062988281,3.158618688583374,13.0421142578125,37.43115264160457,hDLISEt8hBs/00002,18,2.6999999999999997
0.9979951977729797,0.9902377128601074,0.0030842998530715704,0.003197362646460533,0.9965384602546692,0.9940600991249084,0.990493893623352,0.4647583067417145,0.005251288414001465,3.9775760173797607,5.686699867248535,41.49610008795667,hDLISEt8hBs/00002,19,2.85
0.998204231262207,0.9694218635559082,0.0027508544735610485,0.0532827265560627,0.9970526099205017,0.9507052302360535,0.9689376950263977,0.07729004323482513,0.0036231279373168945,3.9754579067230225,15.824596405029297,21.080523195596975,hDLISEt8hBs/00002,20,3.0
0.9993923902511597,0.9912822246551514,0.0011445105774328113,0.0009334039641544223,0.9989269971847534,0.9986346960067749,0.9911237359046936,0.7943783402442932,0.007827281951904297,1.7454731464385986,2.283747673034668,173.13953429398222,hFkI69zJzLI/00001,9,1.3499999999999999
0.9989639520645142,0.9915906190872192,0.0014682478504255414,0.004807060118764639,0.9981210827827454,0.9953514337539673,0.9917847514152527,0.47751036286354065,0.005340933799743652,2.7080039978027344,5.107081890106201,49.334776419626756,hFkI69zJzLI/00001,10,1.5
0.9968594312667847,0.9908548593521118,0.005069030448794365,0.0004904508823528886,0.994543731212616,0.9981308579444885,0.9911526441574097,0.5073349475860596,0.0056340694427490234,4.458449363708496,2.459388256072998,53.41860388122932,hFkI69zJzLI/00001,11,1.65
0.9985061287879944,0.9936467409133911,0.002635656390339136,0.0007221681880764663,0.9972506761550903,0.9970833659172058,0.9933599233627319,0.5197328329086304,0.0041730403900146484,3.234619379043579,3.230149269104004,71.66638590653034,hFkI69zJzLI/00001,12,1.7999999999999998
0.9979981780052185,0.9962669610977173,0.002417837968096137,0.003171665361151099,0.996724545955658,0.997166633605957,0.9955101013183594,0.3364410400390625,0.0017905831336975098,3.4109115600585938,4.559774398803711,28.655648170026133,hFkI69zJzLI/00002,21,3.15
0.9974209666252136,0.9931109547615051,0.002745681907981634,0.0030817051883786917,0.9955321550369263,0.9963594079017639,0.9921121001243591,0.5251843333244324,0.004409909248352051,4.627313137054443,3.715151786804199,53.140021909791294,hFkI69zJzLI/00002,22,3.3
0.9968288540840149,0.9947115182876587,0.004334375727921724,0.0,0.9938173294067383,1.0,0.994462788105011,0.444863498210907,0.0034143924713134766,6.05229377746582,0.0,51.45818192387868,hFkI69zJzLI/00004,25,3.75
0.996476948261261,0.9968365430831909,0.004858002997934818,0.0,0.9930228590965271,0.9999998807907104,0.9946401119232178,0.39547067880630493,0.003054976463317871,4.3457207679748535,0.0,62.74223249215931,hFkI69zJzLI/00004,26,3.9
0.9971305727958679,0.9938335418701172,0.00391942635178566,0.0,0.994255542755127,0.9999998807907104,0.993968665599823,0.49665603041648865,0.004116714000701904,3.9185056686401367,0.0,76.45037266311371,hFkI69zJzLI/00004,27,4.05
0.9994433522224426,0.9923693537712097,0.0003286713035777211,3.938686495530419e-05,0.9996077418327332,0.9998472332954407,0.9923728704452515,0.917689859867096,0.007391929626464844,1.028085470199585,0.7496012449264526,660.254844084933,hJnEQCMA5Sg/00003,9,1.3499999999999999
0.9996050596237183,0.9871921539306641,0.00022963217634242028,0.00020973682694602758,0.9997026324272156,0.9992344975471497,0.9875503778457642,0.8944689631462097,0.01198345422744751,0.9638751745223999,1.4016767740249634,600.1342283174818,hJnEQCMA5Sg/00003,10,1.5
0.9990083575248718,0.995639443397522,0.0006182178040035069,5.013951886212453e-05,0.9993259906768799,0.9998850226402283,0.9952530860900879,0.8442360758781433,0.004409611225128174,1.501482605934143,0.6602301597595215,313.1746309501585,hJnEQCMA5Sg/00003,11,1.65
0.9998462796211243,0.9943984746932983,0.00015360116958618164,0.0010518401395529509,0.9996926784515381,0.9981298446655273,0.9945176243782043,0.6894002556800842,0.004495501518249512,0.8145973086357117,2.981997489929199,135.13269374730731,hJnEQCMA5Sg/00003,31,4.6499999999999995
0.9994792938232422,0.9901049733161926,0.0005209445953369141,0.0017964530270546675,0.9989582896232605,0.9968045353889465,0.9896789193153381,0.5615431666374207,0.008713960647583008,1.259682059288025,4.1037678718566895,93.52554791975415,hJnEQCMA5Sg/00003,32,4.8
0.9905943274497986,0.9913155436515808,0.004125269129872322,0.0002510028425604105,0.9962191581726074,0.9995609521865845,0.9945514798164368,0.4666864573955536,0.0034865140914916992,4.640493869781494,1.0826858282089233,42.02449168204182,hJnEQCMA5Sg/00003,33,4.95
0.991847574710846,0.9883646965026855,0.005038455594331026,0.00017557787941768765,0.9941596984863281,0.9996954798698425,0.9942887425422668,0.4966040849685669,0.0029761791229248047,5.8209614753723145,1.0508157014846802,34.180586822167086,hJnEQCMA5Sg/00003,44,6.6
0.9944691061973572,0.9975185394287109,0.003399270586669445,2.2598776922677644e-05,0.9959976673126221,0.999816358089447,0.9947495460510254,0.5905423164367676,0.003370523452758789,3.8691911697387695,0.783475935459137,59.19419639645365,hJnEQCMA5Sg/00003,45,6.75
0.9968327283859253,0.9963800311088562,0.001668552285991609,0.00025947828544303775,0.9976733326911926,0.9997135400772095,0.9968540668487549,0.5536500811576843,0.0020118355751037598,3.0672523975372314,1.0225245952606201,56.30387949761588,hJnEQCMA5Sg/00003,46,6.8999999999999995
0.9923111796379089,0.9880140423774719,0.004823070019483566,0.004260568879544735,0.9944320917129517,0.9953488111495972,0.9918888807296753,0.4422568678855896,0.003746509552001953,4.790554046630859,4.73117733001709,29.01805223719443,hJnEQCMA5Sg/00003,50,7.5
0.9968518614768982,0.9945957064628601,0.0019416882423684,0.003537984099239111,0.9978682994842529,0.9965066909790039,0.9941291809082031,0.5034427642822266,0.0033707022666931152,3.1480610370635986,3.947796583175659,39.61250509449019,hJnEQCMA5Sg/00003,51,7.6499999999999995
0.9957741498947144,0.9928234219551086,0.002527934964746237,0.0027002659626305103,0.9972469806671143,0.9964401125907898,0.992155909538269,0.5924036502838135,0.00508350133895874,3.352282762527466,4.591329574584961,54.86185926892872,hJnEQCMA5Sg/00003,52,7.8
0.9994832873344421,0.9929167628288269,0.00029984686989337206,0.0014609437203034759,0.9996356964111328,0.9968863725662231,0.9929249286651611,0.6913821697235107,0.005553603172302246,1.004536747932434,3.4602231979370117,106.07213387360653,hJnEQCMA5Sg/00004,1,0.15
0.9996015429496765,0.9918651580810547,0.0002269317046739161,0.0006582889473065734,0.9997237324714661,0.9954164028167725,0.9919499158859253,0.628067135810852,0.005948781967163086,0.8756411671638489,4.131674766540527,79.77759950922947,hJnEQCMA5Sg/00004,2,0.3
0.9995675086975098,0.9939972758293152,0.0002583508612588048,0.0010811351239681244,0.9997279047966003,0.9965002536773682,0.9942882657051086,0.5512067675590515,0.004077434539794922,0.9091017842292786,3.894932270050049,66.0352380294112,hJnEQCMA5Sg/00004,3,0.44999999999999996
0.9997358918190002,0.9921085834503174,0.00015992419503163546,0.0016552068991586566,0.9998005628585815,0.9958277940750122,0.9922022819519043,0.5628124475479126,0.005812704563140869,0.8271567225456238,4.530183792114258,61.531276451572325,hJnEQCMA5Sg/00004,4,0.6
0.9996315836906433,0.9903731942176819,0.00018678723427001387,0.0016784813487902284,0.9997468590736389,0.9955956339836121,0.990257203578949,0.6390131115913391,0.00770413875579834,0.8461545705795288,3.8067052364349365,81.52075273054382,hJnEQCMA5Sg/00004,5,0.75
0.99892657995224,0.9920069575309753,0.0019501502392813563,0.0001726627378957346,0.9981979131698608,0.9998377561569214,0.9920017719268799,0.8331959843635559,0.007154226303100586,2.4806108474731445,0.69853276014328,161.28254058251707,hJnEQCMA5Sg/00006,1,0.15
0.9987592697143555,0.9939111471176147,0.0018941793823614717,3.871920853271149e-05,0.9980003833770752,0.9999058246612549,0.994014322757721,0.7998226284980774,0.005071520805358887,2.5097525119781494,0.5742712616920471,134.96481361653977,hJnEQCMA5Sg/00006,2,0.3
0.9989706873893738,0.9929481744766235,0.0019710029009729624,0.00041172505007125437,0.9981926679611206,0.9994887709617615,0.9930151700973511,0.7994652986526489,0.005982935428619385,2.4643945693969727,1.2242202758789062,144.29962745105703,hJnEQCMA5Sg/00006,3,0.44999999999999996
0.9987971186637878,0.9906349182128906,0.0012296093627810478,3.349786493345164e-05,0.9982537031173706,0.9998877644538879,0.9909942746162415,0.8717716932296753,0.008212149143218994,2.210948944091797,0.6634181141853333,240.89882017926715,hJnEQCMA5Sg/00006,4,0.6
0.9927375912666321,0.9964726567268372,0.003011438762769103,0.0005634926492348313,0.9971230030059814,0.998787522315979,0.9892158508300781,0.6353674530982971,0.009060680866241455,3.0844132900238037,1.9274678230285645,105.29427009079556,hJnEQCMA5Sg/00006,11,1.65
0.9957029819488525,0.9946991205215454,0.001861291821114719,8.378913480555639e-05,0.9983201622962952,0.9997009038925171,0.9922862648963928,0.7708724737167358,0.006865739822387695,2.7513794898986816,0.9430822730064392,157.1900240837703,hJnEQCMA5Sg/00006,12,1.7999999999999998
0.9998040199279785,0.9935997724533081,0.00019609928131103516,0.0022832753602415323,0.9996078610420227,0.9968569874763489,0.9934998154640198,0.5732749104499817,0.00496286153793335,0.8202978372573853,3.599247694015503,100.50473807701201,hJnEQCMA5Sg/00006,13,1.95
0.9928797483444214,0.9856491088867188,0.004368847236037254,0.00043634435860440135,0.9951601624488831,0.9995569586753845,0.9887757301330566,0.7207252979278564,0.008981525897979736,5.197418689727783,1.0773491859436035,76.9176728009344,hJnEQCMA5Sg/00006,14,2.1
0.9962770342826843,0.9899278879165649,0.0022671418264508247,0.0013400320895016193,0.9974291920661926,0.9977304935455322,0.992586076259613,0.572474479675293,0.005204558372497559,2.943899393081665,3.308262586593628,58.95547717111086,hJnEQCMA5Sg/00006,43,6.45
0.9959758520126343,0.9932892918586731,0.0024058541748672724,0.00018769384769257158,0.9971599578857422,0.9987542033195496,0.9928593039512634,0.6256632804870605,0.005439281463623047,3.582879066467285,2.4718849658966064,69.8933865009678,hJnEQCMA5Sg/00006,44,6.6
0.9937553405761719,0.9879251718521118,0.0038245143368840218,0.0027645789086818695,0.9957951903343201,0.9976648688316345,0.9923120737075806,0.49607545137405396,0.004787743091583252,5.3833088874816895,3.618231773376465,43.417475516780826,hJnEQCMA5Sg/00006,45,6.75
0.9985581636428833,0.9945030212402344,0.0007786781643517315,0.0010836366564035416,0.9990483522415161,0.9987785220146179,0.9944466948509216,0.6809906363487244,0.004575490951538086,1.9194036722183228,2.1636509895324707,106.80634500736599,hJnEQCMA5Sg/00006,46,6.8999999999999995
0.999869167804718,0.9962902069091797,6.745333666913211e-05,0.000428418890805915,0.9998832941055298,0.9989878535270691,0.9963686466217041,0.7177126407623291,0.0031261444091796875,0.5919105410575867,1.9313706159591675,122.3873910913529,hJnEQCMA5Sg/00008,4,0.6
0.9998183846473694,0.9928332567214966,0.0001041648501995951,0.0012331260368227959,0.9998592138290405,0.9974178075790405,0.9931195974349976,0.6595501899719238,0.005577802658081055,0.6970359683036804,3.666166067123413,95.4902660789199,hJnEQCMA5Sg/00008,5,0.75
0.9990561604499817,0.9914323091506958,0.0005818671197630465,0.0002451978507451713,0.9993180632591248,0.998691737651825,0.9906847476959229,0.752944827079773,0.008442163467407227,1.4019768238067627,2.2380783557891846,159.0499929432154,hJnEQCMA5Sg/00008,6,0.8999999999999999
0.999155580997467,0.9924785494804382,0.0005128817865625024,0.0015776455402374268,0.9994014501571655,0.9970533847808838,0.9926280379295349,0.5663595795631409,0.005685210227966309,1.3632055521011353,3.778491735458374,68.77864216308018,hJnEQCMA5Sg/00008,7,1.05
0.9996758699417114,0.9968641996383667,0.0003109438985120505,9.05421984498389e-05,0.9996019005775452,0.9994997382164001,0.9968909025192261,0.6739964485168457,0.0027141571044921875,1.207016944885254,1.4246671199798584,113.74250067212444,hJnEQCMA5Sg/00008,8,1.2
0.9982089996337891,0.9945448637008667,0.002082299906760454,0.0002769016136880964,0.9970321655273438,0.9992278218269348,0.9948086142539978,0.5826355218887329,0.003571808338165283,3.341484546661377,1.6716012954711914,61.948262955831005,hJnEQCMA5Sg/00009,2,0.3
0.9978062510490417,0.9941542744636536,0.0025363934691995382,0.0001543812977615744,0.9962948560714722,0.9996743202209473,0.9938082098960876,0.6527355313301086,0.00442814826965332,3.5767033100128174,1.1022515296936035,78.48772230273731,hJnEQCMA5Sg/00009,3,0.44999999999999996
0.9976261854171753,0.992394745349884,0.003000400960445404,0.0002492555940989405,0.9959632158279419,0.9992735981941223,0.9924874305725098,0.6224889159202576,0.005452752113342285,3.928947925567627,1.9096027612686157,75.46478510822422,hJnEQCMA5Sg/00009,4,0.6
0.9980965852737427,0.9987059831619263,0.0019464854849502444,0.00019932235591113567,0.9969373345375061,0.9996775388717651,0.9975658059120178,0.40054628252983093,0.0009750127792358398,3.4705398082733154,1.1631238460540771,35.34771254499166,hJnEQCMA5Sg/00009,5,0.75
0.9996705055236816,0.9966084957122803,0.00019397633150219917,0.0017767836106941104,0.9997808337211609,0.9975115656852722,0.9965386390686035,0.619052529335022,0.002268552780151367,0.9060822129249573,3.1048994064331055,73.04005234732875,hJnEQCMA5Sg/00011,2,0.3
0.9995591044425964,0.9886791706085205,0.00024168583331629634,0.00440793065354228,0.9996894598007202,0.9957823157310486,0.9890090227127075,0.7870022058486938,0.008975386619567871,1.0474505424499512,3.919450283050537,125.16452798302852,hJnEQCMA5Sg/00011,3,0.44999999999999996
0.9998971223831177,0.9983628392219543,5.611385859083384e-05,0.0009622098878026009,0.9999192357063293,0.998927116394043,0.9984210133552551,0.575844407081604,0.0010679960250854492,0.5596514940261841,2.2038750648498535,60.83112126006455,hJnEQCMA5Sg/00011,51,7.6499999999999995
0.9993994832038879,0.9930193424224854,0.0003646073746494949,0.0020918813534080982,0.9995862245559692,0.996653139591217,0.9926559329032898,0.579065203666687,0.005678534507751465,1.1692187786102295,4.234810829162598,59.02848564277977,hJnEQCMA5Sg/00011,52,7.8
0.9996616244316101,0.991988480091095,0.0002080626436509192,0.0018124927300959826,0.9997690916061401,0.9962681531906128,0.9922560453414917,0.7131114602088928,0.006117582321166992,0.8650689721107483,5.371426105499268,72.11130710350598,hJnEQCMA5Sg/00011,53,7.949999999999999
0.9991479516029358,0.9933335781097412,0.0005005635321140289,0.0005466734291985631,0.9993895292282104,0.9976842403411865,0.9930847883224487,0.6493408679962158,0.005622744560241699,1.2713083028793335,2.748732566833496,95.79959792064557,hJnEQCMA5Sg/00011,54,8.1
0.9995546936988831,0.9957083463668823,0.0006162555073387921,0.001325456309132278,0.9993990063667297,0.998366117477417,0.995695173740387,0.6967259049415588,0.0033254623413085938,1.429312825202942,2.5769801139831543,105.0920532223414,hJnEQCMA5Sg/00011,55,8.25
0.99941486120224,0.9957453608512878,0.0009124253992922604,0.0008144769817590714,0.9990924596786499,0.9986737370491028,0.99543297290802,0.7191012501716614,0.0035913586616516113,1.7765213251113892,2.2786388397216797,109.55777033098784,hJnEQCMA5Sg/00011,56,8.4
0.9997645020484924,0.9866622090339661,0.00013354515249375254,0.0035281460732221603,0.9998413920402527,0.9959194660186768,0.9867353439331055,0.820361852645874,0.011340737342834473,0.7698400616645813,3.742842435836792,168.97444390107765,hJnEQCMA5Sg/00011,71,10.65
0.999430775642395,0.9773825407028198,0.0003419660497456789,0.041273776441812515,0.9996150135993958,0.9676167368888855,0.9777601361274719,0.5392550230026245,0.00713580846786499,1.0794661045074463,13.698477745056152,21.454956945954375,hJnEQCMA5Sg/00011,72,10.799999999999999
0.9989762306213379,0.9909582138061523,0.0009341593831777573,0.000690142042003572,0.9986225962638855,0.9981821775436401,0.991531491279602,0.6706266403198242,0.007079720497131348,2.0762343406677246,2.815096139907837,108.16203059697779,hJnEQCMA5Sg/00011,73,10.95
0.9997903108596802,0.9952408671379089,0.00010481414938112721,0.0007535266922786832,0.9998564720153809,0.9974497556686401,0.9952608346939087,0.6662814021110535,0.0036693811416625977,0.6753817796707153,3.2064015865325928,79.14949204534616,hJnEQCMA5Sg/00012,1,0.15
0.999796450138092,0.9968345761299133,0.00011758533219108358,0.001546382554806769,0.9998521208763123,0.9968854188919067,0.996887743473053,0.5846807360649109,0.001806497573852539,0.6668660640716553,3.938908815383911,45.11614190337523,hJnEQCMA5Sg/00012,2,0.3
