mean_cos_sim_real_to_source,mean_cos_sim_fake_to_source,std_cos_sim_real_to_source,std_cos_sim_fake_to_source,intra_real_cohesion,intra_fake_cohesion,inter_group_separation,silhouette_score,centroid_cosine_distance,real_spread,fake_spread,cohens_d,video_id,timestamp_idx,timestamp_seconds
0.9351441264152527,0.6375214457511902,0.13505296409130096,0.04873337224125862,0.8754621148109436,0.907117486000061,0.6720119118690491,0.5821455717086792,0.24597561359405518,3.105246067047119,2.6589434146881104,73.84546044523864,gZga0AmCGdE/00026,12,1.7999999999999998
0.9499611854553223,0.6119785308837891,0.09961739927530289,0.038039349019527435,0.9089258313179016,0.8520632982254028,0.5895928144454956,0.6323814988136292,0.33073264360427856,2.737415313720703,2.9023537635803223,86.58902530479641,gZga0AmCGdE/00026,13,1.95
0.9594292640686035,0.854912281036377,0.08876875042915344,0.038682617247104645,0.918225109577179,0.9534202814102173,0.8552082777023315,0.5634697675704956,0.09219568967819214,2.592811346054077,2.0186991691589355,61.68304147115518,gZga0AmCGdE/00026,14,2.1
0.9156162142753601,0.4599698483943939,0.1860470473766327,0.06257615983486176,0.8347882628440857,0.7901282906532288,0.4736265540122986,0.5964157581329346,0.418098509311676,3.181244373321533,3.888106107711792,72.01502746625138,gZga0AmCGdE/00026,15,2.25
0.9291937351226807,0.58125901222229,0.15344762802124023,0.025797659531235695,0.8658504486083984,0.8589233756065369,0.5956037044525146,0.5984792113304138,0.31161999702453613,3.112384557723999,3.007233142852783,71.51011173000921,gZga0AmCGdE/00026,16,2.4
0.9844644665718079,0.7715626955032349,0.03420287370681763,0.005592840723693371,0.9724529981613159,0.9791986346244812,0.7854379415512085,0.7886176109313965,0.19569700956344604,1.3080286979675293,1.2439125776290894,145.46148622765494,gdg4mUSwuhI/00002,12,1.7999999999999998
0.9825164675712585,0.6163115501403809,0.048010893166065216,0.0028924106154590845,0.9665864706039429,0.9287013411521912,0.6178785562515259,0.7909628748893738,0.34619736671447754,1.3147536516189575,2.3213047981262207,122.18353082842975,gdg4mUSwuhI/00002,13,1.95
0.9501615762710571,0.7438405156135559,0.08567723631858826,0.0034979775082319975,0.9115186333656311,0.9510634541511536,0.7081239819526672,0.6909386515617371,0.24347424507141113,2.7785110473632812,1.7676913738250732,87.38140709811046,gdg4mUSwuhI/00002,14,2.1
0.9407504796981812,0.8336427807807922,0.09610573202371597,0.061368439346551895,0.8909054398536682,0.8719102740287781,0.8151140809059143,0.3534546196460724,0.08375269174575806,2.9680821895599365,3.3315513134002686,37.47954009345162,gdg4mUSwuhI/00004,4,0.6
0.862373948097229,0.7383354902267456,0.217392235994339,0.08565031737089157,0.7500459551811218,0.8308811783790588,0.6986426711082458,0.3250327706336975,0.132268488407135,4.444117069244385,3.5614686012268066,33.96513516028357,gdg4mUSwuhI/00004,5,0.75
0.9208276867866516,0.8125839233398438,0.09414168447256088,0.05338020995259285,0.8702215552330017,0.8244946599006653,0.8038537502288818,0.2181684970855713,0.06521207094192505,3.487776756286621,4.118698596954346,29.30872203839513,gdg4mUSwuhI/00004,6,0.8999999999999999
0.9935819506645203,0.47638487815856934,0.004506933037191629,0.0,0.9948888421058655,0.9999999403953552,0.48505833745002747,0.9499837160110474,0.5138868689537048,0.45985352993011475,0.0,885.9063428271253,ggPh4X7UKwY/00011,2,0.3
0.9944774508476257,0.27637916803359985,0.003837630385532975,0.0,0.9954747557640076,1.000000238418579,0.2812410891056061,0.9489909410476685,0.7181969583034515,0.5431771278381348,0.0,905.9030600415612,ggPh4X7UKwY/00011,3,0.44999999999999996
0.9988171458244324,0.42934876680374146,0.0007249049376696348,0.0,0.9989986419677734,1.0,0.4264143407344818,0.9751550555229187,0.5734001696109772,0.2439204752445221,0.0,1840.6347749992053,ggPh4X7UKwY/00011,4,0.6
0.9968879818916321,0.6861284971237183,0.0017752260901033878,0.0,0.9970802068710327,1.000000238418579,0.6890421509742737,0.9473850727081299,0.31008386611938477,0.40745529532432556,0.0,893.4332755765331,ggPh4X7UKwY/00011,5,0.75
0.9993392825126648,0.4804895520210266,0.0004593081830535084,0.0,0.9994370937347412,0.9999998211860657,0.47747841477394104,0.9821083545684814,0.5224115252494812,0.16595624387264252,0.0,2611.5534386060003,ggPh4X7UKwY/00012,3,0.44999999999999996
0.9792066216468811,0.7601523995399475,0.045872922986745834,0.0,0.9578523635864258,1.0,0.7626705765724182,0.7884773015975952,0.22225910425186157,1.9549108743667603,0.0,171.17365405772026,ggPh4X7UKwY/00012,4,0.6
0.9190535545349121,0.685772180557251,0.17659921944141388,0.0,0.8426363468170166,1.0000003576278687,0.6734775900840759,0.6791917085647583,0.2765178084373474,2.735487222671509,0.0,112.16875854913397,ggPh4X7UKwY/00012,5,0.75
0.965739905834198,0.6169315576553345,0.06805195659399033,0.0,0.9329667687416077,1.0,0.6164979934692383,0.7837729454040527,0.3663734793663025,1.858173131942749,0.0,221.01066846399848,ggPh4X7UKwY/00013,21,3.15
0.9953494668006897,0.5296985507011414,0.0034111845307052135,0.0,0.9938555359840393,0.9999998807907104,0.5344231128692627,0.9128404855728149,0.46417880058288574,0.6666123867034912,0.0,581.8384733563802,ggPh4X7UKwY/00013,22,3.3
0.9814326167106628,0.6413347721099854,0.03424541652202606,0.0,0.9673749804496765,0.9999998807907104,0.6620181798934937,0.8124206066131592,0.32766520977020264,1.4206198453903198,0.0,246.42793395288794,ggPh4X7UKwY/00013,25,3.75
0.9929386973381042,0.49475720524787903,0.006059850100427866,0.0,0.9908963441848755,1.0000001192092896,0.5033654570579529,0.9097806215286255,0.49466651678085327,0.7064839601516724,0.0,547.0334185622924,ggPh4X7UKwY/00013,26,3.9
0.9949787259101868,0.5596261620521545,0.00563396979123354,0.0,0.9927065372467041,1.0000001192092896,0.5597575306892395,0.911601185798645,0.43856263160705566,0.6848948001861572,0.0,532.3214211404794,ggPh4X7UKwY/00013,27,4.05
0.9144430160522461,0.8952042460441589,0.11896084994077682,0.0,0.8364959955215454,0.9999998807907104,0.8392952084541321,0.3469182848930359,0.09917223453521729,3.400493860244751,0.0,54.72549084753187,ggPh4X7UKwY/00014,12,1.7999999999999998
0.9134538173675537,0.687746524810791,0.1227436512708664,0.0,0.8485592603683472,1.0000001192092896,0.6811172366142273,0.5848197937011719,0.2694283723831177,3.350548267364502,0.0,99.65305050894823,ggPh4X7UKwY/00014,13,1.95
0.9212571978569031,0.49428999423980713,0.0957508534193039,0.0,0.8569828271865845,1.0000001192092896,0.4665233790874481,0.6306787729263306,0.5028641223907471,3.2834396362304688,0.0,123.11451734145245,ggPh4X7UKwY/00014,14,2.1
0.8760595321655273,0.726678192615509,0.18014739453792572,0.0,0.7836109399795532,0.9999998211860657,0.713488757610321,0.4709550738334656,0.20627403259277344,3.6348698139190674,0.0,68.89232917028995,ggPh4X7UKwY/00014,15,2.25
0.9974665641784668,0.8729655742645264,0.0013631241163238883,0.0,0.9973836541175842,1.000000238418579,0.8747182488441467,0.9174622893333435,0.12433457374572754,0.4306202232837677,0.0,559.7157415257745,ggPh4X7UKwY/00017,17,2.55
0.9996563792228699,0.6942954659461975,0.00022707777679897845,0.0,0.9996787905693054,1.0,0.6959497928619385,0.9807541370391846,0.3039567470550537,0.13803239166736603,0.0,2398.149431646057,ggPh4X7UKwY/00017,18,2.6999999999999997
0.9915116429328918,0.6237086057662964,0.005679637659341097,0.0,0.9913545846939087,0.9999998807907104,0.6298803687095642,0.9109218120574951,0.3678833842277527,0.8189902305603027,0.0,496.2087066630146,ggPh4X7UKwY/00017,19,2.85
0.9974077343940735,0.4668891727924347,0.0018049172358587384,0.0,0.998025119304657,0.9999996423721313,0.48155316710472107,0.9720454216003418,0.5179813504219055,0.27230995893478394,0.0,1727.6304176836454,ggPh4X7UKwY/00017,20,3.0
0.9661511182785034,0.7247381806373596,0.04545007646083832,0.05647394061088562,0.938183605670929,0.771198570728302,0.71866774559021,0.4648936092853546,0.20132696628570557,1.7684335708618164,3.3637566566467285,65.74243496442266,ggPh4X7UKwY/00017,29,4.35
0.9051337242126465,0.536553680896759,0.11701735854148865,0.018444247543811798,0.8326177597045898,0.6730155348777771,0.5685518383979797,0.3549918234348297,0.28417831659317017,3.1083767414093018,3.9830617904663086,53.35924443878771,ggPh4X7UKwY/00017,30,4.5
0.8813832402229309,0.5671036243438721,0.26452407240867615,0.0,0.7630565166473389,0.9999999403953552,0.5564723014831543,0.6445273160934448,0.3598272204399109,4.165467739105225,0.0,87.01370327974918,ggPh4X7UKwY/00019,3,0.44999999999999996
0.9673301577568054,0.7212308645248413,0.07010484486818314,0.0,0.938102662563324,1.0000003576278687,0.7185482978820801,0.759075403213501,0.26086896657943726,2.102060556411743,0.0,154.53577212644137,ggPh4X7UKwY/00019,4,0.6
0.9176349639892578,0.9423179626464844,0.12770679593086243,0.0,0.862233579158783,,0.8763532638549805,0.16602414846420288,0.0668555498123169,2.468036651611328,0.0,61.18337534001114,ggPh4X7UKwY/00019,5,0.75
0.99470454454422,0.6940271258354187,0.002657634438946843,0.08951590955257416,0.9972805976867676,0.7169275879859924,0.69167560338974,0.6697976589202881,0.2334681749343872,0.4735408127307892,4.33095645904541,85.01428719368204,ggPh4X7UKwY/00019,6,0.8999999999999999
0.9934228658676147,0.676607608795166,0.003289357293397188,0.05128305032849312,0.9966840744018555,0.6945517063140869,0.6877615451812744,0.638654351234436,0.22877728939056396,0.40478581190109253,3.9226977825164795,71.62858843850539,ggPh4X7UKwY/00019,7,1.05
0.9187338948249817,0.537569522857666,0.16432379186153412,0.0,0.8414674997329712,1.000000238418579,0.5458846688270569,0.669671893119812,0.40296757221221924,3.156221866607666,0.0,125.85258341516223,ggPh4X7UKwY/00019,8,1.2
0.8419983983039856,0.4427189826965332,0.2292013019323349,0.0,0.7144259214401245,1.0000001192092896,0.4640083611011505,0.5386879444122314,0.46590590476989746,3.950239419937134,0.0,96.72770958958148,ggPh4X7UKwY/00019,9,1.3499999999999999
0.8457887768745422,0.5734087228775024,0.2407669872045517,0.0,0.7116241455078125,0.9999998211860657,0.5670454502105713,0.4887155592441559,0.35776734352111816,4.454740524291992,0.0,78.2440215259015,ggPh4X7UKwY/00019,10,1.5
0.8332422375679016,0.3524802327156067,0.23058313131332397,0.0,0.7011136412620544,1.0000001192092896,0.45892059803009033,0.45040345191955566,0.5074254870414734,4.923125267028809,0.0,88.07373279261152,ggPh4X7UKwY/00019,11,1.65
0.9952855110168457,0.7769506573677063,0.008537976071238518,0.0,0.9906603097915649,0.9999999403953552,0.7793495059013367,0.8802002668380737,0.21757972240447998,0.78721684217453,0.0,383.31342075589356,ggPh4X7UKwY/00022,38,5.7
0.9840102195739746,0.6285215616226196,0.01803562231361866,0.0,0.9790471792221069,1.000000238418579,0.6195047497749329,0.8403395414352417,0.374794602394104,1.1511194705963135,0.0,306.5745740850446,ggPh4X7UKwY/00022,39,5.85
0.9461374282836914,0.6214792728424072,0.09926991909742355,0.0,0.8937751054763794,1.0000001192092896,0.5908543467521667,0.7059121131896973,0.3810139298439026,2.8959717750549316,0.0,135.47749503808407,ggPh4X7UKwY/00022,40,6.0
0.9845457673072815,0.4330390393733978,0.0166595708578825,0.0,0.9755015969276428,1.000000238418579,0.43234238028526306,0.8605532646179199,0.5629087090492249,1.1406227350234985,0.0,355.96842997233745,ggPh4X7UKwY/00022,41,6.1499999999999995
0.9826744198799133,0.42353391647338867,0.011907938867807388,0.0,0.9867641925811768,0.9999997019767761,0.43514642119407654,0.9089332818984985,0.5624197721481323,0.853473424911499,0.0,529.126897615679,ggPh4X7UKwY/00022,70,10.5
0.9927399754524231,0.6471704244613647,0.005107517819851637,0.0,0.9939908385276794,0.9999997615814209,0.6235976219177246,0.9265994429588318,0.37460577487945557,0.5511884689331055,0.0,655.1317244082117,ggPh4X7UKwY/00022,71,10.65
0.9943957328796387,0.47689199447631836,0.003451048396527767,0.0,0.9957971572875977,1.000000238418579,0.4740186929702759,0.9454845190048218,0.5251487493515015,0.4627971053123474,0.0,861.1521546709819,ggPh4X7UKwY/00022,72,10.799999999999999
0.9655736088752747,0.45788466930389404,0.03565172106027603,0.0,0.9489269256591797,1.000000238418579,0.4518803656101227,0.7992444038391113,0.5383115112781525,1.7572346925735474,0.0,230.92058901657995,ggPh4X7UKwY/00022,73,10.95
0.9346235394477844,0.5061646103858948,0.122268907725811,0.0,0.8788939118385315,1.0,0.531991183757782,0.7649288177490234,0.44079136848449707,2.089501142501831,0.0,190.2900813167422,ggPh4X7UKwY/00022,74,11.1
0.9962708353996277,0.6440579295158386,0.001683508395217359,0.026629161089658737,0.9966614842414856,0.9165236353874207,0.6231943368911743,0.7945707440376282,0.3485978841781616,0.4242722988128662,2.4787542819976807,133.4984320177923,gj3ZnKlHqxI/00018,1,0.15
0.996782124042511,0.6208397150039673,0.0017510687466710806,0.006567811127752066,0.9978143572807312,0.8915938138961792,0.6253705620765686,0.7880919575691223,0.34326082468032837,0.37234067916870117,2.52585506439209,129.99049657305645,gj3ZnKlHqxI/00018,2,0.3
0.9923545718193054,0.8533602952957153,0.004507378209382296,0.028402814641594887,0.9964079260826111,0.8901770710945129,0.8524320721626282,0.5865375399589539,0.10212433338165283,0.5678017735481262,3.0920355319976807,65.84938471839688,gj3ZnKlHqxI/00018,3,0.44999999999999996
0.9910558462142944,0.9086402058601379,0.007137808483093977,0.02060624584555626,0.9907762408256531,0.9109130501747131,0.9038962125778198,0.46715325117111206,0.06011784076690674,0.8460401892662048,2.604278802871704,60.979345724493086,gjCwsdCssdk/00001,3,0.44999999999999996
0.9984632730484009,0.6145213842391968,0.0013789177173748612,0.13447336852550507,0.9982638955116272,0.8018124103546143,0.6150577068328857,0.65913987159729,0.32535213232040405,0.3473174571990967,3.851041078567505,107.54137453533161,gjCwsdCssdk/00001,4,0.6
0.9989407658576965,0.4659123420715332,0.0010523314122110605,0.0388217493891716,0.9985916018486023,0.9076485633850098,0.4670740067958832,0.8042354583740234,0.5160446465015411,0.25533339381217957,2.712545156478882,185.85930382643573,gjCwsdCssdk/00001,5,0.75
0.9914683103561401,0.6525490283966064,0.008531078696250916,0.034554801881313324,0.9885984063148499,0.8290257453918457,0.6506925821304321,0.6622443199157715,0.2979780435562134,0.9023212194442749,3.428093433380127,104.25206219382055,gjCwsdCssdk/00001,6,0.8999999999999999
0.9992790222167969,0.5058300495147705,0.000699554686434567,0.016777221113443375,0.9990648627281189,0.7491216659545898,0.5080063343048096,0.6939128637313843,0.4299122095108032,0.21487991511821747,4.1698689460754395,100.15992718196873,gjCwsdCssdk/00001,7,1.05
0.9955251216888428,0.576688289642334,0.004387785214930773,0.03374829888343811,0.9939959645271301,0.851867139339447,0.5903102159500122,0.6989881992340088,0.3718782067298889,0.4973626434803009,3.1806910037994385,116.01486688230945,gjCwsdCssdk/00001,8,1.2
0.9991945028305054,0.4506658911705017,0.0006938105216249824,0.005850415676832199,0.9990494847297668,0.7794268727302551,0.44957318902015686,0.7138673067092896,0.5002371072769165,0.2308099865913391,3.9005768299102783,111.12215052379902,gjCwsdCssdk/00001,9,1.3499999999999999
0.9983961582183838,0.5495964288711548,0.001378817716613412,0.014334054663777351,0.9978896975517273,0.7542694211006165,0.5458581447601318,0.671078085899353,0.3861249089241028,0.31402555108070374,4.043226718902588,92.63132684380167,gjCwsdCssdk/00001,10,1.5
0.9988213181495667,0.4196333885192871,0.0010957499034702778,0.009759442880749702,0.998504638671875,0.7224768996238708,0.42212411761283875,0.6843749284744263,0.5184287428855896,0.26142585277557373,4.100747585296631,102.08811569923209,gjCwsdCssdk/00001,11,1.65
0.9869984984397888,0.5787981152534485,0.01270469930022955,0.013279731385409832,0.9830713868141174,0.8691502213478088,0.6169778108596802,0.673399031162262,0.3440902829170227,0.8642609715461731,3.1927711963653564,113.10110695975652,gjCwsdCssdk/00001,12,1.7999999999999998
0.9695656895637512,0.4830871820449829,0.05050963535904884,0.029755862429738045,0.9399102330207825,0.8757737278938293,0.48734498023986816,0.6510668992996216,0.4734358787536621,1.6288065910339355,3.0592706203460693,116.09759032047302,gjCwsdCssdk/00001,25,3.75
0.9525125026702881,0.5599514245986938,0.06424245238304138,0.012307241559028625,0.9151942729949951,0.9150586128234863,0.5995943546295166,0.5955516695976257,0.35804224014282227,2.0091421604156494,2.6298367977142334,109.1111091073592,gjCwsdCssdk/00001,26,3.9
0.9969441294670105,0.803490161895752,0.00260316114872694,0.010985732078552246,0.9962019920349121,0.9843738079071045,0.809999942779541,0.815192699432373,0.18416690826416016,0.49991822242736816,1.1441665887832642,238.63316715258193,gjCwsdCssdk/00002,5,0.75
0.996658205986023,0.7063686847686768,0.002223513089120388,0.006058841943740845,0.9945917129516602,0.9950854778289795,0.7114429473876953,0.8792784214019775,0.2857149839401245,0.5089889168739319,0.4825442135334015,414.4312314736918,gjCwsdCssdk/00002,6,0.8999999999999999
0.9989326000213623,0.6922457218170166,0.0010512518929317594,0.0017026662826538086,0.998638927936554,0.9979877471923828,0.6878372430801392,0.9385340213775635,0.3112815022468567,0.2865849733352661,0.35232025384902954,763.822677493386,gjCwsdCssdk/00002,7,1.05
0.7960118055343628,0.639496386051178,0.19843268394470215,0.000793755054473877,0.7402722835540771,0.9990096688270569,0.5919824838638306,0.5741948485374451,0.3460729718208313,4.255976676940918,0.2075677514076233,80.87451194009412,gjCwsdCssdk/00002,12,1.7999999999999998
0.7150853872299194,0.6038540601730347,0.28488025069236755,0.0069122314453125,0.6024375557899475,0.9961264729499817,0.5540888905525208,0.5037522912025452,0.34624457359313965,5.123111724853516,0.4207044839859009,66.24551272151731,gjCwsdCssdk/00002,13,1.95
0.8615427017211914,0.7243161201477051,0.1385265290737152,0.0039007961750030518,0.7994029521942139,0.9983493685722351,0.7881333827972412,0.5061461925506592,0.1378241777420044,3.8747992515563965,0.35750842094421387,68.22222755710388,gjCwsdCssdk/00002,14,2.1
0.8730847835540771,0.38113754987716675,0.13089224696159363,0.005671367049217224,0.8201375007629395,0.9980137944221497,0.41610953211784363,0.7059019804000854,0.5485545098781586,3.1916754245758057,0.2817933261394501,128.58104041003202,gjCwsdCssdk/00002,15,2.25
0.8704866170883179,0.4417908787727356,0.1324918270111084,0.0014289170503616333,0.7969276309013367,0.9980935454368591,0.5117679834365845,0.6581796407699585,0.4393675923347473,3.941399097442627,0.35445839166641235,106.27133544180158,gjCwsdCssdk/00002,16,2.4
0.996941864490509,0.8026332855224609,0.003058135509490967,0.000987837789580226,0.9938837289810181,0.9975760579109192,0.8019893765449524,0.8744747042655945,0.19612354040145874,0.5123960971832275,0.3658364415168762,445.80164755224837,gjCwsdCssdk/00003,0,0.0
0.9998457431793213,0.6053588390350342,0.00015410780906677246,0.000530460209120065,0.9996914267539978,0.9962072372436523,0.6054941415786743,0.9476355314254761,0.39368629455566406,0.11728141456842422,0.3545389771461487,1122.265948782787,gjCwsdCssdk/00003,1,0.15
0.9998213648796082,0.7505137324333191,0.00017887353897094727,0.012452062219381332,0.9996424913406372,0.994192898273468,0.7473413348197937,0.9078493118286133,0.25127220153808594,0.11443809419870377,0.5624700784683228,579.497785341593,gjCwsdCssdk/00003,2,0.3
0.9999942779541016,0.5051464438438416,5.7220458984375e-06,0.01893775910139084,0.9999887347221375,0.966203510761261,0.5052204728126526,0.8521431684494019,0.48860931396484375,0.017489932477474213,1.576842188835144,321.3894591837066,gjCwsdCssdk/00003,3,0.44999999999999996
0.9991005659103394,0.756969153881073,0.0008994042873382568,0.00865758117288351,0.9982013702392578,0.994404137134552,0.7558646202087402,0.8913701176643372,0.2423563003540039,0.23769158124923706,0.4739474058151245,521.0526336006744,gjCwsdCssdk/00003,4,0.6
0.9997725486755371,0.4804365932941437,0.00022730231285095215,0.003817759919911623,0.9995452165603638,0.9954302906990051,0.4794793128967285,0.9404146075248718,0.5197692811489105,0.12364144623279572,0.49328508973121643,865.5694470565079,gjCwsdCssdk/00003,8,1.2
0.9998109936714172,0.6889753937721252,0.00018870830535888672,0.001072356360964477,0.9996224641799927,0.9973551630973816,0.6927486062049866,0.9393974542617798,0.30655622482299805,0.1232440397143364,0.3634543716907501,895.5447071827995,gjCwsdCssdk/00003,9,1.3499999999999999
0.9995833039283752,0.4712963402271271,0.00041669607162475586,0.003682861803099513,0.9991666078567505,0.997220516204834,0.4723353087902069,0.9477810859680176,0.5271225273609161,0.1443018615245819,0.32901880145072937,1120.0095472312423,gjCwsdCssdk/00003,10,1.5
0.9997292757034302,0.6310208439826965,0.00027063488960266113,0.009515831246972084,0.9994586110115051,0.9962859749794006,0.6292684078216553,0.9381563067436218,0.3698943257331848,0.137381449341774,0.36499321460723877,857.1899815900234,gjCwsdCssdk/00003,11,1.65
0.9997122287750244,0.7039777040481567,0.0002878904342651367,0.03399249538779259,0.9994240999221802,0.8052933812141418,0.7084546089172363,0.4568277597427368,0.23509997129440308,0.14686770737171173,3.764051914215088,80.8683726895371,gjCwsdCssdk/00005,26,3.9
0.9996763467788696,0.6662503480911255,0.0003235042095184326,0.11675648391246796,0.9993529319763184,0.7726774215698242,0.6687662601470947,0.42401084303855896,0.2784379720687866,0.15063992142677307,4.114145755767822,80.62820195853514,gjCwsdCssdk/00005,27,4.05
0.9997066259384155,0.850313127040863,0.0002931654453277588,0.09910380095243454,0.9994133710861206,0.833118200302124,0.8525307178497314,0.24695177376270294,0.09385550022125244,0.15390919148921967,3.435425281524658,58.72756414253678,gjCwsdCssdk/00005,28,4.2
0.9995590448379517,0.8057431578636169,0.0004412233829498291,0.017514988780021667,0.9991177320480347,0.9423336982727051,0.8086317181587219,0.702706515789032,0.17306065559387207,0.19053873419761658,1.8868157863616943,146.9325289861368,gjCwsdCssdk/00006,3,0.44999999999999996
0.9992512464523315,0.7707445621490479,0.0007486641407012939,0.06712181121110916,0.998502790927887,0.8357946276664734,0.7709702253341675,0.5448874831199646,0.17757344245910645,0.26024338603019714,3.4256460666656494,83.88260036639802,gjCwsdCssdk/00006,4,0.6
0.9999344348907471,0.8712269067764282,6.580352783203125e-05,0.04995836690068245,0.999868631362915,0.9347322583198547,0.8710699081420898,0.6391818523406982,0.10746842622756958,0.07558382302522659,2.0733134746551514,114.87344086156138,gjCwsdCssdk/00006,5,0.75
0.9935232400894165,0.5831770300865173,0.006144434679299593,0.015340385027229786,0.9909548163414001,0.932977020740509,0.6079522371292114,0.7730356454849243,0.37536782026290894,0.6116215586662292,2.158824920654297,179.88443254622155,gjCwsdCssdk/00007,6,0.8999999999999999
0.9896461367607117,0.7442615628242493,0.008375933393836021,0.019312389194965363,0.9863302111625671,0.9606992602348328,0.7381010055541992,0.7362950444221497,0.24737107753753662,0.8272302746772766,1.4892513751983643,176.49338260930446,gjCwsdCssdk/00007,7,1.05
0.9941973686218262,0.6988587379455566,0.005191207863390446,0.10190372169017792,0.9924257397651672,0.6461723446846008,0.6984193921089172,0.5161114931106567,0.20290225744247437,0.5932062864303589,4.377410888671875,60.6410875882466,gjCwsdCssdk/00007,8,1.2
0.9947821497917175,0.5163843035697937,0.004759467206895351,0.07987211644649506,0.9915211796760559,0.8845198750495911,0.5351705551147461,0.7492551207542419,0.442585289478302,0.5961796045303345,2.823908567428589,162.1875547752311,gjCwsdCssdk/00007,9,1.3499999999999999
0.7644889950752258,0.5666466951370239,0.23866310715675354,9.398747351951897e-05,0.635758101940155,0.9929184913635254,0.5737800598144531,0.4589189887046814,0.32304561138153076,4.573327541351318,0.5913103222846985,71.47715233524556,gjCwsdCssdk/00007,34,5.1
0.7253930568695068,0.5338737368583679,0.27321764826774597,0.002942973980680108,0.6122840046882629,0.9905366897583008,0.572287380695343,0.4140009582042694,0.3099539279937744,4.984761714935303,0.7058961987495422,64.42830245829353,gjCwsdCssdk/00007,35,5.25
1.0000001192092896,0.6832451820373535,0.0,0.0005023342091590166,,0.9980999827384949,0.6832451820373535,0.7000796794891357,0.31632161140441895,0.0,0.35894349217414856,1130.086831933523,gjCwsdCssdk/00008,1,0.15
0.9999998807907104,0.405139297246933,0.0,0.21165046095848083,,0.4979020655155182,0.405139297246933,0.13776811957359314,0.42648619413375854,0.0,5.135368347167969,84.51776629541013,gjCwsdCssdk/00008,2,0.3
1.0000001192092896,0.5580958724021912,0.0,0.02959843911230564,,0.9387152194976807,0.5580958724021912,0.5033968687057495,0.4304799437522888,0.0,2.0065979957580566,235.55895993292182,gjCwsdCssdk/00008,3,0.44999999999999996
0.733284592628479,0.7848700284957886,0.26671552658081055,0.0,0.4665690064430237,0.9999997019767761,0.6911994814872742,0.36303603649139404,0.17961978912353516,4.682674407958984,0.0,61.438533792843614,gjCwsdCssdk/00008,4,0.6
0.7257413864135742,0.8288331031799316,0.2742588520050049,0.0,0.45148253440856934,1.0000001192092896,0.708738386631012,0.37235796451568604,0.15107488632202148,4.77648401260376,0.0,64.77714127835583,gjCwsdCssdk/00008,5,0.75
0.8891575336456299,0.7129504680633545,0.11084246635437012,0.0,0.7783153057098389,1.0,0.7972090244293213,0.45676833391189575,0.15603649616241455,3.4179201126098633,0.0,90.56243397755311,gjCwsdCssdk/00008,6,0.8999999999999999
0.9903560876846313,0.5440109968185425,0.013278523460030556,0.0,0.9860175848007202,0.9999999403953552,0.5330456495285034,0.883456289768219,0.4639476537704468,1.0029335021972656,0.0,404.09786745204576,gjCwsdCssdk/00012,11,1.65
0.9669812917709351,0.6816684007644653,0.0548262745141983,0.0,0.9397673606872559,1.000000238418579,0.6519409418106079,0.7493079900741577,0.3315131664276123,2.2830162048339844,0.0,172.70742868962117,gjCwsdCssdk/00012,12,1.7999999999999998
0.9921618700027466,0.6516876816749573,0.013901719823479652,0.0,0.9840704202651978,0.9999998211860657,0.660705029964447,0.8819882273674011,0.3349149227142334,0.9479016065597534,0.0,390.6917937953985,gjCwsdCssdk/00012,13,1.95
0.9766746759414673,0.5955679416656494,0.040937796235084534,0.0,0.9535826444625854,1.0,0.6124218702316284,0.8265467286109924,0.3739631175994873,1.652089238166809,0.0,262.74086858110644,gjCwsdCssdk/00012,14,2.1
0.9830842018127441,0.6827470064163208,0.013927034102380276,0.0,0.9756514430046082,1.0000001192092896,0.6981426477432251,0.8068925738334656,0.29493606090545654,1.3905625343322754,0.0,253.6695486170322,gjCwsdCssdk/00012,15,2.25
0.9988314509391785,0.8718473315238953,0.0011687874794006348,0.08833666145801544,0.9976626634597778,0.845901370048523,0.8703539967536926,0.25181999802589417,0.06878548860549927,0.3015955984592438,3.1091842651367188,59.91383625508159,gjCwsdCssdk/00012,23,3.4499999999999997
0.9974462389945984,0.6749520301818848,0.002553999423980713,0.020170016214251518,0.9948922991752625,0.8936421275138855,0.6727057695388794,0.6023399233818054,0.2957077622413635,0.4741153120994568,3.018374443054199,126.23903596993719,gjCwsdCssdk/00012,24,3.5999999999999996
0.9034194946289062,0.774131715297699,0.0922393649816513,0.0034437908325344324,0.875286340713501,0.9911618232727051,0.732295572757721,0.5973575711250305,0.22513508796691895,2.854698896408081,0.7375169992446899,109.76704344271612,gjCwsdCssdk/00012,25,3.75
0.9967051148414612,0.516957700252533,0.002119360724464059,0.0045645833015441895,0.9968255758285522,0.997398853302002,0.535614013671875,0.9313654899597168,0.46292543411254883,0.39439964294433594,0.3362657129764557,669.1103138894622,gjCwsdCssdk/00013,2,0.3
0.9933218955993652,0.7154134511947632,0.004659208934754133,0.0009309053421020508,0.9944309592247009,0.996543824672699,0.7106302380561829,0.8962514996528625,0.2868242859840393,0.5690609216690063,0.3818160593509674,437.3428350378865,gjCwsdCssdk/00013,3,0.44999999999999996
0.9600276947021484,0.8118625283241272,0.07316320389509201,0.0009254813194274902,0.9389141201972961,0.9957912564277649,0.8447816371917725,0.6565752625465393,0.1329575777053833,2.331083059310913,0.5865218043327332,113.47992441199487,gjCwsdCssdk/00013,16,2.4
0.9373760223388672,0.48576825857162476,0.13134993612766266,0.004279434680938721,0.8837049007415771,0.9931455254554749,0.5076894164085388,0.7605112195014954,0.4606591463088989,2.254506826400757,0.5483212471008301,156.02144465009394,gjCwsdCssdk/00013,17,2.55
0.9800026416778564,0.6716978549957275,0.03796485438942909,0.01792857050895691,0.9651538729667664,0.9942836761474609,0.6766834259033203,0.8063454627990723,0.3112596273422241,1.4113191366195679,0.5005077719688416,201.8297132155645,gjCwsdCssdk/00013,18,2.6999999999999997
0.9622258543968201,0.632244348526001,0.0793466567993164,0.0037140250205993652,0.9295879006385803,0.997094452381134,0.678848922252655,0.764796793460846,0.29407835006713867,2.1120150089263916,0.4668750762939453,169.11242839515492,gjCwsdCssdk/00013,19,2.85
0.9701741337776184,0.717397153377533,0.03451886028051376,0.14855635166168213,0.9486314654350281,0.7981138825416565,0.7266111969947815,0.30492785573005676,0.1547689437866211,1.861830711364746,3.9551873207092285,61.484471272644875,gjCwsdCssdk/00013,20,3.0
0.7239352464675903,0.3349142372608185,0.1804448962211609,0.002559676533564925,0.7640547752380371,0.9975035786628723,0.533530592918396,0.6229710578918457,0.39323240518569946,3.464132785797119,0.4091946482658386,115.08890165490251,gjCwsdCssdk/00013,21,3.15
0.8847162127494812,0.7530191540718079,0.16242362558841705,0.041757311671972275,0.7689228057861328,0.8962282538414001,0.7182011604309082,0.4193105101585388,0.18451368808746338,3.9155709743499756,2.968752145767212,59.50321334284855,gjCwsdCssdk/00013,22,3.3
0.7732362151145935,0.6164843440055847,0.15979205071926117,0.0015290379524230957,0.7348422408103943,0.9986034035682678,0.5610530376434326,0.5612853169441223,0.3659769296646118,4.011810302734375,0.2603782117366791,83.27364674493084,gjCwsdCssdk/00013,23,3.4499999999999997
0.7752595543861389,0.6118067502975464,0.19503848254680634,0.0019374191761016846,0.7459556460380554,0.9972178339958191,0.6520641446113586,0.4985397458076477,0.26189982891082764,4.231522560119629,0.35488709807395935,69.08784121629341,gjCwsdCssdk/00013,24,3.5999999999999996
0.8381454348564148,0.6224737763404846,0.1564786732196808,0.0017924904823303223,0.8102936148643494,0.9971222877502441,0.7008756995201111,0.5815162062644958,0.23581719398498535,3.271332263946533,0.4020826816558838,92.70605605710954,gjCwsdCssdk/00013,25,3.75
0.8083978295326233,0.4941995143890381,0.18852487206459045,0.005358710885047913,0.7719365954399109,0.9984555840492249,0.5343064665794373,0.6900203824043274,0.40657782554626465,3.4145350456237793,0.34138765931129456,136.61095924760653,gjCwsdCssdk/00013,26,3.9
0.8530815243721008,0.6102806329727173,0.2054997831583023,0.0,0.7472659945487976,1.0,0.6281607747077942,0.48635798692703247,0.2841247320175171,4.471160411834717,0.0,78.66589386256385,gjCwsdCssdk/00014,18,2.6999999999999997
0.9130842089653015,0.9192666411399841,0.11943798512220383,0.0,0.8424934148788452,0.9999997615814209,0.8549605011940002,0.3196008801460266,0.08417153358459473,3.56522274017334,0.0,55.890146354331364,gjCwsdCssdk/00014,19,2.85
0.8601024150848389,0.706745445728302,0.19588568806648254,0.0,0.7713943719863892,1.000000238418579,0.6431178450584412,0.4316263198852539,0.2943687438964844,4.255672931671143,0.0,67.73879372495988,gjCwsdCssdk/00014,21,3.15
0.8285465836524963,0.6261487603187561,0.2345883697271347,0.0,0.7141612768173218,0.9999999403953552,0.6572436690330505,0.438727468252182,0.23076045513153076,4.700865268707275,0.0,71.08922004362321,gjCwsdCssdk/00014,22,3.3
1.0,0.6948261260986328,0.0,0.005744398571550846,,0.9715567827224731,0.6948261260986328,0.5943401455879211,0.2971158027648926,0.0,1.4963302612304688,236.22778295350773,gjCwsdCssdk/00017,1,0.15
1.000000238418579,0.6243213415145874,0.0,0.08379589021205902,,0.6963600516319275,0.6243213415145874,0.1379263550043106,0.285133421421051,0.0,4.543642520904541,63.08099547945075,gjCwsdCssdk/00017,2,0.3
0.7655584216117859,0.743171215057373,0.17865939438343048,0.022855672985315323,0.607711911201477,0.9882805347442627,0.7434092164039612,0.31405767798423767,0.14400720596313477,4.915744781494141,0.8015960454940796,48.52766352691528,gjCwsdCssdk/00017,3,0.44999999999999996
0.7704668641090393,0.641532838344574,0.18670259416103363,0.020966989919543266,0.6623685956001282,0.9959383010864258,0.6507694721221924,0.4501694440841675,0.26522284746170044,4.694931983947754,0.4768645465373993,70.3243046340134,gjCwsdCssdk/00017,4,0.6
0.9099858403205872,0.5672704577445984,0.09728153049945831,0.015311949886381626,0.8544101715087891,0.9886729717254639,0.6648033857345581,0.586345374584198,0.29576969146728516,3.3034567832946777,0.9197856187820435,114.56256467950408,gjCwsdCssdk/00017,5,0.75
0.9921361804008484,0.430105060338974,0.005286544095724821,0.000879692321177572,0.9943684339523315,0.9985992312431335,0.4214067757129669,0.9416184425354004,0.5772509574890137,0.7036066651344299,0.2964526116847992,610.2433684259203,gjCwsdCssdk/00019,8,1.2
0.9383485913276672,0.8007816076278687,0.04133598133921623,0.00379786710254848,0.9379518032073975,0.9972323775291443,0.7617863416671753,0.7374206781387329,0.21623742580413818,2.2372748851776123,0.4362558424472809,122.6314116914908,gjCwsdCssdk/00019,9,1.3499999999999999
0.9886186718940735,0.8826649785041809,0.012676414102315903,0.004795331507921219,0.9897624254226685,0.9953581690788269,0.8732563257217407,0.8367679715156555,0.12094628810882568,0.8416010737419128,0.47879916429519653,208.09834719560519,gjCwsdCssdk/00019,10,1.5
0.9137066602706909,0.6863473653793335,0.17183105647563934,0.001192262046970427,0.853171706199646,0.9977061152458191,0.6959818005561829,0.7230731248855591,0.24539178609848022,3.105760097503662,0.33829018473625183,87.5527087742248,gjCwsdCssdk/00019,29,4.35
0.9632774591445923,0.776659369468689,0.06110366806387901,0.00048065639566630125,0.9448297023773193,0.9867615699768066,0.7838156819343567,0.7401754260063171,0.18851518630981445,2.2735848426818848,1.1100598573684692,118.52092786234563,gjCwsdCssdk/00019,30,4.5
0.9972190856933594,0.8848475813865662,0.0013905763626098633,0.011454418301582336,0.9986096620559692,0.9784217476844788,0.8921236395835876,0.7631058692932129,0.09874945878982544,0.3190480172634125,1.374261498451233,146.50667442502453,gjfYohXoiz0/00001,2,0.3
0.9962547421455383,0.6807573437690735,0.00658668577671051,0.03170842304825783,0.9927078485488892,0.8525276780128479,0.6775719523429871,0.6388831734657288,0.2697540521621704,0.7589547038078308,3.6056809425354004,97.59408217411034,gjfYohXoiz0/00001,3,0.44999999999999996
0.9471966624259949,0.6698457598686218,0.10296200960874557,0.07034812122583389,0.8943244814872742,0.811599612236023,0.657943069934845,0.5250601172447205,0.24854516983032227,2.523280382156372,3.6190876960754395,66.53866912220133,gjfYohXoiz0/00001,4,0.6
0.8002064824104309,0.5279268622398376,0.25667357444763184,5.960464477539063e-08,0.7159213423728943,1.0000001192092896,0.649691641330719,0.5506615042686462,0.26429295539855957,3.8122763633728027,3.3071989946620306e-07,79.39734518984531,gjfYohXoiz0/00001,12,1.7999999999999998
0.7637327313423157,0.3512229919433594,0.28669559955596924,0.0,0.6998185515403748,0.9999998211860657,0.48889294266700745,0.6398103833198547,0.40265482664108276,4.586498260498047,4.122952930174506e-07,89.26899273541545,gjfYohXoiz0/00001,13,1.95
0.7734432220458984,0.38868609070777893,0.27703675627708435,0.0,0.6897045373916626,1.0000001192092896,0.4839649200439453,0.6472451090812683,0.43644124269485474,3.8648250102996826,3.635697964909923e-07,97.10991727658461,gjfYohXoiz0/00001,14,2.1
0.8285592794418335,0.5155710577964783,0.2097177803516388,5.960464477539063e-08,0.7787538766860962,0.9999997615814209,0.5891143679618835,0.7315049171447754,0.34160470962524414,3.3291468620300293,4.843999477088801e-07,134.26188466285103,gjfYohXoiz0/00001,15,2.25
0.8976823091506958,0.67779541015625,0.11628907173871994,0.0,0.8768426179885864,0.9999999403953552,0.652341902256012,0.7635473608970642,0.30895304679870605,2.8299474716186523,5.138359711054363e-07,151.22975757416862,gjfYohXoiz0/00001,16,2.4
0.7254196405410767,0.3917221128940582,0.3415313959121704,0.0,0.6165476441383362,1.0000001192092896,0.4826948344707489,0.5657037496566772,0.44413959980010986,5.406423091888428,2.8725537504215026e-07,78.58504923033148,gjfYohXoiz0/00001,17,2.55
0.8393604755401611,0.8203560709953308,0.19166725873947144,0.0,0.7458134889602661,1.0000001192092896,0.7553715705871582,0.5428763031959534,0.14273279905319214,3.7811434268951416,4.592373841205699e-07,60.2108145765129,gjfYohXoiz0/00001,26,3.9
0.8413823843002319,0.7294998168945312,0.2055802345275879,0.0,0.7318957448005676,1.0000001192092896,0.6739912629127502,0.5943092703819275,0.22853988409042358,4.148510456085205,4.067505017246731e-07,66.80123411603024,gjfYohXoiz0/00001,27,4.05
0.8605571985244751,0.6241404414176941,0.17874115705490112,0.0,0.7756375074386597,0.9999999403953552,0.6171455979347229,0.632414698600769,0.3123299479484558,3.984933376312256,4.538292444067338e-07,88.15085115677594,gjfYohXoiz0/00001,28,4.2
0.9958308935165405,0.7609672546386719,0.0022016698494553566,0.06424268335103989,0.9978898763656616,0.8894795775413513,0.7691177129745483,0.7865788340568542,0.19671082496643066,0.3826431632041931,2.7864272594451904,112.49732418118354,gjfYohXoiz0/00012,14,2.1
0.9820147752761841,0.5801208019256592,0.012785792350769043,0.0774250328540802,0.9886122941970825,0.8166704773902893,0.6076557636260986,0.7406298518180847,0.3435765504837036,0.7772128582000732,3.6306710243225098,100.25327203595033,gjfYohXoiz0/00012,15,2.25
0.9830824732780457,0.6105732917785645,0.017662307247519493,0.021266542375087738,0.9756461381912231,0.73976731300354,0.6249052286148071,0.697536289691925,0.2897087335586548,1.4745001792907715,4.104156494140625,89.09059836329568,gjfYohXoiz0/00012,16,2.4
0.9708999991416931,0.5019344687461853,0.06682952493429184,0.1556597352027893,0.9497504234313965,0.6864223480224609,0.5140595436096191,0.6694954037666321,0.4034653902053833,1.566548228263855,4.312863349914551,76.19355001740479,gjfYohXoiz0/00012,17,2.55
0.976300060749054,0.6262386441230774,0.041316546499729156,0.01679307036101818,0.9695268273353577,0.9407297968864441,0.6685498952865601,0.7777320742607117,0.3059026598930359,1.2719637155532837,2.119182586669922,144.08232249097952,gjfYohXoiz0/00012,18,2.6999999999999997
0.9695001244544983,0.6651127934455872,0.056490302085876465,0.031047724187374115,0.9534521698951721,0.843956470489502,0.6756333112716675,0.6858794689178467,0.2685697078704834,1.4910879135131836,2.803100347518921,94.43959759193825,gjfYohXoiz0/00012,19,2.85
0.9917203187942505,0.5536015033721924,0.007911823689937592,0.04388686269521713,0.9901965260505676,0.7594369053840637,0.5589097738265991,0.754429042339325,0.3805693984031677,0.7072615027427673,3.2664501667022705,106.85917033703201,gjfYohXoiz0/00012,20,3.0
0.9666026830673218,0.6243796348571777,0.04014488682150841,0.0402139313519001,0.957933783531189,0.8894050717353821,0.6246258020401001,0.7331754565238953,0.33544230461120605,1.3463349342346191,2.51377272605896,117.33966899183679,gjfYohXoiz0/00012,21,3.15
0.9917489886283875,0.8264144659042358,0.0042397696524858475,0.1316051036119461,0.9960290789604187,0.7696378231048584,0.8309932947158813,0.63413405418396,0.08259010314941406,0.6078710556030273,4.0536417961120605,56.62011336117013,gjfYohXoiz0/00012,27,4.05
0.9976423382759094,0.5787541270256042,0.0011827120324596763,0.04656914994120598,0.998752772808075,0.643871009349823,0.5812730193138123,0.4946497678756714,0.3049042224884033,0.24496479332447052,5.049720287322998,63.16498272972524,gjfYohXoiz0/00012,28,4.2
0.9985027313232422,0.5390678644180298,0.0007486572139896452,0.09192996472120285,0.9992378950119019,0.6051304936408997,0.5344516038894653,0.5012621879577637,0.36754655838012695,0.195871964097023,5.114384174346924,68.17680193263246,gjfYohXoiz0/00012,29,4.35
0.9978032112121582,0.625738263130188,0.0010988307185471058,0.02124176360666752,0.9988973736763,0.6948283314704895,0.6237869262695312,0.4983403980731964,0.2731132507324219,0.22629645466804504,4.781768798828125,62.01975320989036,gjfYohXoiz0/00012,30,4.5
0.9570760130882263,0.8913442492485046,0.057599201798439026,0.02043450064957142,0.917386531829834,0.8757147789001465,0.8694918751716614,0.2890160083770752,0.04882097244262695,2.6833841800689697,3.148770570755005,34.78115859232005,goiyLgCzgSI/00007,1,0.15
0.9758709669113159,0.6452159285545349,0.03649549186229706,0.03960416093468666,0.9561628699302673,0.8569854497909546,0.664316713809967,0.5980490446090698,0.2801041603088379,1.9950124025344849,3.6024272441864014,86.13975408901605,goiyLgCzgSI/00007,2,0.3
0.8872857689857483,0.6945798397064209,0.17435631155967712,0.08495733886957169,0.7992099523544312,0.8222244381904602,0.6858428120613098,0.3536403477191925,0.17746734619140625,3.8125054836273193,3.504523754119873,45.61921863517755,goiyLgCzgSI/00007,3,0.44999999999999996
0.9793879389762878,0.5753517746925354,0.03251504898071289,0.036040954291820526,0.9665354490280151,0.8403432965278625,0.6113210916519165,0.621366024017334,0.3349030613899231,1.319979190826416,2.856623649597168,93.35250074315934,goiyLgCzgSI/00007,4,0.6
0.9738022089004517,0.7729002833366394,0.05782336741685867,0.04906892031431198,0.9524739384651184,0.8366296887397766,0.7854515314102173,0.46972936391830444,0.13982409238815308,2.000171184539795,3.6010525226593018,54.80253859331363,goiyLgCzgSI/00012,13,1.95
0.9973334074020386,0.41538819670677185,0.00421702628955245,0.01825661212205887,0.9954267144203186,0.9747766256332397,0.42261892557144165,0.8830169439315796,0.5717851221561432,0.47494232654571533,1.267889380455017,309.0023919367063,goiyLgCzgSI/00012,14,2.1
0.9810603260993958,0.5330753922462463,0.031187307089567184,0.05059470608830452,0.9667139053344727,0.7733780741691589,0.5193581581115723,0.6410792469978333,0.4085339307785034,1.4353200197219849,3.751102924346924,91.03803210421076,goiyLgCzgSI/00012,15,2.25
0.9832159876823425,0.7815892696380615,0.02582387626171112,0.008228957653045654,0.9750717282295227,0.8562040328979492,0.8012676239013672,0.5114940404891968,0.13872301578521729,1.330190658569336,2.944810152053833,66.31168474342977,goiyLgCzgSI/00012,16,2.4
0.9936755895614624,0.6723055839538574,0.013059951364994049,0.05992453172802925,0.9888491034507751,0.6777535676956177,0.6786148548126221,0.5298494100570679,0.21498417854309082,0.8464540839195251,4.828644275665283,56.98072616894325,goiyLgCzgSI/00013,9,1.3499999999999999
0.9924086928367615,0.6399314403533936,0.010791676118969917,0.07753528654575348,0.9919413924217224,0.7382248640060425,0.6558194756507874,0.5655952095985413,0.2621201276779175,0.6236864924430847,4.6424126625061035,66.52884431841781,goiyLgCzgSI/00013,10,1.5
0.9847806096076965,0.6581042408943176,0.030524110421538353,0.04291278123855591,0.9732838869094849,0.7264830470085144,0.6596110463142395,0.5639708638191223,0.23901838064193726,1.5154691934585571,4.6682868003845215,68.30715873671674,goiyLgCzgSI/00013,11,1.65
0.9974552989006042,0.7940211892127991,0.001660826033912599,0.05780181661248207,0.998507022857666,0.7861954569816589,0.7900577187538147,0.5406022071838379,0.13471382856369019,0.35557493567466736,4.3231611251831055,58.69752278906572,goiyLgCzgSI/00013,12,1.7999999999999998
0.9986900091171265,0.7501661777496338,0.0005288528627716005,0.05646280571818352,0.9995570778846741,0.8242495059967041,0.7493607401847839,0.6540765762329102,0.18959951400756836,0.1824989765882492,3.874873638153076,71.59050285342724,goiyLgCzgSI/00014,4,0.6
0.9890189170837402,0.6355159878730774,0.02384420484304428,0.152056023478508,0.9832049608230591,0.6686211824417114,0.6407200694084167,0.5526571869850159,0.2552613615989685,1.0048061609268188,5.086245059967041,58.24918768724842,goiyLgCzgSI/00014,5,0.75
0.9966275095939636,0.4255075454711914,0.0017030704766511917,0.007075830828398466,0.9978912472724915,0.9828720092773438,0.4280160069465637,0.9288414120674133,0.5682139694690704,0.3287027180194855,0.8881658315658569,426.843860397138,golS4kh8ETY/00002,6,0.8999999999999999
0.9483757019042969,0.45921120047569275,0.15335167944431305,0.004386106505990028,0.8978347778320312,0.9916554689407349,0.45266276597976685,0.854749321937561,0.5227726399898529,2.717961311340332,0.6583148837089539,171.9336074467665,golS4kh8ETY/00002,7,1.05
0.9189043045043945,0.6325465440750122,0.23792749643325806,0.0018591157859191298,0.8438039422035217,0.9888070225715637,0.6203822493553162,0.7957919836044312,0.3206079602241516,3.596235990524292,0.8101462125778198,101.72134029398475,golS4kh8ETY/00002,8,1.2
0.99391108751297,0.7659602761268616,0.014342674054205418,0.008080569095909595,0.9890857338905334,0.9819232225418091,0.7668408155441284,0.8533949851989746,0.22268831729888916,0.8015562295913696,0.9576608538627625,198.8414147260458,golS4kh8ETY/00002,23,3.4499999999999997
0.9939424395561218,0.5613082647323608,0.003248769324272871,0.0009157952736131847,0.9964807033538818,0.9991268515586853,0.556353747844696,0.9473872184753418,0.44255590438842773,0.39843565225601196,0.2005685418844223,711.3864492355362,golS4kh8ETY/00002,24,3.5999999999999996
0.9440702199935913,0.7588492631912231,0.15431542694568634,0.0008543741423636675,0.8949617743492126,0.9992627501487732,0.7011940479278564,0.8107602000236511,0.26890993118286133,2.9348883628845215,0.20235328376293182,109.23734632091319,golS4kh8ETY/00002,25,3.75
0.9214051961898804,0.40248146653175354,0.22856079041957855,0.01136859506368637,0.8472041487693787,0.9918427467346191,0.43709713220596313,0.810137927532196,0.5108160376548767,3.6632602214813232,0.8605328798294067,144.11705519299474,golS4kh8ETY/00002,26,3.9
0.9813655018806458,0.6874481439590454,0.040871698409318924,0.02150191180408001,0.9725952744483948,0.9301047325134277,0.68634033203125,0.7830823063850403,0.27984529733657837,1.3879714012145996,2.063274383544922,118.79680376301681,golS4kh8ETY/00005,3,0.44999999999999996
0.9793306589126587,0.5981493592262268,0.0536898598074913,0.04419533163309097,0.9585011601448059,0.9276041388511658,0.5830461978912354,0.7644922733306885,0.3846170902252197,1.9381310939788818,2.2969295978546143,136.32460028228303,golS4kh8ETY/00005,4,0.6
0.9966316223144531,0.6141903400421143,0.001823927159421146,0.07913360744714737,0.9974327683448792,0.8137356042861938,0.6216720342636108,0.7056768536567688,0.32242321968078613,0.3903491795063019,3.712023973464966,91.09607749728818,gqpErbFnbiY/00002,21,3.15
0.9996070861816406,0.379205584526062,0.0001877403410617262,0.08338811248540878,0.9997815489768982,0.843567967414856,0.3814164102077484,0.7641226053237915,0.5948122143745422,0.10400888323783875,3.661447763442993,121.79074658822489,gqpErbFnbiY/00002,22,3.3
0.993779182434082,0.5639477968215942,0.00318144797347486,0.11203160881996155,0.9959381222724915,0.7768962383270264,0.5705971717834473,0.6913430094718933,0.3705631494522095,0.5181660652160645,3.762126922607422,89.53660392731365,gqpErbFnbiY/00002,23,3.4499999999999997
0.9170780181884766,0.6831994652748108,0.19831472635269165,0.09834679961204529,0.8597307205200195,0.8048673868179321,0.6844477653503418,0.5053197741508484,0.18592488765716553,3.4016788005828857,3.85779070854187,45.88570495390543,gqpErbFnbiY/00002,53,7.949999999999999
0.9219948053359985,0.38997146487236023,0.2160029411315918,0.07530573010444641,0.8551048040390015,0.7915078997612,0.43208011984825134,0.5938218832015991,0.4586716890335083,3.420050621032715,4.08752965927124,73.31708811218269,gqpErbFnbiY/00002,54,8.1
0.8777481913566589,0.5827587246894836,0.23172082006931305,0.06569435447454453,0.7932707667350769,0.7531237006187439,0.572174072265625,0.43247485160827637,0.2648160457611084,4.02979040145874,4.05378532409668,46.15858603807749,gqpErbFnbiY/00002,55,8.25
0.9905808568000793,0.7149903178215027,0.017745722085237503,0.009121346287429333,0.9837574362754822,0.9976338744163513,0.6970467567443848,0.8944932222366333,0.2969745993614197,0.9169509410858154,0.43037375807762146,314.3793588345515,gqpErbFnbiY/00003,1,0.15
0.9262176752090454,0.4710536003112793,0.1488310694694519,0.003911697771400213,0.8618424534797668,0.9995502233505249,0.5068157911300659,0.8028122782707214,0.4416087865829468,2.915132999420166,0.1783587485551834,132.45731655133946,gqpErbFnbiY/00003,2,0.3
0.9391495585441589,0.911927342414856,0.1391628384590149,0.0026823997031897306,0.8868733644485474,0.9987396001815796,0.8633057475090027,0.6602566242218018,0.089469313621521,3.109520435333252,0.2693261504173279,61.32845426108293,gqpErbFnbiY/00003,4,0.6
0.919812798500061,0.6509943008422852,0.15768027305603027,0.000558233296032995,0.848453164100647,0.9986323118209839,0.6453472375869751,0.7702983617782593,0.29613691568374634,3.087268590927124,0.29730480909347534,97.92577465421331,gqpErbFnbiY/00003,5,0.75
0.9228124618530273,0.6350749731063843,0.15440450608730316,0.0006291184690780938,0.8632087707519531,0.9997141361236572,0.6081879138946533,0.7797198295593262,0.34927546977996826,3.2660937309265137,0.10281585156917572,96.37590293872239,gqpErbFnbiY/00003,6,0.8999999999999999
0.9525359272956848,0.6331510543823242,0.08515669405460358,0.11965585500001907,0.9161126613616943,0.72062748670578,0.652376115322113,0.3408861756324768,0.21905440092086792,2.0896594524383545,4.521219730377197,46.35344043075263,gqpErbFnbiY/00007,17,2.55
0.920470654964447,0.35785937309265137,0.1639401763677597,0.0578862763941288,0.8516817688941956,0.8662054538726807,0.42174169421195984,0.5510799288749695,0.4938420057296753,3.2045795917510986,3.6093010902404785,83.48778869872324,gqpErbFnbiY/00007,18,2.6999999999999997
0.9434693455696106,0.4298674464225769,0.08833087980747223,0.2375231236219406,0.894225537776947,0.6216624975204468,0.4420165717601776,0.4107084274291992,0.3969547748565674,3.0283641815185547,5.745335578918457,58.94862060107811,gqpErbFnbiY/00007,19,2.85
0.9068188071250916,0.482747882604599,0.1902141571044922,0.03243684396147728,0.8259053826332092,0.8471388220787048,0.4952147305011749,0.5271638035774231,0.40288370847702026,3.4019784927368164,2.924030303955078,66.25376867707908,gqpErbFnbiY/00007,20,3.0
0.8913297653198242,0.2885613441467285,0.17234672605991364,0.042715270072221756,0.8410776853561401,0.8637588620185852,0.3538912534713745,0.6024567484855652,0.568210631608963,3.5164124965667725,3.2887208461761475,86.0065501304984,gqpErbFnbiY/00007,21,3.15
0.9453300833702087,0.6962728500366211,0.087798573076725,0.012551399879157543,0.9016314744949341,0.97727370262146,0.6958774924278259,0.6839880347251892,0.26574885845184326,2.621081829071045,1.1279771327972412,100.86467734574076,gqpErbFnbiY/00008,32,4.8
0.9556164145469666,0.4637974202632904,0.028644796460866928,0.0022246260195970535,0.9646599292755127,0.9432370662689209,0.5528953075408936,0.7826031446456909,0.4211071729660034,1.3312230110168457,2.2990827560424805,145.71115392808798,gqpErbFnbiY/00008,66,9.9
0.9354552030563354,0.653821587562561,0.08455478399991989,0.009059504605829716,0.893187940120697,0.9874401688575745,0.6543168425559998,0.7278544902801514,0.30682504177093506,2.9373526573181152,1.1493136882781982,118.23371089417033,gqpErbFnbiY/00008,67,10.049999999999999
0.9314453601837158,0.716625452041626,0.08718602359294891,0.021862374618649483,0.8946064710617065,0.9662728309631348,0.7417052388191223,0.6310449242591858,0.2072266936302185,3.018223285675049,1.871530532836914,86.8244210111919,gqpErbFnbiY/00008,68,10.2
0.9561395645141602,0.6456428170204163,0.056984540075063705,0.023042283952236176,0.9291098117828369,0.9639362692832947,0.6524615287780762,0.7249128222465515,0.31398892402648926,2.1163649559020996,1.8927967548370361,129.15101788278847,gqpErbFnbiY/00008,69,10.35
0.957392156124115,0.39281392097473145,0.0641656294465065,0.006147691514343023,0.9246413111686707,0.9970042109489441,0.4291935861110687,0.8461410999298096,0.5533788800239563,2.1463420391082764,0.5397136807441711,224.03046531326873,gqpErbFnbiY/00008,70,10.5
0.9606400728225708,0.36383113265037537,0.04688752442598343,0.009098860435187817,0.9564958214759827,0.9842045903205872,0.43373948335647583,0.8339776396751404,0.551910012960434,1.7167659997940063,1.1892673969268799,221.71113122515212,gqpErbFnbiY/00008,71,10.65
0.9807184934616089,0.4370524287223816,0.053133539855480194,0.014098436571657658,0.9650300741195679,0.9836016893386841,0.4638323485851288,0.8771927952766418,0.5218634605407715,1.5304298400878906,1.1968090534210205,230.1412541004284,gqpErbFnbiY/00010,19,2.85
0.9594112634658813,0.9244349598884583,0.07836900651454926,0.032589130103588104,0.9263032674789429,0.9759654402732849,0.9112067222595215,0.5864583253860474,0.0469287633895874,2.158592700958252,1.283064842224121,50.38113701222957,gqpErbFnbiY/00010,20,3.0
0.9228495359420776,0.6198399662971497,0.14416660368442535,0.09607893973588943,0.8591065406799316,0.9184514284133911,0.6302310824394226,0.5933117866516113,0.2927309274673462,2.74542498588562,2.6415796279907227,76.19652030677578,gqpErbFnbiY/00010,25,3.75
0.9559637308120728,0.7233700156211853,0.08830360323190689,0.03495703637599945,0.9247316122055054,0.8615893125534058,0.6751635670661926,0.6264367699623108,0.23390281200408936,2.454625368118286,3.2873191833496094,73.56901754297083,gqpErbFnbiY/00010,26,3.9
0.942831814289093,0.5849083065986633,0.13947471976280212,0.11315368860960007,0.8950279951095581,0.8638774156570435,0.6088723540306091,0.621426522731781,0.3079313039779663,2.6615943908691406,3.4068048000335693,67.20671535196705,gqpErbFnbiY/00010,27,4.05
0.9556617736816406,0.6336745023727417,0.12680082023143768,0.040671538561582565,0.9158526659011841,0.872471809387207,0.6391937136650085,0.6771990060806274,0.28805041313171387,2.284693717956543,3.1391732692718506,79.35314146432044,gqpErbFnbiY/00010,28,4.2
0.9150480031967163,0.588362991809845,0.11760812997817993,0.03759286180138588,0.855222225189209,0.8264912962913513,0.6377739906311035,0.40495219826698303,0.24040669202804565,3.0199170112609863,3.4868717193603516,56.00229571773443,gqpErbFnbiY/00013,14,2.1
0.954759955406189,0.5741662979125977,0.0573006272315979,0.04366585984826088,0.9171610474586487,0.8843319416046143,0.5699441432952881,0.6344326138496399,0.3766798973083496,2.3658573627471924,2.5670719146728516,99.5878938301139,gqpErbFnbiY/00013,15,2.25
0.9334611892700195,0.45370355248451233,0.10009018331766129,0.03017602674663067,0.8824340105056763,0.8379499912261963,0.4684210419654846,0.5741231441497803,0.4505237340927124,2.481332302093506,3.398235559463501,77.80031572245169,gqpErbFnbiY/00013,16,2.4
0.997409999370575,0.733033299446106,0.0014808577252551913,0.07086560875177383,0.9988013505935669,0.9052505493164062,0.7421128153800964,0.7364076375961304,0.22556376457214355,0.25659066438674927,2.529456853866577,102.04318467499469,gqpErbFnbiY/00015,4,0.6
0.9993965029716492,0.6408300995826721,0.0002991072542499751,0.0240635946393013,0.9997097253799438,0.9182389974594116,0.639312207698822,0.8176368474960327,0.3328644037246704,0.14836879074573517,2.5454013347625732,141.20702797224973,gqpErbFnbiY/00015,5,0.75
0.999065101146698,0.6958651542663574,0.0005115601234138012,0.047231387346982956,0.9995495080947876,0.9071313738822937,0.7003105878829956,0.7597063779830933,0.26851367950439453,0.1696605235338211,2.817523956298828,107.38582646748688,gqpErbFnbiY/00015,6,0.8999999999999999
0.9991955757141113,0.6710922718048096,0.00040214063483290374,0.05424153432250023,0.9995975494384766,0.742461085319519,0.672818124294281,0.4098280966281891,0.22888559103012085,0.1282373070716858,3.596116065979004,63.97533494174215,gqpErbFnbiY/00015,12,1.7999999999999998
0.9936684370040894,0.6405075192451477,0.003165769623592496,0.08953036367893219,0.9968341588973999,0.7541216611862183,0.6579750180244446,0.41812047362327576,0.23870396614074707,0.4691436290740967,4.256895542144775,69.01081148904254,gqpErbFnbiY/00015,13,1.95
0.7273593544960022,0.4841664731502533,0.214995875954628,0.006736564915627241,0.7403777837753296,0.9979573488235474,0.6533434987068176,0.46487587690353394,0.23324990272521973,3.892441987991333,0.3667517602443695,77.85715849600044,gqpErbFnbiY/00015,14,2.1
0.9316483736038208,0.8287674188613892,0.10542237758636475,0.09595415741205215,0.8834527730941772,0.8533676862716675,0.8187510967254639,0.3232557773590088,0.07084405422210693,3.149921178817749,3.5921247005462646,34.005353359129586,gqpErbFnbiY/00016,39,5.85
0.9220585823059082,0.5407997965812683,0.19325970113277435,0.08366444706916809,0.8538784384727478,0.8121392726898193,0.5356192588806152,0.5529916286468506,0.35627371072769165,3.4213130474090576,3.9177706241607666,61.204494730377284,gqpErbFnbiY/00016,40,6.0
0.91911381483078,0.7171703577041626,0.17825040221214294,0.07257451862096786,0.8600118160247803,0.9192520380020142,0.7236282229423523,0.5410981774330139,0.1920405626296997,3.671264410018921,2.8054044246673584,61.641289986079634,gqpErbFnbiY/00016,41,6.1499999999999995
0.9153755903244019,0.6567700505256653,0.14532101154327393,0.008348963223397732,0.8705102801322937,0.8481981158256531,0.6611603498458862,0.4952663481235504,0.22793889045715332,3.2221267223358154,3.425931930541992,52.467156327724744,gqpErbFnbiY/00016,42,6.3
0.9494820833206177,0.6328665614128113,0.12955155968666077,0.037355855107307434,0.8996685743331909,0.8134954571723938,0.6261536478996277,0.5519577264785767,0.2645816206932068,3.068056344985962,3.9534595012664795,61.743559723015295,gqpErbFnbiY/00016,43,6.45
0.9760161638259888,0.7408073544502258,0.043310996145009995,0.028850557282567024,0.9548003077507019,0.9756821393966675,0.7454926371574402,0.7367838025093079,0.23232686519622803,1.6294516324996948,1.4813307523727417,135.40157221654667,gqpErbFnbiY/00017,6,0.8999999999999999
0.9897392392158508,0.5253089666366577,0.018553417176008224,0.08834963291883469,0.9797500371932983,0.6999061107635498,0.5225076079368591,0.5436415672302246,0.3499826192855835,1.296689748764038,4.874795436859131,85.8343023143615,gqpErbFnbiY/00017,7,1.05
0.9705392122268677,0.5885373950004578,0.045900166034698486,0.011178921908140182,0.9435842633247375,0.994339108467102,0.586127758026123,0.8520809412002563,0.39665937423706055,1.9117798805236816,0.5248363018035889,176.8904570021787,gqpErbFnbiY/00017,8,1.2
0.7518510222434998,0.7234331369400024,0.12717419862747192,0.022945590317249298,0.7605313062667847,0.8905304670333862,0.6792607307434082,0.36141180992126465,0.1910848617553711,4.5317158699035645,2.6936399936676025,46.12889887298763,gqpErbFnbiY/00017,17,2.55
0.738814115524292,0.7281656265258789,0.14302411675453186,0.04650028049945831,0.7598385214805603,0.9521955847740173,0.6075727939605713,0.4825586676597595,0.30131977796554565,4.765900135040283,1.7761483192443848,64.30032617600634,gqpErbFnbiY/00017,18,2.6999999999999997
0.823413074016571,0.6468130946159363,0.09588294476270676,0.020442616194486618,0.7934622168540955,0.9648810625076294,0.6750370264053345,0.5136708617210388,0.23868393898010254,4.110602855682373,1.8119550943374634,68.37837927379536,gqpErbFnbiY/00017,19,2.85
0.8428071141242981,0.7605526447296143,0.18583554029464722,0.0953838974237442,0.7688586115837097,0.8695818781852722,0.7239478826522827,0.3277605175971985,0.12944245338439941,4.189070701599121,3.114860773086548,36.298157426127965,gqpErbFnbiY/00018,3,0.44999999999999996
0.7645227313041687,0.512534499168396,0.23704417049884796,0.019113028421998024,0.684455156326294,0.873301088809967,0.6055174469947815,0.3398207426071167,0.22367537021636963,4.9264960289001465,3.3250224590301514,45.06263620610991,gqpErbFnbiY/00018,4,0.6
0.9956439733505249,0.8786746263504028,0.003430696902796626,0.028667785227298737,0.9955753684043884,0.9633381366729736,0.8810245990753174,0.7828103303909302,0.1016082763671875,0.49303245544433594,1.6581206321716309,106.46110880657186,gqpErbFnbiY/00019,0,0.0
0.9837700128555298,0.7219787836074829,0.03103303350508213,0.005188256502151489,0.974597692489624,0.93597811460495,0.7255895137786865,0.7317560911178589,0.24261176586151123,1.4496028423309326,2.0177438259124756,116.10696214498194,gqpErbFnbiY/00019,1,0.15
0.9986575245857239,0.3299213647842407,0.001390953897498548,0.01511479914188385,0.9981836676597595,0.9842944741249084,0.3336837887763977,0.9309172630310059,0.6636070013046265,0.2714943289756775,1.0596401691436768,426.1384603878865,gqpErbFnbiY/00021,13,1.95
0.9433330297470093,0.44041499495506287,0.16847477853298187,0.009922274388372898,0.8877864480018616,0.9813953042030334,0.4786333441734314,0.8013721704483032,0.46658051013946533,2.826636552810669,1.1796866655349731,136.45225203891573,gqpErbFnbiY/00021,23,3.4499999999999997
0.9455479383468628,0.5302716493606567,0.15354304015636444,0.0037643825635313988,0.8992414474487305,0.9661585688591003,0.573586642742157,0.781197190284729,0.3841160535812378,2.8275904655456543,1.7300204038619995,125.16971174287156,gqpErbFnbiY/00021,24,3.5999999999999996
0.9819005727767944,0.724911093711853,0.050946738570928574,0.05451691895723343,0.9654443264007568,0.8726301193237305,0.7194726467132568,0.7110525369644165,0.2166820764541626,1.697274088859558,3.0519461631774902,87.3596345216863,gqpErbFnbiY/00022,7,1.05
0.9791003465652466,0.6408767700195312,0.049251165241003036,0.151211678981781,0.9590269327163696,0.8644119501113892,0.642503023147583,0.7203971743583679,0.30846601724624634,1.5471413135528564,3.363713026046753,87.6438406426876,gqpErbFnbiY/00022,8,1.2
0.9822940826416016,0.5598379373550415,0.040159303694963455,0.0768963098526001,0.9667124152183533,0.8405592441558838,0.5549550652503967,0.7504757642745972,0.3856799006462097,1.4207977056503296,3.645296096801758,96.94747782013798,gqpErbFnbiY/00022,9,1.3499999999999999
0.9659023284912109,0.7774639129638672,0.04996437579393387,0.10615740716457367,0.9409545063972473,0.9020222425460815,0.7815431952476501,0.5788435935974121,0.160530686378479,1.8472251892089844,2.912644624710083,66.52817008952253,gqpErbFnbiY/00022,10,1.5
0.8955668210983276,0.8180752396583557,0.19031591713428497,0.0479421392083168,0.819631040096283,0.9266038537025452,0.7879990339279175,0.44376909732818604,0.10544919967651367,3.7584540843963623,2.159600019454956,41.02388594174798,gqpErbFnbiY/00023,22,3.3
0.9452802538871765,0.5529194474220276,0.11458531767129898,0.03785942122340202,0.8916993737220764,0.8910718560218811,0.5270399451255798,0.6666595339775085,0.4122121334075928,3.170210123062134,2.574528455734253,93.79036939213854,gqpErbFnbiY/00023,23,3.4499999999999997
0.9238422513008118,0.7508705854415894,0.12442082166671753,0.025868570432066917,0.8733698725700378,0.8973386287689209,0.7176599502563477,0.5104703307151794,0.19561094045639038,2.9256794452667236,2.4291090965270996,57.8546215454754,gqpErbFnbiY/00023,24,3.5999999999999996
0.9557005763053894,0.5072005987167358,0.07278195023536682,0.12679187953472137,0.9222826361656189,0.8575196862220764,0.514218270778656,0.623276948928833,0.4122343063354492,2.6398298740386963,3.259384870529175,90.5185530993946,gqpErbFnbiY/00023,25,3.75
0.9609629511833191,0.9249388575553894,0.07323337346315384,0.0007310413056984544,0.9302240014076233,0.9995637536048889,0.899580717086792,0.7055284976959229,0.07127690315246582,2.3214218616485596,0.16730685532093048,71.72202618100198,gqpErbFnbiY/00025,2,0.3
0.9779319763183594,0.5332927703857422,0.04569431021809578,0.001251265057362616,0.9578786492347717,0.9986628293991089,0.5526354312896729,0.8879412412643433,0.4350402355194092,1.417576551437378,0.30973923206329346,260.5364769549408,gqpErbFnbiY/00025,3,0.44999999999999996
0.9721638560295105,0.5418964624404907,0.057528626173734665,0.003910209983587265,0.9475259780883789,0.9996601343154907,0.5338059067726135,0.8782235383987427,0.45271921157836914,1.8763920068740845,0.1318691521883011,198.8121842547937,gqpErbFnbiY/00025,4,0.6
0.9159601926803589,0.5534490942955017,0.1766568422317505,0.002795649692416191,0.8420394062995911,0.9993516802787781,0.5471580624580383,0.792024552822113,0.40378546714782715,3.2482991218566895,0.16701970994472504,101.64886824820951,gqpErbFnbiY/00025,5,0.75
0.9811585545539856,0.43968257308006287,0.040466904640197754,0.001516898861154914,0.9652506709098816,0.9995900392532349,0.457001656293869,0.9049960970878601,0.5333161354064941,1.406638503074646,0.15118150413036346,302.50540121039046,gqpErbFnbiY/00025,6,0.8999999999999999
0.905145525932312,0.6329755783081055,0.16853103041648865,0.07114289700984955,0.8430755734443665,0.9383092522621155,0.6224644184112549,0.6173797845840454,0.30114245414733887,3.653559446334839,2.0291812419891357,75.73148346141498,gqpErbFnbiY/00026,33,4.95
0.8397020101547241,0.47207069396972656,0.26722392439842224,0.03628445416688919,0.734104335308075,0.905325174331665,0.4714292585849762,0.5613737106323242,0.4148217439651489,4.647294998168945,2.3712267875671387,63.06454250375453,gqpErbFnbiY/00026,34,5.1
0.8483966588973999,0.8094091415405273,0.2515149712562561,0.05707738921046257,0.740483283996582,0.9219697713851929,0.7444663047790527,0.3996049761772156,0.11782240867614746,4.3162641525268555,2.1612305641174316,37.691281746283764,gqpErbFnbiY/00026,35,5.25
0.8671680688858032,0.47996973991394043,0.21294155716896057,0.027052337303757668,0.7748205661773682,0.8323901891708374,0.529859185218811,0.4483772814273834,0.33983683586120605,4.3997297286987305,3.587385892868042,57.92884356305175,gqpErbFnbiY/00027,17,2.55
0.8451703190803528,0.42293840646743774,0.2858811616897583,0.03060588613152504,0.7350434064865112,0.7960236668586731,0.4794476330280304,0.4307931065559387,0.3513670563697815,4.564541339874268,4.282473087310791,54.57113351202268,gqpErbFnbiY/00027,18,2.6999999999999997
0.9538596272468567,0.6807006597518921,0.13042430579662323,0.003037404967471957,0.9135351181030273,0.998893678188324,0.7016761898994446,0.8307560682296753,0.2620338201522827,2.203544855117798,0.25442758202552795,133.5502193933706,gqpErbFnbiY/00028,5,0.75
0.9390915632247925,0.5842621922492981,0.11673643440008163,0.004268025979399681,0.8894153237342834,0.9984042644500732,0.6036589741706848,0.799656331539154,0.3577783703804016,2.341036319732666,0.315405935049057,136.75413680479045,gqpErbFnbiY/00028,6,0.8999999999999999
0.8988420367240906,0.516107439994812,0.19696469604969025,0.0077789658680558205,0.8117334246635437,0.9641209244728088,0.5114309787750244,0.7123642563819885,0.4204723834991455,3.4168689250946045,1.486951470375061,89.88171472771944,gqpErbFnbiY/00028,7,1.05
0.9985882043838501,0.7804332375526428,0.0014116466045379639,0.03448333591222763,0.9971765279769897,0.910540759563446,0.7828643918037415,0.5012773871421814,0.1800869107246399,0.37153008580207825,2.7857978343963623,98.67614815695295,gtDS5rzd6R8/00004,0,0.0
0.9978894591331482,0.5651199221611023,0.0021106600761413574,0.04385918006300926,0.9957790374755859,0.7004072666168213,0.5722504258155823,0.34621185064315796,0.3173694610595703,0.3669601380825043,4.882504940032959,65.87367782716768,gtDS5rzd6R8/00004,1,0.15
0.9815369844436646,0.7232311367988586,0.018462806940078735,0.02136610448360443,0.9630742073059082,0.8897404074668884,0.7190443277359009,0.5076579451560974,0.23232781887054443,1.4137089252471924,3.024925947189331,91.39694746584672,gtDS5rzd6R8/00004,2,0.3
0.6960671544075012,0.635342538356781,0.19131669402122498,0.050450634211301804,0.7940067052841187,0.9390038251876831,0.5604440569877625,0.6125525236129761,0.35267192125320435,3.8718039989471436,2.2982282638549805,84.39484342770048,gtDS5rzd6R8/00004,3,0.44999999999999996
0.7205969095230103,0.5960889458656311,0.17040717601776123,0.0751962661743164,0.8178691864013672,0.8701109290122986,0.6507812142372131,0.5143848657608032,0.24469423294067383,3.9517874717712402,3.187934637069702,65.06134547780793,gtDS5rzd6R8/00004,4,0.6
0.8094934821128845,0.7414162755012512,0.10997281223535538,0.07583155483007431,0.8609971404075623,0.8865193724632263,0.7417252659797668,0.5162138938903809,0.16311830282211304,3.2977707386016846,2.868772268295288,56.406515655866265,gtDS5rzd6R8/00004,5,0.75
0.7878092527389526,0.7008501887321472,0.13280071318149567,0.04184707626700401,0.8578846454620361,0.8321877121925354,0.7005548477172852,0.4830305576324463,0.17799818515777588,3.211141586303711,3.546992063522339,47.91326670673292,gtDS5rzd6R8/00004,6,0.8999999999999999
0.8382206559181213,0.684666633605957,0.09853161126375198,0.04169883579015732,0.8974117040634155,0.9142491817474365,0.7975850105285645,0.49114012718200684,0.12886178493499756,2.9829559326171875,2.5464353561401367,56.92654766436563,gtDS5rzd6R8/00004,7,1.05
0.710256040096283,0.5766113996505737,0.17843729257583618,0.05438471585512161,0.7405593395233154,0.8943783044815063,0.5423824191093445,0.5200068950653076,0.347589373588562,3.835049867630005,2.919300079345703,65.93334220636916,gtDS5rzd6R8/00004,17,2.55
0.606407642364502,0.6093389391899109,0.2604893445968628,0.09626848995685577,0.6717177033424377,0.8832581639289856,0.5942032337188721,0.44930902123451233,0.26857686042785645,4.27726411819458,3.1303913593292236,58.644048030634096,gtDS5rzd6R8/00004,18,2.6999999999999997
0.8143563866615295,0.5550141930580139,0.11926080286502838,0.028529303148388863,0.8488549590110779,0.8887693881988525,0.6059515476226807,0.5514529347419739,0.32044339179992676,2.8961493968963623,2.9129343032836914,79.74455558322713,gtDS5rzd6R8/00004,19,2.85
0.559100329875946,0.6578587293624878,0.2764759957790375,0.029056495055556297,0.7026050686836243,0.9229465126991272,0.40395990014076233,0.6190122961997986,0.5017325580120087,3.755965232849121,2.627549171447754,97.93769987380507,gtDS5rzd6R8/00004,20,3.0
0.7555475234985352,0.8369174003601074,0.14632895588874817,0.036282483488321304,0.826907753944397,0.90800541639328,0.6722431778907776,0.4649139642715454,0.2248326539993286,3.5935745239257812,2.9470505714416504,64.39222314561493,gtDS5rzd6R8/00004,21,3.15
0.8258163332939148,0.9210197329521179,0.10554953664541245,0.039328038692474365,0.8806809186935425,0.9445266723632812,0.8322166204452515,0.41432490944862366,0.09039008617401123,3.183259963989258,2.299029588699341,51.75727615488299,gtDS5rzd6R8/00004,22,3.3
0.9304735064506531,0.8427535891532898,0.041501738131046295,0.11547163873910904,0.9506497383117676,0.8996613621711731,0.8781479001045227,0.4168938100337982,0.058193087577819824,2.1221187114715576,2.754664897918701,45.86751160767508,gtDS5rzd6R8/00004,23,3.4499999999999997
0.86613529920578,0.702074408531189,0.15159666538238525,0.0675123929977417,0.7789062261581421,0.912676990032196,0.7349206209182739,0.43429458141326904,0.14074742794036865,4.158955097198486,2.7341909408569336,48.21798601104423,gtDS5rzd6R8/00006,13,1.95
0.8820122480392456,0.39499396085739136,0.15815293788909912,0.010569354519248009,0.8080703020095825,0.9679585695266724,0.49138373136520386,0.6830075979232788,0.45245176553726196,4.065506935119629,1.562972903251648,98.01937707751473,gtDS5rzd6R8/00006,14,2.1
0.8640174269676208,0.6361826062202454,0.16052189469337463,0.004488291218876839,0.785362958908081,0.9874539971351624,0.6463091969490051,0.6451379060745239,0.27431726455688477,3.590045213699341,0.8324259519577026,73.28268029382592,gtDS5rzd6R8/00006,15,2.25
0.8733715415000916,0.8763982653617859,0.1209893673658371,0.04087979719042778,0.8188601136207581,0.9560486078262329,0.8114969730377197,0.43682295083999634,0.09824389219284058,3.9278032779693604,1.8569926023483276,42.29246022474403,gtDS5rzd6R8/00006,18,2.6999999999999997
0.9056243896484375,0.5019446611404419,0.11223915219306946,0.0025889258831739426,0.8477164506912231,0.9995905756950378,0.4948540925979614,0.7603329420089722,0.47016608715057373,3.7276594638824463,0.1319432258605957,108.26416392357648,gtDS5rzd6R8/00006,19,2.85
0.8489411473274231,0.552200436592102,0.17975223064422607,0.0016622416442260146,0.7696478962898254,0.9961471557617188,0.58563232421875,0.6826196908950806,0.33518683910369873,4.08182430267334,0.5136836767196655,80.71639576115349,gtDS5rzd6R8/00006,20,3.0
0.8937340378761292,0.8199198842048645,0.11132343113422394,0.010003676638007164,0.8318495154380798,0.9913265705108643,0.7930196523666382,0.5697448253631592,0.139123797416687,3.868907928466797,0.8679511547088623,60.7751495470235,gtDS5rzd6R8/00006,21,3.15
0.9985818266868591,0.7124482989311218,0.0008962944848462939,0.000989794614724815,0.9990397691726685,0.9974169135093689,0.7204292416572571,0.9473653435707092,0.2784358263015747,0.25185996294021606,0.44598397612571716,660.4564285499747,gtDS5rzd6R8/00007,1,0.15
0.9975109696388245,0.5729372501373291,0.0015914860414341092,0.0015055655967444181,0.998306930065155,0.9997220635414124,0.5864657759666443,0.9711011052131653,0.4130147695541382,0.3824354410171509,0.14007799327373505,1094.1562833801622,gtDS5rzd6R8/00007,2,0.3
0.9899688363075256,0.7403563261032104,0.005749636795371771,0.0012123823398724198,0.9901896715164185,0.999760627746582,0.7333586812019348,0.9236425161361694,0.2634783983230591,0.9430201053619385,0.12644484639167786,363.63265769081556,gtDS5rzd6R8/00007,3,0.44999999999999996
0.9581867456436157,0.7982956171035767,0.025886820629239082,0.0007452249992638826,0.9745882153511047,0.9960459470748901,0.8318496942520142,0.8281115889549255,0.15742826461791992,1.5445208549499512,0.5976284742355347,175.95408783077616,gtDS5rzd6R8/00007,4,0.6
0.9984092116355896,0.6213341951370239,0.0009268596186302602,0.0005928039317950606,0.9985968470573425,0.9994688034057617,0.6258424520492554,0.9669780731201172,0.3736133575439453,0.31520092487335205,0.2079196274280548,1020.5494915101699,gtDS5rzd6R8/00007,11,1.65
0.9992433190345764,0.5578538179397583,0.00047358122537843883,0.0004021406057290733,0.9994841814041138,0.9995973110198975,0.5565493702888489,0.9789409637451172,0.4432260990142822,0.20121166110038757,0.1635282337665558,1623.3630203515736,gtDS5rzd6R8/00007,12,1.7999999999999998
0.9977297782897949,0.8354167938232422,0.0011854661861434579,0.00120716099627316,0.9979208707809448,0.9993542432785034,0.8292527794837952,0.9412198662757874,0.1697608232498169,0.3919253349304199,0.22844339907169342,571.6502257944012,gtDS5rzd6R8/00007,13,1.95
0.9974080324172974,0.7372390031814575,0.0014768651453778148,0.01232597604393959,0.9979567527770996,0.9634338617324829,0.7453557252883911,0.8228516578674316,0.2415468692779541,0.3671400845050812,1.8617790937423706,178.3608440416687,gtDS5rzd6R8/00007,16,2.4
0.9973102807998657,0.7850526571273804,0.0016983512323349714,0.005264477338641882,0.9983088970184326,0.9767605066299438,0.7966673970222473,0.8376695513725281,0.1941392421722412,0.3899610638618469,1.4684405326843262,197.8637044580146,gtDS5rzd6R8/00007,17,2.55
0.99432373046875,0.8525704145431519,0.003087456803768873,0.053750231862068176,0.9964646100997925,0.9354504942893982,0.8612591624259949,0.6434308290481567,0.1111757755279541,0.550735354423523,2.4442477226257324,89.01853096602444,gtDS5rzd6R8/00007,18,2.6999999999999997
0.9982205033302307,0.8730009198188782,0.001031725318171084,0.018797636032104492,0.9987270832061768,0.9565653204917908,0.8731141686439514,0.6992584466934204,0.10893142223358154,0.32716724276542664,2.021698474884033,106.57289493504679,gtDS5rzd6R8/00007,19,2.85
0.9921271204948425,0.8181188702583313,0.004986301530152559,0.009150260128080845,0.9903786182403564,0.9668280482292175,0.7925164103507996,0.724681556224823,0.1915283203125,0.8561217784881592,1.693722128868103,142.7229114331694,gtDS5rzd6R8/00008,0,0.0
0.9949727058410645,0.810943603515625,0.0024236536119133234,0.05695837736129761,0.9952765703201294,0.9212481379508972,0.8149702548980713,0.6597283482551575,0.1528838872909546,0.5584439635276794,2.5531516075134277,93.15251122853613,gtDS5rzd6R8/00008,1,0.15
0.988347053527832,0.6885620355606079,0.00537871103733778,0.011445083655416965,0.9904322624206543,0.8989949822425842,0.6999754309654236,0.6894192695617676,0.25874507427215576,0.805012583732605,2.49999737739563,107.42483113896158,gtDS5rzd6R8/00008,2,0.3
0.9971961975097656,0.6824682950973511,0.001405306626111269,0.04406392201781273,0.9977231621742249,0.9336236715316772,0.680120587348938,0.7531013488769531,0.2976243495941162,0.44023460149765015,2.4408926963806152,145.016912281673,gtDS5rzd6R8/00008,3,0.44999999999999996
0.6107707619667053,0.48013025522232056,0.17337198555469513,0.004468035884201527,0.7787135243415833,0.9943397641181946,0.7372342348098755,0.4265240728855133,0.17090070247650146,4.413500785827637,0.7029383778572083,62.75657854729808,gtDS5rzd6R8/00008,7,1.05
0.9792759418487549,0.6312914490699768,0.020724177360534668,0.029722172766923904,0.9585519433021545,0.701196551322937,0.6479519605636597,0.23993657529354095,0.23592662811279297,1.2470372915267944,4.9517412185668945,55.922628502628335,gtDS5rzd6R8/00008,8,1.2
0.8245355486869812,0.5398849248886108,0.11037801951169968,0.04668780416250229,0.877926230430603,0.8874824643135071,0.5962088704109192,0.6038709878921509,0.32012367248535156,3.120651960372925,2.8174896240234375,81.30914947821377,gtDS5rzd6R8/00008,9,1.3499999999999999
0.709060549736023,0.5618860721588135,0.18258576095104218,0.0585363507270813,0.8075147271156311,0.8534172177314758,0.5901898145675659,0.5318101644515991,0.30641186237335205,3.4123945236206055,3.6734859943389893,67.02510775678354,gtDS5rzd6R8/00008,17,2.55
0.7250946760177612,0.7169834971427917,0.17292813956737518,0.04048936441540718,0.8178932666778564,0.9067329168319702,0.7410293817520142,0.47421225905418396,0.15402936935424805,3.8886475563049316,2.851663589477539,50.7853815457655,gtDS5rzd6R8/00008,18,2.6999999999999997
0.8815019726753235,0.5857073068618774,0.0760221928358078,0.017432402819395065,0.9165496826171875,0.9262073040008545,0.6804623603820801,0.6626905798912048,0.2718905210494995,2.8072664737701416,2.319714069366455,94.57754623105777,gtDS5rzd6R8/00008,19,2.85
0.9879938960075378,0.3949989676475525,0.006460478063672781,0.12045495957136154,0.9902678728103638,0.8056351542472839,0.39764633774757385,0.7144037485122681,0.5437178909778595,0.9738649129867554,3.6017534732818604,127.0080341001258,gtDS5rzd6R8/00008,20,3.0
0.7798715829849243,0.79640132188797,0.13398955762386322,0.0425335168838501,0.8736005425453186,0.9140211939811707,0.7903820276260376,0.45662176609039307,0.12956678867340088,3.4807159900665283,2.8649110794067383,52.88810233846533,gtDS5rzd6R8/00008,21,3.15
0.9020434021949768,0.5639073252677917,0.05425899848341942,0.11210785806179047,0.9270331263542175,0.8715353012084961,0.503731906414032,0.6346842646598816,0.4268493056297302,2.6558313369750977,3.279555320739746,100.69038715372834,gtDS5rzd6R8/00008,22,3.3
0.8548372983932495,0.5629928708076477,0.10661421716213226,0.06271079927682877,0.8791942596435547,0.8138724565505981,0.6010807156562805,0.5116891264915466,0.2996711730957031,3.355226516723633,3.8470377922058105,67.70273726622023,gtDS5rzd6R8/00008,23,3.4499999999999997
0.5807176232337952,0.6221708059310913,0.2646331787109375,0.060739438980817795,0.7095549702644348,0.8928662538528442,0.6624612808227539,0.44703513383865356,0.19766980409622192,4.655384540557861,3.0568251609802246,49.13243262172248,gtDS5rzd6R8/00008,24,3.5999999999999996
0.7408458590507507,0.707610011100769,0.1614311784505844,0.09120533615350723,0.8055692315101624,0.8373780846595764,0.6155259013175964,0.47567328810691833,0.2675647735595703,3.446730613708496,3.823791027069092,58.863836046119815,gtDS5rzd6R8/00008,25,3.75
0.9935932159423828,0.8565120697021484,0.006406664848327637,0.02618054300546646,0.9871864914894104,0.9418755769729614,0.8554752469062805,0.524168074131012,0.11720997095108032,0.7883419394493103,2.331449508666992,96.7546125684612,gtDS5rzd6R8/00010,1,0.15
0.995403528213501,0.5955684781074524,0.004596352577209473,0.0382290817797184,0.990807056427002,0.8764200210571289,0.6105932593345642,0.60142582654953,0.3460206389427185,0.5990422964096069,3.247220039367676,120.6689343416066,gtDS5rzd6R8/00010,2,0.3
0.58863365650177,0.47355931997299194,0.20546786487102509,0.003042731899768114,0.7579266428947449,0.9978051781654358,0.524755597114563,0.7768056392669678,0.401491641998291,3.538347005844116,0.44531622529029846,121.69083943300811,gtDS5rzd6R8/00010,38,5.7
0.8010075688362122,0.2956039309501648,0.11564549803733826,0.024449530988931656,0.8613665699958801,0.9900241494178772,0.3853986859321594,0.793642520904541,0.5887596309185028,3.2383952140808105,0.7204291820526123,134.45811788767944,gtDS5rzd6R8/00010,39,5.85
0.7790160775184631,0.6334629058837891,0.13739369809627533,0.06627635657787323,0.843940019607544,0.8781125545501709,0.5889473557472229,0.6302460432052612,0.316322922706604,2.991245746612549,3.1537282466888428,71.9927792638188,gtDS5rzd6R8/00010,40,6.0
0.7457834482192993,0.8496475219726562,0.15901759266853333,0.023663992062211037,0.8262758851051331,0.9490712285041809,0.6810668110847473,0.5972321629524231,0.21636927127838135,3.650888204574585,2.239173650741577,71.54645898729721,gtDS5rzd6R8/00010,42,6.3
0.5744635462760925,0.7822331190109253,0.26712703704833984,0.053172968327999115,0.7103197574615479,0.9477939009666443,0.6215524077415466,0.5791675448417664,0.2302563190460205,4.649219989776611,2.218397855758667,57.266915130121376,gtDS5rzd6R8/00010,43,6.45
0.9382510781288147,0.6322864294052124,0.03788364678621292,0.1111387237906456,0.9543810486793518,0.9156161546707153,0.6403436660766602,0.696418285369873,0.3125636577606201,2.0881567001342773,2.846801519393921,113.82683227084325,gtDS5rzd6R8/00010,44,6.6
0.9861917495727539,0.7870362997055054,0.0075252847746014595,0.06255322694778442,0.9893712401390076,0.9522944092750549,0.7849709391593933,0.7332634925842285,0.18764805793762207,1.0388097763061523,2.1366944313049316,137.0930137449103,gtDS5rzd6R8/00010,45,6.75
0.918084442615509,0.6655480265617371,0.09537722915410995,8.096694364212453e-05,0.8724377155303955,0.9995166063308716,0.6728759407997131,0.7449127435684204,0.2854667901992798,3.3457093238830566,0.174198716878891,96.6101997797588,gtDS5rzd6R8/00011,1,0.15
0.8668133020401001,0.5722298622131348,0.19455589354038239,0.003774666925892234,0.7741311192512512,0.9894894361495972,0.6505901217460632,0.6475131511688232,0.24555957317352295,4.104769229888916,0.9658556580543518,77.44882253250701,gtDS5rzd6R8/00011,2,0.3
0.9324350953102112,0.6475620269775391,0.0774143785238266,0.0015444756718352437,0.8857244849205017,0.9974427819252014,0.7002403140068054,0.7244473099708557,0.26234638690948486,3.298678398132324,0.4969733655452728,104.322185637586,gtDS5rzd6R8/00011,3,0.44999999999999996
0.8730651140213013,0.7068390846252441,0.1370459347963333,0.012186718173325062,0.8220030665397644,0.9974543452262878,0.6966925263404846,0.6825407147407532,0.24157679080963135,4.005001544952393,0.4991038739681244,83.07740638885318,gtDS5rzd6R8/00011,4,0.6
0.9212188720703125,0.5947096943855286,0.10251960903406143,0.008573198691010475,0.8679013848304749,0.9993628859519958,0.6278520822525024,0.7522045373916626,0.33353298902511597,3.5214860439300537,0.2049041986465454,105.0061982167637,gtDS5rzd6R8/00011,5,0.75
0.907659113407135,0.6725220680236816,0.125278502702713,0.00716731883585453,0.833105206489563,0.9980380535125732,0.6687537431716919,0.7111040949821472,0.2796558141708374,3.7664012908935547,0.39862051606178284,89.62014841851264,gtDS5rzd6R8/00011,11,1.65
0.9133898019790649,0.7315275073051453,0.10122236609458923,0.005860046483576298,0.846344530582428,0.9959080815315247,0.6975549459457397,0.6817208528518677,0.2508910894393921,3.5735795497894287,0.535586953163147,85.85197027026035,gtDS5rzd6R8/00011,12,1.7999999999999998
0.9763076901435852,0.6149044036865234,0.04653507471084595,0.056803148239851,0.9587298035621643,0.8802452087402344,0.6327633857727051,0.6058140993118286,0.3149752616882324,1.5653074979782104,3.2143661975860596,88.12972724308109,gv1ApCmctVQ/00002,14,2.1
0.9921128153800964,0.351091593503952,0.012395513243973255,0.1148315966129303,0.9855452179908752,0.7173449993133545,0.35284367203712463,0.6254748702049255,0.5623014569282532,0.8298104405403137,4.3137617111206055,88.85112894916729,gv1ApCmctVQ/00002,15,2.25
0.9799460172653198,0.7066062688827515,0.045442111790180206,0.06771071255207062,0.961975634098053,0.8539250493049622,0.7061151266098022,0.5729941725730896,0.22855448722839355,1.4706681966781616,3.426779270172119,75.14402639140172,gv1ApCmctVQ/00002,16,2.4
0.977981448173523,0.48735305666923523,0.04355622082948685,0.0814841017127037,0.963438868522644,0.8520787358283997,0.530179500579834,0.6606634855270386,0.42235255241394043,1.3508027791976929,3.548647880554199,99.08914835882673,gv1ApCmctVQ/00003,5,0.75
0.9865936040878296,0.6487006545066833,0.02570248395204544,0.10884325951337814,0.9732925891876221,0.741624653339386,0.6424689292907715,0.5587297677993774,0.26396405696868896,1.1085691452026367,4.471955299377441,55.90141187335574,gv1ApCmctVQ/00003,6,0.8999999999999999
0.9900755286216736,0.8460292816162109,0.005744161084294319,0.0007504940149374306,0.9936719536781311,0.9969133138656616,0.8575301766395569,0.8807486295700073,0.13889634609222412,0.6259310245513916,0.46450722217559814,285.42352759737435,gv1ApCmctVQ/00004,0,0.0
0.9992263913154602,0.6260555982589722,0.0004882752546109259,0.005157732870429754,0.9994711875915527,0.9982821941375732,0.6288480758666992,0.9661933779716492,0.37051355838775635,0.18284308910369873,0.28635504841804504,1069.9773741457398,gv1ApCmctVQ/00004,1,0.15
0.9982063174247742,0.5596014261245728,0.0009646507678553462,0.013659621588885784,0.9981753826141357,0.9856740236282349,0.5579406023025513,0.9276082515716553,0.4379323720932007,0.38411593437194824,0.825940728187561,448.18222613391276,gv1ApCmctVQ/00004,7,1.05
0.9990631341934204,0.5152766704559326,0.0005174574907869101,0.010470189154148102,0.9989601969718933,0.9875456094741821,0.5109748244285583,0.9353291988372803,0.4859481453895569,0.20663654804229736,0.7335453033447266,457.2271328744085,gv1ApCmctVQ/00004,8,1.2
0.9994516372680664,0.9590209722518921,0.0002562672016210854,0.000605893146712333,0.9997047185897827,0.9998156428337097,0.9586451053619385,0.9484460353851318,0.041153669357299805,0.15642957389354706,0.12081071734428406,663.4231904854977,gv1ApCmctVQ/00005,1,0.15
0.982519805431366,0.5141371488571167,0.04168595373630524,0.012014931067824364,0.9658647179603577,0.985320508480072,0.5259931683540344,0.8758834600448608,0.462841272354126,1.3579845428466797,1.2443640232086182,246.54615339129415,gv1ApCmctVQ/00005,2,0.3
0.9964388608932495,0.5730142593383789,0.00678103556856513,0.010946860536932945,0.9944050312042236,0.9653120040893555,0.5838747024536133,0.8653388023376465,0.4044519066810608,0.5915830731391907,1.6686960458755493,223.40117487434543,gv1ApCmctVQ/00005,3,0.44999999999999996
0.9847099184989929,0.6602007150650024,0.033203914761543274,0.002146075014024973,0.9671896696090698,0.9706417322158813,0.6582000255584717,0.823718249797821,0.3219500184059143,1.5533078908920288,1.6358129978179932,164.50797698722388,gv1ApCmctVQ/00005,4,0.6
0.9954219460487366,0.7651734948158264,0.0028675294015556574,0.1140291839838028,0.9970000386238098,0.8933561444282532,0.7583343982696533,0.7054492831230164,0.20370244979858398,0.3694020211696625,2.8477518558502197,86.849517869269,gv1ApCmctVQ/00005,37,5.55
0.9890462756156921,0.7614863514900208,0.010955318808555603,0.053780507296323776,0.9875926971435547,0.885136604309082,0.7410634756088257,0.6395865082740784,0.21254748106002808,0.9988100528717041,2.9790215492248535,90.67765551054164,gv1ApCmctVQ/00005,38,5.7
0.9466952085494995,0.6219810247421265,0.09303328394889832,0.021779049187898636,0.9038240313529968,0.9541184902191162,0.6116071343421936,0.6880612373352051,0.3442729711532593,2.5923683643341064,1.8775227069854736,106.52436095280349,gv1ApCmctVQ/00005,39,5.85
0.9489031434059143,0.5032652616500854,0.08129743486642838,0.02886652946472168,0.90248042345047,0.8658468723297119,0.4986344575881958,0.6424978971481323,0.43221890926361084,2.9043891429901123,2.9971325397491455,89.52596780326473,gv1ApCmctVQ/00005,40,6.0
0.9245194792747498,0.6301999688148499,0.1785120666027069,0.05431254953145981,0.8532534837722778,0.950707733631134,0.6413382887840271,0.696430504322052,0.2887336015701294,2.9143710136413574,1.7420737743377686,87.39043876652323,gv1ApCmctVQ/00006,11,1.65
0.9253153204917908,0.6460448503494263,0.13144798576831818,0.03501231223344803,0.8642022013664246,0.9426925778388977,0.613470196723938,0.6655195951461792,0.33022981882095337,2.5348517894744873,2.0150516033172607,96.3842214453564,gv1ApCmctVQ/00006,12,1.7999999999999998
0.8652454018592834,0.6253817677497864,0.13825246691703796,0.0261736661195755,0.7964741587638855,0.9601608514785767,0.6313140392303467,0.5828850269317627,0.2904805541038513,3.7318947315216064,1.5237107276916504,68.23978328812312,gv1ApCmctVQ/00006,13,1.95
0.9243183135986328,0.7168174982070923,0.1064036414027214,0.04084943234920502,0.8844577074050903,0.9139402508735657,0.7118632793426514,0.5409449338912964,0.2123657464981079,3.120988607406616,2.6461641788482666,69.32927171220089,gv1ApCmctVQ/00006,14,2.1
0.9924837946891785,0.6723435521125793,0.011195320636034012,0.0023981016129255295,0.9868529438972473,0.9807907938957214,0.6771306991577148,0.8412336707115173,0.31285250186920166,0.8190499544143677,1.244172215461731,218.61371356191873,gwWrkgV47F0/00001,13,1.95
0.8661108016967773,0.7271873354911804,0.20388376712799072,0.003908189944922924,0.7605641484260559,0.9940972924232483,0.7068094611167908,0.6655135750770569,0.1972203254699707,4.294070243835449,0.7406483292579651,69.19173772306428,gwWrkgV47F0/00001,14,2.1
0.8698492050170898,0.5990409851074219,0.19821925461292267,0.016007661819458008,0.7826889753341675,0.9573367834091187,0.5689655542373657,0.6003991961479187,0.35771918296813965,4.042038440704346,1.445924162864685,70.97833742481863,gwWrkgV47F0/00001,15,2.25
0.9168416857719421,0.5866435170173645,0.14354456961154938,0.0450449213385582,0.8372296690940857,0.8571658730506897,0.5611228346824646,0.5462309718132019,0.33734261989593506,3.6885366439819336,3.030646562576294,66.78185841511956,gwWrkgV47F0/00001,16,2.4
0.9997609853744507,0.6527332663536072,0.00023928284645080566,0.045363735407590866,0.9995217323303223,0.9070606827735901,0.6547924876213074,0.6236104369163513,0.31514841318130493,0.13951750099658966,2.8703060150146484,115.12874328590007,gwWrkgV47F0/00002,2,0.3
0.9988614320755005,0.5048468708992004,0.001138538122177124,0.07102186232805252,0.997722864151001,0.6189581751823425,0.5021535158157349,0.30317407846450806,0.36390113830566406,0.2778201103210449,5.561020851135254,61.91219825434459,gwWrkgV47F0/00002,3,0.44999999999999996
0.9983724355697632,0.5353385806083679,0.0016275346279144287,0.04329528287053108,0.9967448711395264,0.8648582696914673,0.5397338271141052,0.5275571346282959,0.42224693298339844,0.2692512273788452,3.457493543624878,102.90101829759062,gwWrkgV47F0/00002,4,0.6
0.7072721719741821,0.7303137183189392,0.20216067135334015,0.08129783719778061,0.6647669672966003,0.8566693067550659,0.7180742621421814,0.20657293498516083,0.09013557434082031,5.149819850921631,3.5096662044525146,27.892428090753093,gwWrkgV47F0/00002,10,1.5
0.7198418974876404,0.5563883781433105,0.1767147183418274,0.016202250495553017,0.7829052805900574,0.8548814058303833,0.5667866468429565,0.5109363794326782,0.31822556257247925,3.484452247619629,3.322552442550659,63.10843428726805,gwWrkgV47F0/00002,11,1.65
0.8138633966445923,0.7800847887992859,0.11803460121154785,0.04269906505942345,0.8188201189041138,0.9455891847610474,0.8075274229049683,0.4297049939632416,0.09945023059844971,3.4322588443756104,2.1936347484588623,48.17654373959421,gwWrkgV47F0/00002,12,1.7999999999999998
0.7801712155342102,0.6593682169914246,0.14867079257965088,0.040458086878061295,0.7517783045768738,0.8798996806144714,0.5740124583244324,0.5060400366783142,0.30470824241638184,3.879619598388672,3.2039666175842285,59.92213727524173,gwWrkgV47F0/00002,13,1.95
0.5925528407096863,0.5661032199859619,0.2587018609046936,0.13110879063606262,0.6674079895019531,0.8762534856796265,0.6689029335975647,0.31989872455596924,0.1549464464187622,4.820394039154053,3.1938159465789795,37.70263466383948,gwWrkgV47F0/00002,14,2.1
0.9279067516326904,0.6155643463134766,0.13620112836360931,0.00987192802131176,0.8616846203804016,0.9938483238220215,0.6516926884651184,0.7520328164100647,0.2896004319190979,2.937904119491577,0.7018553018569946,113.47111766028338,gzcwS02ZB1o/00006,2,0.3
0.8926402926445007,0.6222230195999146,0.1095171645283699,0.07814101129770279,0.7998786568641663,0.9089276790618896,0.5861037969589233,0.5486797094345093,0.3277140259742737,3.926708221435547,2.928849458694458,73.80566561169886,gzcwS02ZB1o/00006,3,0.44999999999999996
0.8517556190490723,0.4814538061618805,0.1792326718568802,0.02164335735142231,0.7549476623535156,0.8891342282295227,0.5434948801994324,0.49353042244911194,0.34803110361099243,4.312918663024902,3.073050022125244,66.27323030767376,gzcwS02ZB1o/00006,4,0.6
0.9802602529525757,0.9072975516319275,0.01973971724510193,0.026998165994882584,0.9605205059051514,0.9426541328430176,0.8807762861251831,0.480472207069397,0.08536279201507568,1.3943673372268677,2.4124808311462402,68.11429808672602,gzcwS02ZB1o/00009,1,0.15
0.9998117685317993,0.5964562296867371,0.00018790364265441895,0.060925308614969254,0.9996240139007568,0.8879545331001282,0.5990812182426453,0.556638240814209,0.3675823211669922,0.10674402862787247,3.128910779953003,118.35961783253317,gzcwS02ZB1o/00009,2,0.3
0.9994641542434692,0.6583525538444519,0.0005357563495635986,0.03227032721042633,0.998928427696228,0.8089104294776917,0.6520972847938538,0.35579225420951843,0.2848036289215088,0.1692337989807129,3.993579149246216,75.22540928820149,gzcwS02ZB1o/00009,3,0.44999999999999996
0.8146931529045105,0.714529275894165,0.11702121049165726,0.05736603960394859,0.875532329082489,0.7563564777374268,0.7615886330604553,0.2509201765060425,0.0916321873664856,3.0406367778778076,4.145532131195068,28.781309453031778,gzcwS02ZB1o/00009,5,0.75
0.7271398305892944,0.7998359203338623,0.17210523784160614,0.014813544228672981,0.8178827166557312,0.9036151170730591,0.6569490432739258,0.49874740839004517,0.24894297122955322,2.926140546798706,2.1909587383270264,67.59779281260086,gzcwS02ZB1o/00009,6,0.8999999999999999
0.7808502912521362,0.46356216073036194,0.13802246749401093,0.07143542915582657,0.8549994230270386,0.7646522521972656,0.5722841024398804,0.4839816391468048,0.320564329624176,2.927556276321411,4.404297351837158,61.49628836876522,gzcwS02ZB1o/00009,7,1.05
0.6384803652763367,0.4847215414047241,0.2278672307729721,0.02359805628657341,0.7603418827056885,0.9031364917755127,0.5911934971809387,0.5548819303512573,0.3041183352470398,3.4533236026763916,2.733184814453125,69.65771097443209,gzcwS02ZB1o/00009,8,1.2
0.9981253743171692,0.675921618938446,0.0018746256828308105,0.024522697553038597,0.9962508678436279,0.832017719745636,0.6776872277259827,0.4374520480632782,0.259814977645874,0.3498116135597229,3.259986639022827,84.99845291396807,gzcwS02ZB1o/00011,17,2.55
0.9996005296707153,0.4641006290912628,0.00039947032928466797,0.07337318360805511,0.9992012977600098,0.8607160449028015,0.46732059121131897,0.5666795372962952,0.5050100088119507,0.16691380739212036,3.5423836708068848,118.48787761021465,gzcwS02ZB1o/00011,18,2.6999999999999997
0.9964625835418701,0.5264002680778503,0.0035373270511627197,0.16402244567871094,0.9929252862930298,0.6312825679779053,0.526216447353363,0.33187633752822876,0.29794061183929443,0.5784075260162354,5.109652042388916,71.29236658641784,gzcwS02ZB1o/00011,19,2.85
0.6570321321487427,0.5014508962631226,0.2162468582391739,0.03615889698266983,0.7733901739120483,0.9299563765525818,0.759250283241272,0.442607581615448,0.11872684955596924,3.6753811836242676,2.3731799125671387,47.260925218359034,gzcwS02ZB1o/00011,28,4.2
0.8032714128494263,0.6780775189399719,0.12277568876743317,0.04260467737913132,0.8693931102752686,0.8972440958023071,0.6486045718193054,0.5551484823226929,0.2755497694015503,3.1437742710113525,2.6736981868743896,77.2099196025601,gzcwS02ZB1o/00011,29,4.35
0.7560290098190308,0.6020873785018921,0.15322917699813843,0.048277970403432846,0.837449312210083,0.914595365524292,0.5366622805595398,0.6070570945739746,0.3974032402038574,3.014524221420288,2.002263069152832,92.93057521584471,gzcwS02ZB1o/00011,30,4.5
0.823130190372467,0.7325806617736816,0.10876741260290146,0.0900806412100792,0.8797432780265808,0.8225165605545044,0.7196610569953918,0.423149049282074,0.17286038398742676,2.629542112350464,3.6119508743286133,50.987930999057305,gzcwS02ZB1o/00011,31,4.6499999999999995
0.8017041087150574,0.6200456619262695,0.12385360151529312,0.09213576465845108,0.8679251074790955,0.8139168620109558,0.5452384352684021,0.4738273024559021,0.3630167841911316,2.7361574172973633,3.8688042163848877,69.9872046205842,gzcwS02ZB1o/00011,32,4.8
0.7855059504508972,0.6709123849868774,0.1310105174779892,0.023832188919186592,0.8578309416770935,0.880135178565979,0.5949327349662781,0.5249695777893066,0.31895750761032104,2.7995526790618896,2.959458827972412,72.9597690002667,gzcwS02ZB1o/00011,33,4.95
0.7061238884925842,0.5156064033508301,0.18424607813358307,0.05734053999185562,0.7955588102340698,0.7732178568840027,0.5699673295021057,0.4318402111530304,0.2843146324157715,3.9714393615722656,3.8241615295410156,50.72178999894631,gzcwS02ZB1o/00011,34,5.1
0.7988279461860657,0.7603287100791931,0.11929279565811157,0.037139203399419785,0.8746265172958374,0.876324474811554,0.7425433397293091,0.42253175377845764,0.16217148303985596,2.7434494495391846,3.0645976066589355,53.5867265797671,gzcwS02ZB1o/00011,35,5.25
0.8350785374641418,0.6107035875320435,0.1025407686829567,0.05731654912233353,0.8902772068977356,0.8892354369163513,0.5622687339782715,0.5880311727523804,0.3688841462135315,2.787717342376709,3.0117428302764893,88.12865434930559,gzcwS02ZB1o/00011,36,5.3999999999999995
0.6373246908187866,0.7770488262176514,0.2239850014448166,0.09370074421167374,0.7521042227745056,0.84195876121521,0.5681549906730652,0.4301188886165619,0.28619396686553955,4.185439109802246,3.502992630004883,54.795657949760354,gzcwS02ZB1o/00011,37,5.55
0.8686854243278503,0.81141197681427,0.12191428244113922,0.08043360710144043,0.7974518537521362,0.8525380492210388,0.7402005791664124,0.3420209586620331,0.12932109832763672,3.584784507751465,3.2478930950164795,43.145085947839526,gzcwS02ZB1o/00014,54,8.1
0.946312427520752,0.6986372470855713,0.0814175009727478,0.023078111931681633,0.9087291955947876,0.878189742565155,0.7176097631454468,0.4889824688434601,0.2067352533340454,2.6880147457122803,3.476300001144409,66.4554952012064,gzcwS02ZB1o/00014,55,8.25
0.87762850522995,0.8067204356193542,0.1477700024843216,0.03315645083785057,0.7955284118652344,0.9195547103881836,0.7357662320137024,0.42891383171081543,0.1554473638534546,3.657865285873413,2.7125191688537598,54.43224392703262,gzcwS02ZB1o/00014,56,8.4
0.89454185962677,0.623948872089386,0.1317947804927826,0.02112920768558979,0.8308573961257935,0.9761573076248169,0.6410218477249146,0.6370816230773926,0.29926151037216187,3.0339529514312744,1.137254238128662,84.35734276080527,gzcwS02ZB1o/00014,65,9.75
0.9805930852890015,0.6340941190719604,0.013842614367604256,0.014719007536768913,0.9707242250442505,0.9673588275909424,0.6100315451622009,0.7793857455253601,0.37244629859924316,1.439229965209961,1.7071475982666016,165.09859289104693,gzcwS02ZB1o/00014,66,9.9
0.9087193608283997,0.6086077094078064,0.08580455929040909,0.020175840705633163,0.8755524158477783,0.989022970199585,0.596876323223114,0.7138375639915466,0.36539387702941895,3.105701446533203,0.8089777231216431,106.70090834003682,gzcwS02ZB1o/00014,67,10.049999999999999
0.8742939829826355,0.7821239233016968,0.13064932823181152,0.04176436364650726,0.7848746180534363,0.9661821722984314,0.7673718333244324,0.45822370052337646,0.13799601793289185,4.231317520141602,1.74446702003479,49.64474107464998,gzcwS02ZB1o/00014,68,10.2
0.9990272521972656,0.639297366142273,0.000972747802734375,0.02012987807393074,0.9980541467666626,0.8045645356178284,0.6355108022689819,0.4645000696182251,0.2960163950920105,0.26563385128974915,3.5106706619262695,91.70900241071861,gzcwS02ZB1o/00016,10,1.5
0.9984660148620605,0.6570626497268677,0.0015341341495513916,0.10157449543476105,0.9969319105148315,0.7622191309928894,0.6521274447441101,0.3505510985851288,0.27564769983291626,0.3248303532600403,4.350861072540283,69.99009239016374,gzcwS02ZB1o/00016,11,1.65
0.9992186427116394,0.6130281090736389,0.0007814764976501465,0.10380730032920837,0.9984370470046997,0.7822955846786499,0.6113155484199524,0.5003504753112793,0.31642377376556396,0.2994859218597412,4.005263328552246,97.70304139764022,gzcwS02ZB1o/00016,12,1.7999999999999998
0.615158200263977,0.4160100221633911,0.2426818162202835,0.04601844772696495,0.7433837056159973,0.8516505360603333,0.44591331481933594,0.5854628086090088,0.44921207427978516,3.7700693607330322,3.141960859298706,72.13009363545716,gzcwS02ZB1o/00016,13,1.95
0.7621738314628601,0.7466148734092712,0.14519572257995605,0.03412015736103058,0.8392486572265625,0.8999929428100586,0.6489416360855103,0.5826455950737,0.27535271644592285,3.78886079788208,2.7077581882476807,74.27820572167603,gzcwS02ZB1o/00016,14,2.1
0.6185104250907898,0.7474775314331055,0.2221769392490387,0.023772338405251503,0.7355775237083435,0.8639491200447083,0.5250899195671082,0.4827812910079956,0.32484984397888184,4.534838676452637,3.3796699047088623,59.11446123286931,gzcwS02ZB1o/00016,15,2.25
0.8590430021286011,0.7806287407875061,0.08772969245910645,0.07390374690294266,0.9071291089057922,0.8616728186607361,0.7709850072860718,0.4514402151107788,0.1435874104499817,2.693089246749878,3.3397088050842285,52.6186569815462,gzcwS02ZB1o/00016,22,3.3
0.5291545987129211,0.4473385214805603,0.29728972911834717,0.016697634011507034,0.6880360841751099,0.8639656901359558,0.44731810688972473,0.5611816048622131,0.4473060965538025,3.936323881149292,2.8962082862854004,76.2825345308697,gzcwS02ZB1o/00016,23,3.4499999999999997
0.8359708786010742,0.7643381953239441,0.1020914688706398,0.06186936795711517,0.8882830739021301,0.8816773295402527,0.8008983135223389,0.4450804889202118,0.10961353778839111,2.844357490539551,2.8946220874786377,49.30319364670917,gzcwS02ZB1o/00016,24,3.5999999999999996
0.4479720890522003,0.7513076663017273,0.3437783718109131,0.04304308444261551,0.6272653341293335,0.8874820470809937,0.42323997616767883,0.49805107712745667,0.4110484719276428,4.664401531219482,2.9405064582824707,64.63056615424371,gzcwS02ZB1o/00016,25,3.75
0.5628446936607361,0.3724203407764435,0.2760491967201233,0.02964055724442005,0.707446277141571,0.9065515995025635,0.5418114066123962,0.5605781078338623,0.3479622006416321,3.7939860820770264,2.635495901107788,71.19901583407862,gzcwS02ZB1o/00016,26,3.9
0.6515752673149109,0.6583927869796753,0.21850253641605377,0.07642877846956253,0.7634076476097107,0.9176597595214844,0.768268346786499,0.42762038111686707,0.10577154159545898,3.9037024974823,2.544059991836548,42.35827473117236,gzcwS02ZB1o/00016,27,4.05
0.9979101419448853,0.7808272242546082,0.0020897388458251953,0.051994338631629944,0.9958202838897705,0.8608521819114685,0.7799709439277649,0.34759923815727234,0.16324949264526367,0.44913923740386963,3.663806676864624,68.90630371643883,gzcwS02ZB1o/00018,1,0.15
0.9989819526672363,0.5726785063743591,0.0010180473327636719,0.06741513311862946,0.9979638457298279,0.6739541292190552,0.5696025490760803,0.31140854954719543,0.3001052737236023,0.29076918959617615,5.1890034675598145,64.52403775340574,gzcwS02ZB1o/00018,2,0.3
0.9985089302062988,0.513367772102356,0.0014910399913787842,0.018837440758943558,0.9970179796218872,0.8369796276092529,0.5143218636512756,0.5026025176048279,0.4397016763687134,0.30033302307128906,3.6281747817993164,95.52155245814023,gzcwS02ZB1o/00018,3,0.44999999999999996
0.7157973051071167,0.6505404710769653,0.1875370442867279,0.02331515960395336,0.7014120221138,0.825858473777771,0.6084222793579102,0.3235689401626587,0.2215014100074768,4.431872367858887,3.907982349395752,46.00637392127528,gzcwS02ZB1o/00018,5,0.75
0.6819277405738831,0.6458503603935242,0.20188120007514954,0.10605430603027344,0.7018694281578064,0.7823339700698853,0.6329634785652161,0.28151774406433105,0.1773374080657959,4.319714546203613,4.436675071716309,37.55046911496594,gzcwS02ZB1o/00018,6,0.8999999999999999
0.8104602098464966,0.6656639575958252,0.09849637001752853,0.05937560647726059,0.7791571021080017,0.8842724561691284,0.6805140972137451,0.35816967487335205,0.19336915016174316,3.8571255207061768,3.1324877738952637,49.53046284505117,gzcwS02ZB1o/00018,11,1.65
0.6634124517440796,0.6828137636184692,0.16988959908485413,0.021262360736727715,0.707295835018158,0.9228023886680603,0.671976625919342,0.39235469698905945,0.18765056133270264,4.696177959442139,2.716954231262207,50.38615290704731,gzcwS02ZB1o/00018,12,1.7999999999999998
0.758113443851471,0.8702384829521179,0.14211931824684143,0.034037958830595016,0.7247095704078674,0.9280368089675903,0.7167837023735046,0.3559624254703522,0.13273322582244873,4.454953193664551,2.6159255504608154,42.98050565337482,gzcwS02ZB1o/00018,13,1.95
0.983154833316803,0.6114931702613831,0.03134346753358841,0.04386664927005768,0.9711735248565674,0.9283113479614258,0.6114763617515564,0.7469873428344727,0.3592965602874756,1.5972051620483398,2.195913076400757,139.46454122013225,gzcwS02ZB1o/00019,7,1.05
0.9740710854530334,0.6978543400764465,0.059367548674345016,0.02457045577466488,0.9471337199211121,0.968856692314148,0.7033204436302185,0.7474448680877686,0.2670411467552185,1.79006826877594,1.2535661458969116,121.39633016528262,gzcwS02ZB1o/00019,8,1.2
0.8642727732658386,0.5420013666152954,0.1948413997888565,0.10709398239850998,0.7454586625099182,0.8745384216308594,0.5731590390205383,0.4871041178703308,0.3144714832305908,3.741774797439575,2.889115810394287,62.64045313377069,gzcwS02ZB1o/00024,2,0.3
0.9285522103309631,0.8908063769340515,0.10078166425228119,0.038045696914196014,0.8696688413619995,0.9360432028770447,0.835325300693512,0.4377179443836212,0.08702582120895386,3.0096449851989746,2.394505262374878,50.376693073714094,gzcwS02ZB1o/00024,3,0.44999999999999996
0.9394785761833191,0.6670580506324768,0.09301450103521347,0.09461230039596558,0.8898317813873291,0.7683171629905701,0.6803802847862244,0.37894365191459656,0.1934143304824829,2.602229118347168,4.2860636711120605,49.84025383807495,gzcwS02ZB1o/00024,15,2.25
0.7963632941246033,0.631866455078125,0.20325833559036255,0.10630346834659576,0.6948784589767456,0.8233785629272461,0.6706022620201111,0.26680701971054077,0.1538703441619873,5.02521276473999,3.931312322616577,36.024026528054506,gzcwS02ZB1o/00024,16,2.4
0.8107829093933105,0.4239537715911865,0.22571371495723724,0.02623526006937027,0.7005094885826111,0.6811660528182983,0.4328792691230774,0.33742696046829224,0.3769306540489197,4.178213119506836,4.820399284362793,45.94521886940288,gzcwS02ZB1o/00024,17,2.55
0.8641908764839172,0.7676054239273071,0.12592746317386627,0.051714006811380386,0.7705375552177429,0.8053281903266907,0.7132291197776794,0.21501806378364563,0.12296885251998901,4.172492027282715,4.0318284034729,34.41331381642903,gzcwS02ZB1o/00024,18,2.6999999999999997
0.9993411302566528,0.8603903651237488,0.0004058999184053391,0.01786368526518345,0.9996055364608765,0.9762093424797058,0.8620976209640503,0.8621290326118469,0.128423810005188,0.16476888954639435,1.3356341123580933,181.44065677851978,gzcwS02ZB1o/00026,1,0.15
0.9987327456474304,0.5349121689796448,0.0007462624344043434,0.011015502735972404,0.9990745782852173,0.9779472351074219,0.5329726338386536,0.8970189094543457,0.4614291787147522,0.23112700879573822,1.3891630172729492,309.22545850737765,gzcwS02ZB1o/00026,2,0.3
0.9877604246139526,0.6251966953277588,0.007506110239773989,0.018365982919931412,0.9907069206237793,0.9319028258323669,0.6163733601570129,0.7871593832969666,0.3597983121871948,0.8700464367866516,2.037421464920044,163.37035908936687,gzcwS02ZB1o/00026,3,0.44999999999999996
0.9997795820236206,0.4915224015712738,0.00011255026765866205,0.026223953813314438,0.9998458623886108,0.939172089099884,0.49535927176475525,0.813856303691864,0.49253636598587036,0.08415798097848892,2.1459221839904785,180.9396864967356,gzcwS02ZB1o/00026,4,0.6
0.9999297857284546,0.4058813154697418,7.015466690063477e-05,0.05557343736290932,0.9998597502708435,0.905517041683197,0.40578845143318176,0.7012154459953308,0.5785996913909912,0.06695426255464554,2.8226611614227295,158.45231462845948,gzcwS02ZB1o/00027,4,0.6
0.9989646673202515,0.5597537755966187,0.001035541296005249,0.010684549808502197,0.9979292750358582,0.8321011066436768,0.561587929725647,0.5220965147018433,0.3832406997680664,0.2375049591064453,3.726806402206421,93.26992091677941,gzcwS02ZB1o/00027,5,0.75
0.9989880919456482,0.752417266368866,0.0010119080543518066,0.03909871354699135,0.9979762434959412,0.8360729217529297,0.7538951635360718,0.40569421648979187,0.17307603359222412,0.3023933172225952,3.9517059326171875,73.44139793746875,gzcwS02ZB1o/00027,6,0.8999999999999999
0.999079704284668,0.40082427859306335,0.0009202361106872559,0.07658443599939346,0.9981597065925598,0.7048051357269287,0.39804327487945557,0.5108693242073059,0.5380423665046692,0.24083280563354492,4.724464416503906,86.36493048072626,gzcwS02ZB1o/00027,7,1.05
0.9983435273170471,0.46580737829208374,0.0016562342643737793,0.04165326803922653,0.9966874122619629,0.9611455202102661,0.4661225974559784,0.8086133003234863,0.5228821635246277,0.32675647735595703,1.5628812313079834,262.766834266526,gzcwS02ZB1o/00027,8,1.2
0.7530460357666016,0.8249209523200989,0.17256119847297668,0.013283814303576946,0.7873634099960327,0.991408109664917,0.7503543496131897,0.601097822189331,0.1596297025680542,3.942819833755493,0.8568131327629089,65.00495712071881,gzcwS02ZB1o/00027,14,2.1
0.8161309361457825,0.3204990029335022,0.124301478266716,0.013623537495732307,0.8236340284347534,0.9978615045547485,0.48665061593055725,0.7504300475120544,0.4743225574493408,3.7747669219970703,0.3387753367424011,106.62818835926406,gzcwS02ZB1o/00027,15,2.25
0.6644853353500366,0.7900384664535522,0.22541671991348267,0.00307392212562263,0.7300919890403748,0.9995283484458923,0.7894538044929504,0.596104621887207,0.09178411960601807,4.595914363861084,0.1908581405878067,46.4529087166833,gzcwS02ZB1o/00027,16,2.4
0.9266629815101624,0.7372544407844543,0.11605077236890793,0.01770688407123089,0.8618872761726379,0.9501093626022339,0.7411929368972778,0.6055659055709839,0.1859806776046753,3.181710720062256,2.1058404445648193,64.25422750924164,h0dSQDgl3gI/00001,10,1.5
0.977047324180603,0.6228001117706299,0.0429135262966156,0.003684801748022437,0.9565178751945496,0.8405956625938416,0.6302424669265747,0.6225218176841736,0.29521894454956055,1.4582635164260864,3.235522747039795,79.61798089093877,h0dSQDgl3gI/00001,11,1.65
0.9940802454948425,0.6077404618263245,0.007548382505774498,0.0314100980758667,0.9914689660072327,0.798297643661499,0.610092043876648,0.6425299644470215,0.31109297275543213,0.7295066714286804,3.9745941162109375,81.98845377414645,h0dSQDgl3gI/00001,12,1.7999999999999998
0.9569512009620667,0.6532871127128601,0.04304879903793335,0.03145182877779007,0.913902223110199,0.7752573490142822,0.6687691807746887,0.24567514657974243,0.23049330711364746,1.6602511405944824,4.412555694580078,54.77366446520312,h0dSQDgl3gI/00001,15,2.25
0.8975288271903992,0.7609760165214539,0.10247129201889038,0.06739327311515808,0.7950575947761536,0.840952455997467,0.7241080403327942,0.3789480924606323,0.17466211318969727,3.2259230613708496,3.5666327476501465,54.38237111097481,h0dSQDgl3gI/00001,16,2.4
0.9788352847099304,0.8332686424255371,0.04920867085456848,0.08548914641141891,0.9611241221427917,0.858565092086792,0.8207051753997803,0.5027167797088623,0.10020065307617188,1.611720323562622,3.2469279766082764,51.116131508133435,h0dSQDgl3gI/00002,3,0.44999999999999996
0.991284966468811,0.473788321018219,0.016679678112268448,0.049950990825891495,0.9848088026046753,0.759579062461853,0.4765803813934326,0.6037622094154358,0.43423354625701904,0.8495731353759766,3.933957576751709,80.04509128064794,h0dSQDgl3gI/00002,4,0.6
0.9740594625473022,0.6631631255149841,0.05599915608763695,0.03894748166203499,0.9482514262199402,0.8824771642684937,0.6666488647460938,0.5853066444396973,0.27342188358306885,1.6817288398742676,2.789729356765747,83.63082323882999,h0dSQDgl3gI/00002,5,0.75
0.994753360748291,0.717915415763855,0.008931315504014492,0.0847974419593811,0.9917690753936768,0.8399502038955688,0.7298781871795654,0.5783836245536804,0.20923364162445068,0.7090766429901123,3.458124876022339,71.94693614661368,h0dSQDgl3gI/00002,6,0.8999999999999999
0.9166658520698547,0.36553651094436646,0.20246067643165588,0.10812759399414062,0.8367325067520142,0.91166090965271,0.41308367252349854,0.6677050590515137,0.527564525604248,3.106689453125,2.7970030307769775,110.13418117788501,h0dSQDgl3gI/00002,21,3.15
0.9270448684692383,0.7980715036392212,0.1588432639837265,0.02623233199119568,0.8619270324707031,0.9145914912223816,0.7510162591934204,0.563559889793396,0.16573107242584229,3.1867191791534424,2.8716087341308594,64.028194002479,h0dSQDgl3gI/00002,22,3.3
0.9460546374320984,0.5059226751327515,0.12570016086101532,0.02245081216096878,0.89552241563797,0.9387337565422058,0.5214414596557617,0.6953927278518677,0.4335603713989258,2.3150455951690674,2.400221347808838,118.49039097155928,h0dSQDgl3gI/00002,23,3.4499999999999997
0.9229543805122375,0.48444461822509766,0.1847047209739685,0.008748696185648441,0.8452709913253784,0.9336935877799988,0.515044629573822,0.6617118716239929,0.40087950229644775,3.1451990604400635,2.2478721141815186,90.3084597860142,h0dSQDgl3gI/00002,24,3.5999999999999996
0.9657114744186401,0.9042540788650513,0.07490939646959305,0.047188665717840195,0.9348635077476501,0.9188826084136963,0.8852864503860474,0.39635321497917175,0.05354493856430054,2.0656943321228027,2.722634792327881,43.12478596396734,h0dSQDgl3gI/00002,25,3.75
0.998163104057312,0.9409666061401367,0.0009299088269472122,0.007319259457290173,0.9988563060760498,0.9877034425735474,0.9453963041305542,0.7766522169113159,0.0487140417098999,0.3172959089279175,1.0503612756729126,146.85992230981367,h0dSQDgl3gI/00003,1,0.15
0.9981139898300171,0.7026508450508118,0.0011706601362675428,0.005499386228621006,0.9988878965377808,0.9965418577194214,0.7051688432693481,0.9418010711669922,0.2933388948440552,0.2881355285644531,0.5130745768547058,584.9984941726055,h0dSQDgl3gI/00003,2,0.3
0.9992167353630066,0.3530651926994324,0.0004930283757857978,0.001946783158928156,0.9995294213294983,0.9995330572128296,0.3520675599575043,0.9818850159645081,0.6477851867675781,0.16029231250286102,0.16924552619457245,1939.832613682688,h0dSQDgl3gI/00003,3,0.44999999999999996
0.9984562993049622,0.6016583442687988,0.0009759829263202846,0.010277684777975082,0.9989627599716187,0.9794624447822571,0.6047497391700745,0.9109207391738892,0.38979876041412354,0.22790466248989105,1.207443356513977,328.1548799125416,h0dSQDgl3gI/00003,4,0.6
0.9916320443153381,0.5303599834442139,0.009098535403609276,0.07332640141248703,0.9916257262229919,0.9576796889305115,0.5430111885070801,0.850692868232727,0.44324004650115967,0.8206431269645691,2.006572723388672,217.8876110141956,h0dSQDgl3gI/00003,5,0.75
0.9975870251655579,0.6276835203170776,0.0017465002601966262,0.004685745574533939,0.9982287287712097,0.9279443621635437,0.6280408501625061,0.8288910388946533,0.3457728624343872,0.28627485036849976,2.2597808837890625,151.38133333298526,h0dSQDgl3gI/00003,6,0.8999999999999999
0.9983481764793396,0.5058833956718445,0.0011776667088270187,0.02753533236682415,0.9984576106071472,0.9186293482780457,0.5035567283630371,0.8666591048240662,0.4736946225166321,0.3390935957431793,2.0936057567596436,216.20076145902368,h0dSQDgl3gI/00003,7,1.05
0.9994294047355652,0.40974754095077515,0.0003169405390508473,0.041252702474594116,0.9994260668754578,0.929582953453064,0.40433409810066223,0.8590162992477417,0.5821535885334015,0.16394710540771484,2.263693332672119,210.25840752998855,h0dSQDgl3gI/00003,8,1.2
0.9970081448554993,0.5056132078170776,0.0022648870944976807,0.022672099992632866,0.9978599548339844,0.9339286088943481,0.5149315595626831,0.8652690649032593,0.4674363136291504,0.4429844319820404,2.211846113204956,232.1825021580021,h0dSQDgl3gI/00003,9,1.3499999999999999
0.9959970116615295,0.4513515532016754,0.003041922813281417,0.13948456943035126,0.9973911046981812,0.9029308557510376,0.45638689398765564,0.815361738204956,0.5240894556045532,0.3948007822036743,2.421184778213501,194.62876459312827,h0dSQDgl3gI/00003,10,1.5
0.9981166124343872,0.5567938089370728,0.0013528168201446533,0.08272199332714081,0.9986095428466797,0.9309044480323792,0.5603523850440979,0.8429256081581116,0.42191779613494873,0.23151293396949768,1.961216926574707,184.68577550238192,h0dSQDgl3gI/00003,11,1.65
0.9956288933753967,0.7413307428359985,0.002760915085673332,0.004267738200724125,0.9970032572746277,0.9951085448265076,0.7450519800186157,0.904537558555603,0.2522904872894287,0.4890599250793457,0.6487417817115784,406.48973856826217,h0dSQDgl3gI/00003,17,2.55
0.9975799918174744,0.770270586013794,0.001479910220950842,0.004647217225283384,0.9984642267227173,0.9964509606361389,0.7731171250343323,0.9248106479644775,0.22513103485107422,0.36593520641326904,0.5606610774993896,502.6343888747229,h0dSQDgl3gI/00003,18,2.6999999999999997
0.9931543469429016,0.2703295052051544,0.004040800966322422,0.004965964704751968,0.9956380128860474,0.9982568621635437,0.290325790643692,0.956881582736969,0.7089248299598694,0.42142024636268616,0.40310198068618774,852.6695508143775,h0dSQDgl3gI/00003,19,2.85
0.9977447390556335,0.7234492301940918,0.0011563316220417619,0.001422471716068685,0.9983932971954346,0.9994287490844727,0.7364770174026489,0.9542434811592102,0.26278626918792725,0.30036744475364685,0.19146904349327087,789.2160506305371,h0dSQDgl3gI/00003,20,3.0
0.9982085824012756,0.49974310398101807,0.0011221591848880053,0.041612908244132996,0.9987120628356934,0.9271498322486877,0.5119805932044983,0.8191178441047668,0.470003604888916,0.25969189405441284,2.5812692642211914,171.24359791765633,h0dSQDgl3gI/00004,3,0.44999999999999996
0.9991926550865173,0.7381821274757385,0.0005024080164730549,0.009761650115251541,0.9994333982467651,0.9268203377723694,0.740504264831543,0.8210515379905701,0.23395854234695435,0.2251623123884201,2.376861810684204,152.2557713349719,h0dSQDgl3gI/00004,4,0.6
0.9978398680686951,0.8658850789070129,0.0011915038339793682,0.004668085835874081,0.998197078704834,0.9624443054199219,0.8762719035148621,0.7283996939659119,0.10882103443145752,0.37114953994750977,1.7418160438537598,123.29714479109987,h0dSQDgl3gI/00004,5,0.75
0.9958856701850891,0.7365528345108032,0.002148348605260253,0.013802696950733662,0.9971572160720825,0.9503805041313171,0.7325442433357239,0.7719860076904297,0.251387357711792,0.430058091878891,2.0705409049987793,155.3953488639583,h0dSQDgl3gI/00004,10,1.5
0.9968196749687195,0.6827743053436279,0.0018997231964021921,0.015670180320739746,0.9979988932609558,0.9802519679069519,0.7008654475212097,0.8605173230171204,0.293033242225647,0.33824700117111206,1.3261903524398804,258.4918821393327,h0dSQDgl3gI/00004,11,1.65
0.9975221753120422,0.45710301399230957,0.001559164491482079,0.011787301860749722,0.9984148144721985,0.8946873545646667,0.47842174768447876,0.8309272527694702,0.49855172634124756,0.37488555908203125,2.4489123821258545,189.20658606257408,h0dSQDgl3gI/00004,15,2.25
0.9997170567512512,0.5434002876281738,0.00017576308164279908,0.015576384030282497,0.9997881650924683,0.9625948667526245,0.5431662201881409,0.8662635684013367,0.4476526379585266,0.09998034685850143,1.3014366626739502,252.48473422719943,h0dSQDgl3gI/00004,16,2.4
0.9925445914268494,0.5103142857551575,0.004412031266838312,0.02968830056488514,0.9938581585884094,0.9268487095832825,0.5146656632423401,0.8441720604896545,0.4655054807662964,0.7289742827415466,1.8975547552108765,222.27837124147973,h0dSQDgl3gI/00004,17,2.55
0.986876904964447,0.8505803346633911,0.011904973536729813,0.04313503950834274,0.9787837266921997,0.9321606755256653,0.8493644595146179,0.6686123013496399,0.11668765544891357,1.3266760110855103,2.181718587875366,89.4951026701414,h0dSQDgl3gI/00004,18,2.6999999999999997
0.9983927011489868,0.8189538717269897,0.0009782572742551565,0.009112534113228321,0.9990017414093018,0.9725884199142456,0.8192715644836426,0.8329097032546997,0.1695980429649353,0.297024667263031,1.5076186656951904,184.29680732195413,h0dSQDgl3gI/00005,2,0.3
0.9997368454933167,0.42784613370895386,0.00015778455417603254,0.013508151285350323,0.9997924566268921,0.9844082593917847,0.4260255694389343,0.9317261576652527,0.5711608827114105,0.1056663915514946,0.8210552334785461,486.14201251911845,h0dSQDgl3gI/00005,3,0.44999999999999996
0.9910441637039185,0.6155456900596619,0.008955806493759155,0.02957599051296711,0.9820883274078369,0.7592522501945496,0.6141510605812073,0.45871150493621826,0.2888273000717163,0.948660671710968,4.157675743103027,85.51334514611784,h0dSQDgl3gI/00005,4,0.6
0.9993629455566406,0.6809467077255249,0.000637054443359375,0.06654948741197586,0.9987258911132812,0.8084308505058289,0.6798567175865173,0.44462350010871887,0.24527543783187866,0.22387778759002686,3.6330032348632812,86.40581944025251,h0dSQDgl3gI/00005,5,0.75
0.7579343914985657,0.6079277992248535,0.15249012410640717,0.019571073353290558,0.8393089771270752,0.9469090700149536,0.7338570952415466,0.601826548576355,0.1877046823501587,3.2025558948516846,1.79662024974823,69.61924405097224,h0dSQDgl3gI/00005,6,0.8999999999999999
0.9963990449905396,0.621736466884613,0.0021456631366163492,0.0010159492958337069,0.997686505317688,0.9988852739334106,0.615040123462677,0.9565297365188599,0.38404202461242676,0.3651832044124603,0.2673605680465698,770.1177640287124,h0dSQDgl3gI/00006,3,0.44999999999999996
0.9978913068771362,0.7656650543212891,0.001332818646915257,0.0012894868850708008,0.9985370635986328,0.9988065958023071,0.755999743938446,0.9522928595542908,0.24309325218200684,0.3349494934082031,0.28034359216690063,708.1760121861741,h0dSQDgl3gI/00006,4,0.6
0.9966901540756226,0.7716230154037476,0.0020916559733450413,0.006694197654724121,0.9978300929069519,0.9988999962806702,0.7763091325759888,0.9466922879219055,0.22253644466400146,0.43432852625846863,0.2785254120826721,627.5551059170532,h0dSQDgl3gI/00006,5,0.75
0.9423901438713074,0.8965780138969421,0.07326944172382355,0.0048804995603859425,0.9000064134597778,0.9990316033363342,0.8891649842262268,0.6375035643577576,0.0693807601928711,2.9221081733703613,0.30928149819374084,62.81844202785062,h0dSQDgl3gI/00006,21,3.15
0.9734426140785217,0.499108225107193,0.03440655395388603,0.004614831879734993,0.9557647705078125,0.9937580823898315,0.5014376640319824,0.8480055332183838,0.4872315526008606,1.9195274114608765,0.5689401030540466,202.90386734172614,h0dSQDgl3gI/00006,22,3.3
0.9306368231773376,0.6134449243545532,0.11495258659124374,0.0029560718685388565,0.877479076385498,0.9833589196205139,0.5891826748847961,0.7614447474479675,0.37247759103775024,3.154796600341797,0.7915356159210205,109.33822482224194,h0dSQDgl3gI/00006,23,3.4499999999999997
0.9927569031715393,0.5385888814926147,0.004572829231619835,0.0036122826859354973,0.9953829646110535,0.9985949993133545,0.5250940918922424,0.9494050145149231,0.473455548286438,0.446355938911438,0.30964258313179016,710.0432587580287,h0dSQDgl3gI/00006,37,5.55
0.9891802668571472,0.7549278140068054,0.006665164139121771,0.001217014854773879,0.9922972321510315,0.9990043044090271,0.7627902626991272,0.9182544350624084,0.23433345556259155,0.7525627613067627,0.30241042375564575,396.50066695606995,h0dSQDgl3gI/00006,38,5.7
0.9981697201728821,0.8640928268432617,0.0010521132498979568,0.07561670988798141,0.9987455010414124,0.9308854937553406,0.8699297904968262,0.7580413222312927,0.10104715824127197,0.3176545798778534,2.1799042224884033,106.26719032932846,h0dSQDgl3gI/00008,17,2.55
0.9993135333061218,0.4596506953239441,0.0004197464440949261,0.008636494167149067,0.9995731115341187,0.9350922703742981,0.45937618613243103,0.8770038485527039,0.5244288444519043,0.13450312614440918,2.1043124198913574,190.4940206413657,h0dSQDgl3gI/00008,18,2.6999999999999997
0.9991588592529297,0.44539541006088257,0.00042696119635365903,0.06025832146406174,0.999345064163208,0.924959659576416,0.4479660093784332,0.8772663474082947,0.5354553163051605,0.21645618975162506,2.1728508472442627,231.9470959568387,h0dSQDgl3gI/00008,19,2.85
0.9997438788414001,0.511754035949707,0.00012651600991375744,0.016775058582425117,0.9997808337211609,0.9736639261245728,0.5154088735580444,0.9156064391136169,0.4783276319503784,0.094825878739357,1.4974995851516724,300.404010646104,h0dSQDgl3gI/00008,20,3.0
0.9978017210960388,0.5893008708953857,0.0009104376658797264,0.00493979174643755,0.9974287152290344,0.9993127584457397,0.5849939584732056,0.9578202366828918,0.41414618492126465,0.4493005871772766,0.17764297127723694,794.7843637435542,h0dSQDgl3gI/00008,21,3.15
0.9946503043174744,0.6811771392822266,0.0033274218440055847,0.0013226917944848537,0.9966994524002075,0.9996559023857117,0.675359308719635,0.954321563243866,0.32354414463043213,0.47431546449661255,0.14111313223838806,702.4411103786209,h0dSQDgl3gI/00008,22,3.3
0.994450569152832,0.3784027397632599,0.0033616097643971443,0.002529609017074108,0.996280312538147,0.9967856407165527,0.39340338110923767,0.9478771090507507,0.6053906083106995,0.424403578042984,0.40945377945899963,707.2491688186632,h0dSQDgl3gI/00008,45,6.75
0.988014817237854,0.7817273139953613,0.007562525570392609,0.005803743377327919,0.9920746684074402,0.9942311644554138,0.7575424313545227,0.8873509168624878,0.23785942792892456,0.7265979647636414,0.6006069183349609,301.56952972190464,h0dSQDgl3gI/00008,46,6.8999999999999995
0.970501720905304,0.7654987573623657,0.018650216981768608,0.00137496052775532,0.9796057939529419,0.993577241897583,0.7165747284889221,0.8651395440101624,0.27506959438323975,1.3494449853897095,0.7647684216499329,243.98185355957636,h0dSQDgl3gI/00008,47,7.05
0.9866796135902405,0.5539125204086304,0.008406737819314003,0.004892072640359402,0.9912465214729309,0.9972769021987915,0.5735844373703003,0.9263089895248413,0.4236447811126709,0.7604562044143677,0.44865769147872925,453.68934733636246,h0dSQDgl3gI/00008,48,7.199999999999999
0.9963498711585999,0.49547165632247925,0.0022415057756006718,0.012462797574698925,0.9970202445983887,0.9976987838745117,0.48114025592803955,0.9513322114944458,0.5178139805793762,0.4675072133541107,0.3704588711261749,724.1407180187217,h0dSQDgl3gI/00008,49,7.35
0.9968319535255432,0.6313086748123169,0.0019989926367998123,0.003769445465877652,0.9978663325309753,0.9952340722084045,0.6287887096405029,0.9340993165969849,0.36927634477615356,0.3650888502597809,0.5164416432380676,559.02781155486,h0dSQDgl3gI/00008,60,9.0
0.9861422777175903,0.6360376477241516,0.008693847805261612,0.0014086142182350159,0.9913328886032104,0.9983775019645691,0.6634296178817749,0.9259280562400818,0.3335110545158386,0.6806656718254089,0.28370189666748047,453.168955530474,h0dSQDgl3gI/00008,61,9.15
0.9254398941993713,0.7899495959281921,0.13479699194431305,0.002390623092651367,0.8629825711250305,0.99927818775177,0.7701761722564697,0.7563992738723755,0.18019938468933105,3.2009589672088623,0.23361428081989288,86.0784252758282,h0dSQDgl3gI/00010,4,0.6
0.8944209218025208,0.6402971744537354,0.20674657821655273,0.0012047766940668225,0.7976508736610413,0.9995574951171875,0.6426527500152588,0.7749423384666443,0.28439462184906006,3.8005237579345703,0.16973784565925598,89.12488761578959,h0dSQDgl3gI/00010,5,0.75
0.9414617419242859,0.35345658659935,0.10260200500488281,0.0031547783873975277,0.895899772644043,0.9994028806686401,0.3516506254673004,0.8554250001907349,0.6294693946838379,2.8909664154052734,0.17279231548309326,161.0449205068694,h0dSQDgl3gI/00010,6,0.8999999999999999
0.9394745826721191,0.4787706434726715,0.12735077738761902,0.0002888202725443989,0.8816847205162048,0.9985989332199097,0.5173014402389526,0.8279874920845032,0.43567800521850586,2.770857810974121,0.28195759654045105,132.98612074907828,h0dSQDgl3gI/00010,7,1.05
0.9298350811004639,0.6488146781921387,0.1446961611509323,0.06275424361228943,0.8647757172584534,0.8983941674232483,0.6800356507301331,0.5719497203826904,0.2254285216331482,3.094182014465332,2.9841983318328857,66.45334358322282,h0dSQDgl3gI/00010,29,4.35
0.9102974534034729,0.5971697568893433,0.18659208714962006,0.06598777323961258,0.8269590735435486,0.8687517642974854,0.5912900567054749,0.5779693126678467,0.3012540340423584,3.347456455230713,3.106630325317383,61.25231203301651,h0dSQDgl3gI/00010,30,4.5
0.9842996597290039,0.5260008573532104,0.017159679904580116,0.1095476895570755,0.972134530544281,0.8761346340179443,0.531478762626648,0.6698060631752014,0.4067404270172119,1.5332993268966675,3.037140130996704,114.82587401325472,h0dSQDgl3gI/00010,31,4.6499999999999995
0.998286247253418,0.6876978278160095,0.0009803582215681672,0.04816489294171333,0.9986178874969482,0.7810943126678467,0.6895138025283813,0.5604300498962402,0.22859537601470947,0.34761667251586914,4.057238578796387,74.90761428288558,h0dSQDgl3gI/00011,3,0.44999999999999996
0.9937615990638733,0.7167761921882629,0.003953608684241772,0.11129660904407501,0.9956936836242676,0.7352266311645508,0.7014032602310181,0.43846234679222107,0.2005857229232788,0.5328640341758728,4.457382678985596,54.080642331389335,h0dSQDgl3gI/00011,4,0.6
0.9990938901901245,0.7022387981414795,0.000515109917614609,0.09159602969884872,0.9993506669998169,0.7796944975852966,0.7051594853401184,0.48302972316741943,0.21644097566604614,0.21128930151462555,4.3532819747924805,62.183377761631526,h0dSQDgl3gI/00011,10,1.5
0.9987938404083252,0.5126615762710571,0.0012063980102539062,0.12891936302185059,0.9975876808166504,0.6802701950073242,0.5113347768783569,0.3310616612434387,0.38659799098968506,0.33766084909439087,4.995632648468018,74.7251215493495,h0dSQDgl3gI/00011,11,1.65
0.8941600322723389,0.8686596155166626,0.13156768679618835,0.002040552906692028,0.8231435418128967,0.9981536865234375,0.8467391729354858,0.3854578733444214,0.07010573148727417,3.770062208175659,0.3754637837409973,47.471082807121554,h0dSQDgl3gI/00011,12,1.7999999999999998
0.7394146919250488,0.5816729664802551,0.1618363857269287,0.03972861170768738,0.8326590657234192,0.7889333963394165,0.7320719957351685,0.2918205261230469,0.1219627857208252,3.011284828186035,4.138716220855713,38.009571416049624,h0dSQDgl3gI/00011,13,1.95
0.7476778030395508,0.5836179852485657,0.13601668179035187,0.045670896768569946,0.8403587341308594,0.7467458844184875,0.6676313877105713,0.3707873225212097,0.18688350915908813,2.6814541816711426,4.056421279907227,47.14584046251784,h0dSQDgl3gI/00011,14,2.1
0.787193775177002,0.49931710958480835,0.13140520453453064,0.11465480923652649,0.8610456585884094,0.6318350434303284,0.5197583436965942,0.3593742549419403,0.31269848346710205,2.880207061767578,5.00273323059082,50.93700509101622,h0dSQDgl3gI/00011,15,2.25
0.77084881067276,0.5851221680641174,0.13727767765522003,0.0906214565038681,0.8596928119659424,0.7002467513084412,0.6205031871795654,0.3324684500694275,0.21919941902160645,2.67618727684021,4.55766487121582,42.28368360810987,h0dSQDgl3gI/00011,16,2.4
0.9217086434364319,0.9253071546554565,0.09616433084011078,0.00033595561399124563,0.8637000322341919,0.9996711015701294,0.8718817830085754,0.6019875407218933,0.073081374168396,3.178497791290283,0.15696775913238525,50.43211153885894,h0dSQDgl3gI/00014,3,0.44999999999999996
0.8088895678520203,0.4261203408241272,0.26305723190307617,0.008219706825911999,0.6967504024505615,0.9989694952964783,0.5279607176780701,0.7051652073860168,0.3532925248146057,4.581474304199219,0.2943638861179352,85.21419733467833,h0dSQDgl3gI/00014,4,0.6
0.823777973651886,0.4001076817512512,0.24386078119277954,0.0022923946380615234,0.7179968953132629,0.9995818138122559,0.4931665062904358,0.710105299949646,0.402729868888855,4.490509033203125,0.15995360910892487,79.53210844387489,h0dSQDgl3gI/00014,5,0.75
0.8837140202522278,0.48138704895973206,0.16203337907791138,0.0003016784612555057,0.8033186793327332,0.9995121359825134,0.4645519256591797,0.7558422088623047,0.49374186992645264,3.8235085010528564,0.1518065482378006,102.89559032198311,h0dSQDgl3gI/00014,6,0.8999999999999999
0.8339620232582092,0.6123030781745911,0.19056782126426697,0.03263252228498459,0.752435564994812,0.8986942768096924,0.6809067726135254,0.511853039264679,0.17797523736953735,4.424967288970947,2.710742235183716,49.72838953590393,h0dSQDgl3gI/00014,7,1.05
0.8221362233161926,0.5985018610954285,0.2524217665195465,0.007053769193589687,0.7105648517608643,0.9719197750091553,0.5392352938652039,0.6159389019012451,0.3725275993347168,4.551427364349365,1.1856052875518799,67.957187138972,h0dSQDgl3gI/00014,8,1.2
0.8362040519714355,0.5677849054336548,0.23382867872714996,0.00810674112290144,0.7340880632400513,0.974270224571228,0.545113205909729,0.6381644010543823,0.3700823187828064,4.265953540802002,1.2663856744766235,74.5824073997979,h0dSQDgl3gI/00014,9,1.3499999999999999
0.865497887134552,0.6082143187522888,0.19866594672203064,0.061313446611166,0.7789241075515747,0.8717395067214966,0.5864400863647461,0.5085764527320862,0.29551446437835693,3.6789562702178955,2.6447994709014893,56.34251885415161,h0dSQDgl3gI/00014,10,1.5
0.8788143992424011,0.6932259798049927,0.13993804156780243,0.03318590670824051,0.8108973503112793,0.9428861141204834,0.6983810663223267,0.5291635990142822,0.21080154180526733,3.790381908416748,1.860209345817566,57.58666307644367,h0dSQDgl3gI/00014,11,1.65
0.9997624754905701,0.6236481070518494,0.00023764371871948242,0.08543336391448975,0.9995248317718506,0.7008293271064758,0.6230403780937195,0.2496735155582428,0.26900869607925415,0.12081525474786758,4.579639434814453,56.12013787272346,h0dSQDgl3gI/00015,6,0.8999999999999999
0.998802125453949,0.6634111404418945,0.001198112964630127,0.05223929509520531,0.9976041316986084,0.7344014048576355,0.6673774719238281,0.2912195920944214,0.22953689098358154,0.31519803404808044,4.280975341796875,66.23957593670748,h0dSQDgl3gI/00015,7,1.05
0.7492847442626953,0.638226330280304,0.17730160057544708,0.08456919342279434,0.7030807733535767,0.7609187364578247,0.6419267058372498,0.20642989873886108,0.16891789436340332,4.076446533203125,4.189670562744141,36.06439376949793,h0dSQDgl3gI/00015,9,1.3499999999999999
0.7780582308769226,0.6901677846908569,0.19435155391693115,0.08750776946544647,0.703811526298523,0.7150284051895142,0.6608172059059143,0.1420983076095581,0.11063206195831299,4.566775798797607,4.436178207397461,27.569614355682372,h0dSQDgl3gI/00015,10,1.5
0.6478165984153748,0.5278791785240173,0.2531704306602478,0.0777951031923294,0.6089233756065369,0.7488676905632019,0.6324353814125061,0.14317406713962555,0.11400061845779419,5.197010040283203,4.283133506774902,25.55344721370858,h0dSQDgl3gI/00015,11,1.65
0.7156892418861389,0.5939339399337769,0.20158618688583374,0.03246825560927391,0.6259488463401794,0.6679323315620422,0.6107157468795776,0.10509954392910004,0.11603254079818726,4.6913371086120605,5.025765895843506,25.123756001430593,h0dSQDgl3gI/00015,12,1.7999999999999998
0.7529720664024353,0.7430185675621033,0.18668681383132935,0.09906714409589767,0.6603323817253113,0.7821721434593201,0.6901683807373047,0.11833608150482178,0.08309447765350342,4.627992630004883,4.191658973693848,24.9321052371384,h0dSQDgl3gI/00015,13,1.95
0.7324829697608948,0.7570607662200928,0.19547687470912933,0.09960969537496567,0.6231220960617065,0.7656940221786499,0.6545392274856567,0.14818890392780304,0.10542523860931396,4.665050029754639,4.136523246765137,27.92465315958131,h27g5iT0tck/00008,13,1.95
0.9158698916435242,0.4947150945663452,0.0713997632265091,0.04979308322072029,0.8772829174995422,0.7542768716812134,0.5513999462127686,0.42468416690826416,0.3371009826660156,2.7318408489227295,4.482019901275635,60.01027355074502,h27g5iT0tck/00008,14,2.1
0.8033552765846252,0.4846908152103424,0.15025845170021057,0.10829494893550873,0.7323867082595825,0.7813872694969177,0.5386753678321838,0.3821801245212555,0.3179250955581665,4.113979339599609,3.4168529510498047,52.04359758968694,h27g5iT0tck/00008,15,2.25
0.7519593834877014,0.3692115545272827,0.2182624489068985,0.041311878710985184,0.6486445665359497,0.793981671333313,0.5010530948638916,0.34612762928009033,0.3079564571380615,4.341053009033203,3.4838531017303467,47.4741669676508,h27g5iT0tck/00008,16,2.4
0.988196074962616,0.83940190076828,0.007445100229233503,0.07813166826963425,0.9924056529998779,0.869636595249176,0.835811972618103,0.5447714328765869,0.10601472854614258,0.7898090481758118,3.0742783546447754,65.05027680142244,h27g5iT0tck/00023,12,1.7999999999999998
0.9987166523933411,0.5564756989479065,0.0007512698648497462,0.1074574738740921,0.9991341829299927,0.7839674949645996,0.5644726157188416,0.6067631244659424,0.38886165618896484,0.20429949462413788,4.172567367553711,86.44965707063682,h27g5iT0tck/00023,13,1.95
0.9971508383750916,0.4809490144252777,0.0012661254731938243,0.08337203413248062,0.9974194765090942,0.842748761177063,0.4807520806789398,0.7295196056365967,0.4581817388534546,0.3712939918041229,3.158083200454712,118.00961673265195,h27g5iT0tck/00023,14,2.1
0.9986851811408997,0.5088615417480469,0.0008078282698988914,0.03502636030316353,0.9989816546440125,0.7421184778213501,0.5113175511360168,0.6030842661857605,0.4126583933830261,0.20552386343479156,4.2589521408081055,74.36838088936749,h27g5iT0tck/00023,15,2.25
0.9905245900154114,0.7103759050369263,0.020295612514019012,0.016426678746938705,0.9829028844833374,0.8531110286712646,0.7090262770652771,0.5299663543701172,0.23415398597717285,1.0287584066390991,3.5396180152893066,75.09419150717358,h27g5iT0tck/00024,4,0.6
0.9596318602561951,0.7704169154167175,0.09765324741601944,0.036264870315790176,0.9195829033851624,0.8791280388832092,0.7612794041633606,0.4810125231742859,0.16329646110534668,2.3251731395721436,2.9902381896972656,60.10296720836453,h27g5iT0tck/00024,5,0.75
0.980216383934021,0.6562191247940063,0.040587473660707474,0.04892333224415779,0.9605156779289246,0.7436835169792175,0.6610651612281799,0.38468340039253235,0.23202931880950928,1.6015129089355469,4.34764289855957,53.62609062186788,h27g5iT0tck/00024,6,0.8999999999999999
0.9567062258720398,0.6046977043151855,0.07026540488004684,0.050114043056964874,0.9235935211181641,0.9015466570854187,0.619606077671051,0.6085984110832214,0.32505273818969727,2.045583963394165,2.9356484413146973,86.7196216695776,h27g5iT0tck/00031,9,1.3499999999999999
0.9450375437736511,0.7290887236595154,0.07378233224153519,0.042372927069664,0.8936126232147217,0.9148696660995483,0.7068346738815308,0.5790038108825684,0.22140026092529297,2.994197368621826,2.7907590866088867,73.06512849630471,h27g5iT0tck/00031,10,1.5
0.9016092419624329,0.7965317964553833,0.11205322295427322,0.028079621493816376,0.8610831499099731,0.9280279278755188,0.8313805460929871,0.40705248713493347,0.08136451244354248,3.659609794616699,2.4939863681793213,42.629660216700664,h27g5iT0tck/00031,11,1.65
0.9986234307289124,0.6209197640419006,0.0005844819825142622,0.033438414335250854,0.9987789392471313,0.9062683582305908,0.6140157580375671,0.7750682830810547,0.3559054732322693,0.24988281726837158,2.7745823860168457,136.19539404671457,h27g5iT0tck/00034,2,0.3
0.996322512626648,0.7088924646377563,0.0021900958381593227,0.021707167848944664,0.997786283493042,0.9040296077728271,0.7112219333648682,0.7328262329101562,0.2536628246307373,0.4164023995399475,2.406313896179199,124.8974645152843,h27g5iT0tck/00034,3,0.44999999999999996
0.9948639869689941,0.7451720833778381,0.0025088819675147533,0.07868088036775589,0.9967288970947266,0.8381545543670654,0.7485450506210327,0.5368128418922424,0.19132542610168457,0.5177077054977417,3.890719175338745,72.24861234106282,h7qKzqQnjXw/00002,16,2.4
0.9947473406791687,0.7058732509613037,0.0033171065151691437,0.08386510610580444,0.996484100818634,0.7833447456359863,0.7084997892379761,0.503333330154419,0.2014128565788269,0.5022388100624084,3.836599826812744,68.51363966138695,h7qKzqQnjXw/00002,17,2.55
0.9995509386062622,0.6193898916244507,0.00032171737984754145,0.10063359886407852,0.9995900988578796,0.7368584871292114,0.6183620095252991,0.551362156867981,0.2908097505569458,0.17668969929218292,4.599874019622803,71.35742755722698,h7qKzqQnjXw/00002,18,2.6999999999999997
0.8639435172080994,0.4281464219093323,0.21073231101036072,0.03577941283583641,0.7712274193763733,0.7063309550285339,0.469788134098053,0.38750889897346497,0.3681401014328003,4.257866382598877,4.735047817230225,50.950415448833674,h7qKzqQnjXw/00002,41,6.1499999999999995
0.8943661451339722,0.681925892829895,0.15722844004631042,0.10012169927358627,0.8071814179420471,0.8133264183998108,0.6857346892356873,0.33144769072532654,0.17463481426239014,3.9519259929656982,3.980273962020874,43.12279675591988,h7qKzqQnjXw/00002,42,6.3
0.9921844601631165,0.6956537961959839,0.010843716561794281,0.04906747490167618,0.9889808893203735,0.9141572713851929,0.6937158703804016,0.6771370768547058,0.2753581404685974,0.8085785508155823,2.600338935852051,109.51303992791519,h7qKzqQnjXw/00003,13,1.95
0.964972972869873,0.7034564018249512,0.0759207084774971,0.03246240317821503,0.9360727667808533,0.8832015991210938,0.7049576640129089,0.5994734764099121,0.22530555725097656,2.1739368438720703,2.696678876876831,72.75515540489145,h7qKzqQnjXw/00003,14,2.1
0.9856489896774292,0.7031211853027344,0.01706758141517639,0.053141504526138306,0.9727928638458252,0.901656448841095,0.7032711505889893,0.6203868389129639,0.25003933906555176,1.4633429050445557,2.7557179927825928,99.88555783693155,h7qKzqQnjXw/00003,15,2.25
0.9992422461509705,0.8877792358398438,0.0004424955986905843,0.022113056853413582,0.9993896484375,0.9174486994743347,0.8884574770927429,0.6573303937911987,0.07411861419677734,0.18732494115829468,2.443696975708008,68.17257409251656,h7qKzqQnjXw/00004,8,1.2
0.9985621571540833,0.6467605829238892,0.000809890974778682,0.021626928821206093,0.9990214109420776,0.9809405207633972,0.6452517509460449,0.8911402225494385,0.34712493419647217,0.2674972116947174,1.237465262413025,291.6229693298292,h7qKzqQnjXw/00004,9,1.3499999999999999
0.99359130859375,0.7162079215049744,0.01378528494387865,0.01951642520725727,0.9886572957038879,0.9646025896072388,0.7064500451087952,0.7932102084159851,0.2777891755104065,0.9571765661239624,1.7034233808517456,168.4855412047772,h7qKzqQnjXw/00004,10,1.5
0.9248124361038208,0.787787139415741,0.17902871966362,0.08899777382612228,0.8502970933914185,0.9301301836967468,0.7402158379554749,0.6579110622406006,0.17988526821136475,3.3899729251861572,2.0528390407562256,62.64441023483543,h7qKzqQnjXw/00004,11,1.65
0.9588094353675842,0.8710861206054688,0.07955173403024673,0.01772397942841053,0.9240008592605591,0.9503195881843567,0.8453173637390137,0.5838119983673096,0.10596621036529541,2.501286745071411,2.075191020965576,66.76369045399262,h7qKzqQnjXw/00004,12,1.7999999999999998
0.9977725744247437,0.6562081575393677,0.0013658865354955196,0.02457965537905693,0.9987598657608032,0.9131879210472107,0.659711480140686,0.7430097460746765,0.31224769353866577,0.22778846323490143,2.456923484802246,118.39575131255314,h7qKzqQnjXw/00006,2,0.3
0.9946784973144531,0.682597279548645,0.0025254900101572275,0.07470841705799103,0.9968528747558594,0.8605239987373352,0.6761749386787415,0.6496535539627075,0.2665126323699951,0.5114099979400635,3.291316032409668,101.39542946558032,h7qKzqQnjXw/00006,3,0.44999999999999996
0.9985212087631226,0.7147576212882996,0.0009328394080512226,0.034794460982084274,0.9989800453186035,0.8767476677894592,0.7247118353843689,0.6902078986167908,0.23115253448486328,0.274252325296402,3.089336633682251,96.70733326119306,h7qKzqQnjXw/00006,4,0.6
0.9994585514068604,0.7815326452255249,0.00054129958152771,0.11533583700656891,0.9989169239997864,0.7956450581550598,0.7813349366188049,0.17572322487831116,0.12289053201675415,0.21736760437488556,3.872936248779297,54.59642256728189,h7qKzqQnjXw/00006,5,0.75
0.9987685680389404,0.578180730342865,0.0012315809726715088,0.0792325958609581,0.9975370168685913,0.7221618890762329,0.575203537940979,0.3592682182788849,0.31656455993652344,0.2948073446750641,4.602308750152588,72.26017067917198,h7qKzqQnjXw/00006,6,0.8999999999999999
0.625315248966217,0.611162543296814,0.2363698035478592,0.04320167005062103,0.7524910569190979,0.824364960193634,0.5775514245033264,0.47270309925079346,0.28923511505126953,3.8218042850494385,3.6470813751220703,57.739435371050625,h7qKzqQnjXw/00006,7,1.05
0.7580863237380981,0.6492466926574707,0.1520056575536728,0.08419357985258102,0.8396248817443848,0.8262061476707458,0.6264147162437439,0.5062296390533447,0.2664029598236084,2.736138343811035,3.5256009101867676,58.9898801559332,h7qKzqQnjXw/00006,8,1.2
0.8084540963172913,0.6729391813278198,0.1196260005235672,0.021367833018302917,0.8713250756263733,0.8386402726173401,0.7031127214431763,0.5001886487007141,0.1874101758003235,3.020387649536133,3.2733583450317383,56.922761918436244,h7qKzqQnjXw/00006,9,1.3499999999999999
0.7911062240600586,0.5909872055053711,0.13095226883888245,0.05598478019237518,0.8633806109428406,0.822217583656311,0.7193098068237305,0.4384996294975281,0.16008806228637695,2.8195230960845947,3.702008008956909,45.3617075781349,h7qKzqQnjXw/00006,10,1.5
0.9046294093132019,0.5304429531097412,0.22903968393802643,0.023630574345588684,0.8138554096221924,0.8568733930587769,0.5453765988349915,0.5445647239685059,0.34861046075820923,3.6191749572753906,2.9373559951782227,68.12392410243646,h7qKzqQnjXw/00008,18,2.6999999999999997
0.8978123664855957,0.5587450861930847,0.24602115154266357,0.024007733911275864,0.7981355786323547,0.8381049036979675,0.5647532939910889,0.507847011089325,0.304996132850647,3.896660089492798,3.125429391860962,57.64554720709627,h7qKzqQnjXw/00008,19,2.85
0.9978784918785095,0.5591856837272644,0.0013447116361930966,0.0397944450378418,0.9984919428825378,0.9067580103874207,0.5745698809623718,0.7466067671775818,0.40139567852020264,0.32553157210350037,2.7009518146514893,138.68048084689127,h7u6NScSWtY/00001,18,2.6999999999999997
0.9990044832229614,0.5932663679122925,0.0005782986409030855,0.010743978433310986,0.9992259740829468,0.982149600982666,0.5911044478416443,0.8814677000045776,0.40364211797714233,0.19194544851779938,1.1305580139160156,310.54105453984687,h7u6NScSWtY/00001,19,2.85
0.9983557462692261,0.6908144354820251,0.0010325068142265081,0.020288027822971344,0.9988991618156433,0.9185479283332825,0.6853270530700684,0.7259028553962708,0.2864638566970825,0.26708874106407166,2.472973346710205,127.84782735250133,h7u6NScSWtY/00001,20,3.0
0.9988870620727539,0.6134816408157349,0.0006442583398893476,0.016351841390132904,0.9991600513458252,0.98698890209198,0.6139745116233826,0.9251869320869446,0.38211554288864136,0.26722368597984314,0.9598491787910461,427.84856986578905,h7u6NScSWtY/00001,26,3.9
0.9993753433227539,0.7301530241966248,0.0003786045126616955,0.04647962376475334,0.9994616508483887,0.9666653871536255,0.7370957136154175,0.8517631888389587,0.2517380714416504,0.19986696541309357,1.7753654718399048,201.2133920482635,h7u6NScSWtY/00001,27,4.05
0.9108031392097473,0.49505606293678284,0.14223448932170868,0.04917728155851364,0.8398256897926331,0.8382730484008789,0.5465888977050781,0.5495339035987854,0.3621540665626526,3.3089346885681152,3.460479736328125,71.38198076752393,h7u6NScSWtY/00002,9,1.3499999999999999
0.9389448761940002,0.6131850481033325,0.11459460109472275,0.013095111586153507,0.8947561979293823,0.9829280376434326,0.5803643465042114,0.7668725848197937,0.38636118173599243,3.117610454559326,1.0027751922607422,130.5701612229312,h7u6NScSWtY/00002,10,1.5
0.9383753538131714,0.6729088425636292,0.11665774881839752,0.05961284041404724,0.885416567325592,0.8665502071380615,0.6809568405151367,0.5247400999069214,0.22935503721237183,2.9441699981689453,3.2255032062530518,61.74105416079342,h7u6NScSWtY/00002,11,1.65
0.983757495880127,0.8194469213485718,0.03374866023659706,0.018121659755706787,0.9702788591384888,0.9651826620101929,0.827892005443573,0.7368736267089844,0.14705872535705566,1.4026440382003784,1.5284068584442139,106.1087764074734,h7u6NScSWtY/00004,6,0.8999999999999999
0.9809674024581909,0.5883098244667053,0.035167232155799866,0.0035721841268241405,0.9621864557266235,0.9499801397323608,0.5757904052734375,0.8060232996940613,0.40219807624816895,1.5726759433746338,1.6202964782714844,152.31696903528942,h7u6NScSWtY/00004,7,1.05
0.9910436868667603,0.8192955255508423,0.01679845154285431,0.04378659278154373,0.9841312170028687,0.9156191349029541,0.827212929725647,0.6258742809295654,0.1324526071548462,0.9437580108642578,2.291884183883667,83.64879864532436,h7u6NScSWtY/00004,8,1.2
0.9878774285316467,0.7206299901008606,0.008437631651759148,0.028896864503622055,0.9884740114212036,0.9123668074607849,0.7500262260437012,0.6461629271507263,0.21288883686065674,0.9822743535041809,2.712683916091919,104.1513722677361,h7u6NScSWtY/00004,22,3.3
0.99787437915802,0.6390992403030396,0.0027158991433680058,0.0207191314548254,0.9966149926185608,0.9271886944770813,0.6389946341514587,0.7725796699523926,0.3364371657371521,0.42714545130729675,2.180891990661621,146.59126344748253,h7u6NScSWtY/00004,23,3.4499999999999997
0.9904038310050964,0.6440902948379517,0.007419716101139784,0.0657036155462265,0.9879857897758484,0.8907790184020996,0.6424903273582458,0.7110563516616821,0.3132515549659729,1.0585371255874634,2.9060187339782715,126.42976242710654,h7u6NScSWtY/00004,24,3.5999999999999996
0.9927113652229309,0.6735180020332336,0.004357143305242062,0.07278952747583389,0.9950131177902222,0.9257218241691589,0.6681404113769531,0.7799650430679321,0.30753016471862793,0.47831034660339355,2.266894578933716,142.55838116060366,h7u6NScSWtY/00004,25,3.75
0.9844713807106018,0.6840516924858093,0.027998335659503937,0.023684239014983177,0.9725185632705688,0.9381346702575684,0.6964638233184814,0.685691237449646,0.2733311653137207,1.230846643447876,2.114008665084839,114.44720874740253,h7u6NScSWtY/00005,16,2.4
0.9612213969230652,0.7892208695411682,0.09269538521766663,0.04902579262852669,0.9232911467552185,0.8925805687904358,0.7760564684867859,0.5492015480995178,0.1545548439025879,2.1022274494171143,2.8558080196380615,62.26736796669124,h7u6NScSWtY/00005,17,2.55
0.9381633400917053,0.8884833455085754,0.1199086382985115,0.11993042379617691,0.8908766508102417,0.8560150861740112,0.8536965847015381,0.25303131341934204,0.03877151012420654,3.086066484451294,3.602835178375244,27.50750620131568,h7u6NScSWtY/00005,18,2.6999999999999997
0.9526315331459045,0.553693413734436,0.0748477578163147,0.09905735403299332,0.9221265912055969,0.8814106583595276,0.6187302470207214,0.5537362694740295,0.31278401613235474,2.7061104774475098,3.103698968887329,85.01814181058992,h7u6NScSWtY/00005,19,2.85
0.9861640334129333,0.8614488840103149,0.032127682119607925,0.004333942662924528,0.9742284417152405,0.9841610193252563,0.8637528419494629,0.7775689959526062,0.1201702356338501,1.4029695987701416,1.0965462923049927,123.6979471790605,h7u6NScSWtY/00007,7,1.05
0.9916248917579651,0.4390137791633606,0.019055427983403206,0.010393028147518635,0.9828448295593262,0.963047206401825,0.45524391531944275,0.873441219329834,0.5320101678371429,1.2452054023742676,1.72373628616333,232.56381833180495,h7u6NScSWtY/00007,8,1.2
0.9990318417549133,0.8562253713607788,0.0006145663792267442,0.01396739762276411,0.9993232488632202,0.9713488817214966,0.855100154876709,0.8471524715423584,0.1329534649848938,0.22574220597743988,1.4000227451324463,172.4807942386149,h7u6NScSWtY/00007,9,1.3499999999999999
0.9932379722595215,0.5402691960334778,0.01104215532541275,0.031437166035175323,0.9888705015182495,0.9491743445396423,0.5452920794487,0.8230747580528259,0.4391500949859619,0.7003886699676514,1.7970153093338013,178.07016307111655,h7u6NScSWtY/00013,5,0.75
0.9465382695198059,0.904263973236084,0.08950406312942505,0.040527887642383575,0.9052518010139465,0.9504663944244385,0.8876333832740784,0.44592583179473877,0.05200552940368652,2.6472740173339844,1.9779579639434814,42.471309635953055,h7u6NScSWtY/00013,6,0.8999999999999999
0.9950725436210632,0.6080710291862488,0.00310523621737957,0.09271436184644699,0.9965638518333435,0.8079761266708374,0.6089332699775696,0.566806435585022,0.33659541606903076,0.40198415517807007,4.004004955291748,77.2614125671835,h7u6NScSWtY/00014,27,4.05
0.998568058013916,0.37523555755615234,0.0009025249746628106,0.06379899382591248,0.9990311861038208,0.8020296692848206,0.38153794407844543,0.6777991056442261,0.5700238943099976,0.2254810780286789,3.7503421306610107,103.39163446152484,h7u6NScSWtY/00014,28,4.2
0.8900530338287354,0.7239453196525574,0.11725681275129318,0.016452746465802193,0.8123664855957031,0.9112817645072937,0.7512185573577881,0.4128285050392151,0.14530634880065918,3.4964022636413574,2.6756653785705566,50.172322418163525,h7u6NScSWtY/00015,7,1.05
0.8970678448677063,0.6267404556274414,0.11408466100692749,0.126717209815979,0.8103926777839661,0.8381739854812622,0.6016386151313782,0.4314025044441223,0.2765657901763916,3.718986749649048,3.410989284515381,57.35467799488856,h7u6NScSWtY/00015,8,1.2
0.940135657787323,0.45441731810569763,0.08248741179704666,0.021265815943479538,0.892837643623352,0.8410139679908752,0.5065867900848389,0.5156356692314148,0.4240751266479492,2.413794755935669,3.639981269836426,80.38867508239855,h7u6NScSWtY/00018,35,5.25
0.9427281022071838,0.7146139740943909,0.07773289084434509,0.036514174193143845,0.8935867547988892,0.8268361687660217,0.709635853767395,0.3895604908466339,0.18768751621246338,2.8916923999786377,3.478482723236084,55.035431987887925,h7u6NScSWtY/00018,36,5.3999999999999995
0.9160012006759644,0.48322543501853943,0.198644757270813,0.026905521750450134,0.8329018354415894,0.8270975947380066,0.5256182551383972,0.47736817598342896,0.3599092364311218,3.2566850185394287,3.801030397415161,65.5685529527573,h7u6NScSWtY/00019,7,1.05
0.9162842035293579,0.6647370457649231,0.17683468759059906,0.032790809869766235,0.8414567112922668,0.8786568641662598,0.6602727174758911,0.4826274812221527,0.24497532844543457,2.947014093399048,2.7295703887939453,65.41199778320536,h7u6NScSWtY/00019,8,1.2
0.919948160648346,0.783231258392334,0.10822369158267975,0.101971834897995,0.8832012414932251,0.7684803605079651,0.7754881381988525,0.17491929233074188,0.07893216609954834,3.3621633052825928,4.378343105316162,32.733968043685834,h7u6NScSWtY/00019,9,1.3499999999999999
0.9083491563796997,0.5261598825454712,0.18166933953762054,0.0003533363342285156,0.8178747296333313,0.999119758605957,0.5724632143974304,0.8195674419403076,0.3765650987625122,3.921936273574829,0.2559761703014374,110.39651000084152,h7u6NScSWtY/00020,1,0.15
0.9469302296638489,0.8032617568969727,0.09863953292369843,0.006961088161915541,0.9019075632095337,0.9936322569847107,0.8275302052497864,0.7169188261032104,0.13165193796157837,2.578371047973633,0.7176887392997742,91.86110087949695,h7u6NScSWtY/00020,2,0.3
0.8966984748840332,0.4500637948513031,0.18736816942691803,0.018008965998888016,0.8106948733329773,0.9826391339302063,0.45366448163986206,0.7579824328422546,0.494073748588562,3.5172054767608643,0.9772484302520752,106.98702067571124,h7u6NScSWtY/00020,3,0.44999999999999996
0.954999566078186,0.7461382746696472,0.08499510586261749,0.02689301036298275,0.9116506576538086,0.9105699062347412,0.730984628200531,0.6242445707321167,0.2054128646850586,2.389911413192749,2.730437755584717,74.30602826612342,h7u6NScSWtY/00020,4,0.6
0.8827829957008362,0.5451408624649048,0.142778217792511,0.010608596727252007,0.7870888710021973,0.9943614602088928,0.570917010307312,0.7177404761314392,0.35176193714141846,3.5897610187530518,0.7001428604125977,99.43994402392111,hBOVuIIQUFc/00002,12,1.7999999999999998
0.8484169244766235,0.570048451423645,0.1838051676750183,0.0028496982995420694,0.7446371912956238,0.9997119307518005,0.529130220413208,0.7089800238609314,0.40089845657348633,4.166219711303711,0.11173644661903381,77.01219122987241,hBOVuIIQUFc/00002,13,1.95
0.801129162311554,0.6700509190559387,0.21389098465442657,0.006091365125030279,0.7253490686416626,0.9977844953536987,0.6808910965919495,0.6071435809135437,0.2191981077194214,4.724831581115723,0.38754943013191223,59.13778178502069,hBOVuIIQUFc/00002,14,2.1
0.7413424849510193,0.5289583206176758,0.22283387184143066,0.06957528740167618,0.6577658653259277,0.8951846361160278,0.6442693471908569,0.36756107211112976,0.18676447868347168,4.85629940032959,2.8731706142425537,45.005583373856126,hBOVuIIQUFc/00002,48,7.199999999999999
0.9122740030288696,0.704343318939209,0.09430810809135437,0.0337679386138916,0.8381395936012268,0.9302982687950134,0.6615201830863953,0.5385953783988953,0.2601032257080078,3.554119825363159,2.286890983581543,69.09179129887255,hBOVuIIQUFc/00002,49,7.35
0.8410664200782776,0.4529946744441986,0.192499041557312,0.03629510477185249,0.7408257722854614,0.9395231604576111,0.49507370591163635,0.5946593880653381,0.4013347625732422,4.160567760467529,2.1681017875671387,69.23186454779821,hBOVuIIQUFc/00002,50,7.5
0.8106755614280701,0.598842978477478,0.22396281361579895,0.041293222457170486,0.7046391367912292,0.9424117803573608,0.6734940409660339,0.47148025035858154,0.17077231407165527,4.4103593826293945,2.2029502391815186,53.658867465553755,hBOVuIIQUFc/00002,51,7.6499999999999995
0.9956604838371277,0.6147254705429077,0.0020885870326310396,0.049731940031051636,0.9968805909156799,0.9656664729118347,0.6162756681442261,0.871956467628479,0.3743879795074463,0.3734075129032135,1.6667447090148926,210.16700741693853,hBOVuIIQUFc/00004,8,1.2
0.9997796416282654,0.4993898868560791,0.0001429702970199287,0.010506710968911648,0.9998313188552856,0.8824313879013062,0.5014507174491882,0.8395596742630005,0.4605642557144165,0.10101820528507233,2.7203567028045654,153.5602444744759,hBOVuIIQUFc/00004,9,1.3499999999999999
0.9987090229988098,0.5231736898422241,0.0009727448341436684,0.025217872112989426,0.9987973570823669,0.9138272404670715,0.5221602320671082,0.843071460723877,0.4480781555175781,0.2979370355606079,2.508046865463257,176.40167107979138,hBOVuIIQUFc/00004,10,1.5
0.9989189505577087,0.6062339544296265,0.0006649839342571795,0.03229174017906189,0.9992481470108032,0.8758343458175659,0.6015385389328003,0.8181523084640503,0.35600531101226807,0.1953742951154709,2.9232468605041504,124.06265196466617,hBOVuIIQUFc/00004,11,1.65
0.9989681243896484,0.5218420624732971,0.0006570199620909989,0.039839208126068115,0.9993160963058472,0.9597733616828918,0.5198042988777161,0.8876028060913086,0.46923017501831055,0.18357312679290771,1.6017251014709473,257.0005206061072,hBOVuIIQUFc/00004,15,2.25
0.9989632964134216,0.49783387780189514,0.0005411917809396982,0.05125003308057785,0.9993088841438293,0.941130518913269,0.4963386654853821,0.8494624495506287,0.4847075939178467,0.209528386592865,1.89789879322052,210.5811733249578,hBOVuIIQUFc/00004,16,2.4
0.9988164901733398,0.6289322972297668,0.000721698219422251,0.035203419625759125,0.9991532564163208,0.9604251384735107,0.6230442523956299,0.8560819625854492,0.36515921354293823,0.2796414792537689,1.7747193574905396,229.34453502305757,hBOVuIIQUFc/00004,17,2.55
0.9946585297584534,0.7354243993759155,0.0053414106369018555,0.05022437497973442,0.9893168210983276,0.8249710202217102,0.731950581073761,0.3551049828529358,0.18991249799728394,0.6789489984512329,3.8379967212677,71.73632413986608,hBOVuIIQUFc/00004,21,3.15
0.988802969455719,0.5289658904075623,0.01119685173034668,0.13638760149478912,0.9776062965393066,0.6971386075019836,0.5440247058868408,0.3922139108181,0.3126324415206909,1.126540184020996,4.830319881439209,81.63406271838281,hBOVuIIQUFc/00004,22,3.3
0.980869710445404,0.7648476362228394,0.019130408763885498,0.014785636216402054,0.9617392420768738,0.9222711324691772,0.7677896618843079,0.5426542162895203,0.19416946172714233,1.5034428834915161,2.6040022373199463,98.242044640942,hBOVuIIQUFc/00004,23,3.4499999999999997
0.9486783742904663,0.9163352847099304,0.11374058574438095,0.0788772776722908,0.9032277464866638,0.9500316977500916,0.8905135989189148,0.5407942533493042,0.048397839069366455,2.557286262512207,1.7391072511672974,41.691234019649656,hBOVuIIQUFc/00006,1,0.15
0.944976806640625,0.5496037602424622,0.13068139553070068,0.022779976949095726,0.8933106660842896,0.9651721715927124,0.5712769031524658,0.7615674138069153,0.383048415184021,2.8713128566741943,1.8388570547103882,122.89226356649434,hBOVuIIQUFc/00006,2,0.3
0.9271088242530823,0.5682729482650757,0.1766887903213501,0.010237451642751694,0.8551679253578186,0.9703341722488403,0.562670886516571,0.7817317843437195,0.38627099990844727,3.3789074420928955,1.4388139247894287,106.91895524028321,hBOVuIIQUFc/00006,3,0.44999999999999996
0.9232369661331177,0.5260124206542969,0.1860262006521225,0.02753959409892559,0.8473103642463684,0.9860122799873352,0.5008676052093506,0.8075515627861023,0.4566512703895569,3.3696672916412354,0.9492684006690979,115.00031594992674,hBOVuIIQUFc/00006,4,0.6
0.9628740549087524,0.51862633228302,0.08935214579105377,0.03010755591094494,0.9263229370117188,0.9579455852508545,0.5471334457397461,0.7703589200973511,0.40878063440322876,2.141430377960205,1.9404890537261963,131.0924343858583,hBOVuIIQUFc/00006,5,0.75
0.9976028800010681,0.39321818947792053,0.0015110495733097196,0.0038453517481684685,0.9983704090118408,0.9932107925415039,0.3808997571468353,0.9436640739440918,0.6177236437797546,0.3038249611854553,0.691690981388092,628.573044644518,hBOVuIIQUFc/00006,32,4.8
0.9968778491020203,0.549911379814148,0.001860480522736907,0.009066476486623287,0.9972365498542786,0.9922984838485718,0.5498711466789246,0.9264947175979614,0.447509229183197,0.4725409150123596,0.6170352101325989,528.4699292994467,hBOVuIIQUFc/00006,33,4.95
0.9973087310791016,0.4999611973762512,0.0016979870852082968,0.0014224076876416802,0.9981500506401062,0.995290219783783,0.49446770548820496,0.9412344694137573,0.5040969252586365,0.3232252597808838,0.6035766005516052,630.0324454394662,hBOVuIIQUFc/00006,34,5.1
0.9644700884819031,0.7750976085662842,0.074799545109272,0.017030155286192894,0.93297278881073,0.932636022567749,0.7675868272781372,0.6601962447166443,0.17879140377044678,2.2535951137542725,2.3411448001861572,74.64974480106518,hBOVuIIQUFc/00008,5,0.75
0.9787574410438538,0.7368992567062378,0.033082298934459686,0.029680492356419563,0.9675717949867249,0.9719756245613098,0.7301597595214844,0.7546385526657104,0.24854278564453125,1.7895233631134033,1.4240163564682007,144.35195547427176,hBOVuIIQUFc/00008,6,0.8999999999999999
0.9616011381149292,0.5269705057144165,0.09318306297063828,0.007368429098278284,0.9243658185005188,0.9654832482337952,0.5253015160560608,0.8065910935401917,0.44907891750335693,2.1311416625976562,1.7575485706329346,154.60845432644385,hBOVuIIQUFc/00008,18,2.6999999999999997
0.980132520198822,0.769241452217102,0.047066155821084976,0.036005645990371704,0.9605264067649841,0.9532044529914856,0.7673420310020447,0.7605171203613281,0.20377737283706665,1.6403608322143555,1.9421918392181396,113.51409940155482,hBOVuIIQUFc/00008,19,2.85
0.9591882824897766,0.7936059236526489,0.07843267172574997,0.009131142869591713,0.9257391095161438,0.9934439659118652,0.803846001625061,0.7399834394454956,0.1639155149459839,2.305316686630249,0.6985235214233398,101.67364094591512,hBOVuIIQUFc/00010,32,4.8
0.973633348941803,0.6241737008094788,0.03759423643350601,0.0007554028416052461,0.9584890007972717,0.9993404746055603,0.6270780563354492,0.8706248998641968,0.3603895902633667,1.590774655342102,0.2037377506494522,222.41163798713782,hBOVuIIQUFc/00010,33,4.95
0.9649158120155334,0.8526204824447632,0.06132175028324127,0.0026783356443047523,0.9329542517662048,0.9972190856933594,0.8437115550041199,0.7454038262367249,0.12962055206298828,1.9126157760620117,0.41897228360176086,104.30931128953584,hBOVuIIQUFc/00010,34,5.1
0.8911063075065613,0.8639928102493286,0.1736026555299759,0.02643650397658348,0.7979757189750671,0.9562982320785522,0.8043947815895081,0.486834853887558,0.09533524513244629,3.90002703666687,2.0649847984313965,44.579934665569354,hBOVuIIQUFc/00010,39,5.85
0.9885150194168091,0.43454304337501526,0.013039305806159973,0.04316728189587593,0.9781686663627625,0.8436170220375061,0.4395286440849304,0.7754960656166077,0.5133557319641113,1.316969394683838,3.5258073806762695,123.52159762258549,hBOVuIIQUFc/00010,40,6.0
0.9065195322036743,0.7396640181541443,0.16836699843406677,0.08490107208490372,0.8179247975349426,0.925692081451416,0.6953144669532776,0.5702958106994629,0.21709054708480835,3.49406361579895,2.5833184719085693,59.120921960358075,hBOVuIIQUFc/00010,41,6.1499999999999995
0.9955781698226929,0.6226650476455688,0.005069522652775049,0.10075239837169647,0.9938139915466309,0.8964107036590576,0.6364030241966248,0.7259547114372253,0.31862640380859375,0.7912963628768921,2.9936606884002686,128.79847953337216,hBOVuIIQUFc/00014,25,3.75
0.9924936294555664,0.5839024782180786,0.012042826041579247,0.04002011939883232,0.9870890378952026,0.875657320022583,0.5800097584724426,0.7256730198860168,0.37607038021087646,0.8948443531990051,2.9753763675689697,107.41780221962185,hBOVuIIQUFc/00014,26,3.9
0.9186750054359436,0.6677287817001343,0.1675029844045639,0.14079777896404266,0.8397263288497925,0.8392050862312317,0.6649274826049805,0.49117159843444824,0.2195875644683838,3.3260257244110107,3.7732715606689453,52.019699561595814,hDLISEt8hBs/00002,18,2.6999999999999997
0.9429408311843872,0.8142903447151184,0.09539169073104858,0.10019019991159439,0.8979090452194214,0.8349302411079407,0.7873959541320801,0.41910186409950256,0.10550069808959961,2.894369125366211,3.8541650772094727,44.371690780565054,hDLISEt8hBs/00002,19,2.85
0.9340905547142029,0.5902359485626221,0.14594797790050507,0.11245396733283997,0.8707290887832642,0.7770900130271912,0.6040317416191101,0.48848265409469604,0.2812734842300415,3.076303243637085,4.357701778411865,57.6899838217044,hDLISEt8hBs/00002,20,3.0
0.9803726077079773,0.7733190059661865,0.04550949111580849,0.022388845682144165,0.9613012671470642,0.9252081513404846,0.7501383423805237,0.636256992816925,0.20994114875793457,1.4891151189804077,2.4556119441986084,92.23816805482745,hFkI69zJzLI/00001,9,1.3499999999999999
0.9799879789352417,0.8106169700622559,0.028117936104536057,0.026123065501451492,0.9638009667396545,0.9248526692390442,0.7957128286361694,0.5909044146537781,0.16002953052520752,1.7552028894424438,2.578739643096924,85.93705441823346,hFkI69zJzLI/00001,10,1.5
0.9506014585494995,0.7689350843429565,0.07901645451784134,0.02855069562792778,0.913463294506073,0.9283528327941895,0.7420164942741394,0.5755236148834229,0.20402300357818604,2.494452714920044,2.034728527069092,79.0242787509073,hFkI69zJzLI/00001,11,1.65
0.9257363080978394,0.5728425979614258,0.11150524020195007,0.046712812036275864,0.867414653301239,0.917905867099762,0.59649658203125,0.579296350479126,0.34251344203948975,3.532907724380493,2.166931629180908,85.08706622857218,hFkI69zJzLI/00001,12,1.7999999999999998
0.9126142263412476,0.7562123537063599,0.09555689990520477,0.0189234409481287,0.8567473292350769,0.9672488570213318,0.7816856503486633,0.5108752846717834,0.14815104007720947,3.2829833030700684,1.7477574348449707,66.10031979942839,hFkI69zJzLI/00002,21,3.15
0.829383373260498,0.6660961508750916,0.1601455807685852,0.11974985152482986,0.7419496774673462,0.8403183221817017,0.6874232888221741,0.36683887243270874,0.14963257312774658,4.362520694732666,3.6207876205444336,35.86965361531405,hFkI69zJzLI/00002,22,3.3
0.886648952960968,0.7878199815750122,0.15962417423725128,0.0,0.7763938903808594,0.9999999403953552,0.7756879329681396,0.514656662940979,0.15870404243469238,3.9882240295410156,0.0,75.39340785884181,hFkI69zJzLI/00004,25,3.75
0.8802754282951355,0.6470780372619629,0.16801902651786804,0.0,0.7605853080749512,1.0000001192092896,0.6072582602500916,0.5847166180610657,0.3380173444747925,3.9441678524017334,0.0,103.8954494337042,hFkI69zJzLI/00004,26,3.9
0.8670223355293274,0.5400657653808594,0.187799334526062,0.0,0.7313342094421387,1.0,0.5999066829681396,0.5598506331443787,0.3263653516769409,4.212277412414551,0.0,100.26516594577014,hFkI69zJzLI/00004,27,4.05
0.9989613890647888,0.6279240846633911,0.0006081691826693714,0.00945346336811781,0.999016284942627,0.9991683959960938,0.6245404481887817,0.9669783115386963,0.3749690651893616,0.2825538218021393,0.26312893629074097,1032.3762849646744,hJnEQCMA5Sg/00003,9,1.3499999999999999
0.9976612329483032,0.6392790079116821,0.0014013724867254496,0.0010172127513214946,0.9983174204826355,0.9988391399383545,0.6447136998176575,0.9578262567520142,0.35446596145629883,0.33623775839805603,0.30556896328926086,831.9986727049237,hJnEQCMA5Sg/00003,10,1.5
0.9978054761886597,0.6994448900222778,0.0009146496886387467,0.0009335994254797697,0.9977827668190002,0.9992733597755432,0.7022300958633423,0.953127384185791,0.29685503244400024,0.4624694287776947,0.2439381629228592,699.8390088821427,hJnEQCMA5Sg/00003,11,1.65
0.9803043603897095,0.8591568470001221,0.01969560980796814,0.029208596795797348,0.9606086611747742,0.8933566808700562,0.8583320379257202,0.2960030436515808,0.08796775341033936,1.4083185195922852,3.1687614917755127,56.958856103582264,hJnEQCMA5Sg/00003,31,4.6499999999999995
0.9874371290206909,0.6398102641105652,0.012562870979309082,0.08423955738544464,0.9748740196228027,0.7987730503082275,0.633544921875,0.394712895154953,0.2636604309082031,0.8508523106575012,3.907198905944824,66.50775674461451,hJnEQCMA5Sg/00003,32,4.8
0.8019886016845703,0.6563330888748169,0.08850384503602982,0.038990046828985214,0.911287248134613,0.9611295461654663,0.8067159652709961,0.5140436291694641,0.14777058362960815,2.3643791675567627,1.2157052755355835,67.62187572212801,hJnEQCMA5Sg/00003,33,4.95
0.7744612097740173,0.7753189206123352,0.13306112587451935,0.010068113915622234,0.8337956666946411,0.9934511184692383,0.5970038175582886,0.711713969707489,0.3338930606842041,3.580819845199585,0.7733080387115479,105.88083583396764,hJnEQCMA5Sg/00003,44,6.6
0.8018305897712708,0.7970883250236511,0.08726733177900314,0.03125741705298424,0.8669610619544983,0.9824583530426025,0.8199396133422852,0.5898626446723938,0.1223301887512207,3.4405033588409424,1.3329243659973145,64.76208794989476,hJnEQCMA5Sg/00003,45,6.75
0.8763242363929749,0.8720288276672363,0.0542149543762207,0.02120063081383705,0.8875834345817566,0.9874695539474487,0.8310950398445129,0.5877189636230469,0.1199420690536499,2.981910228729248,1.050505518913269,69.81399617484112,hJnEQCMA5Sg/00003,46,6.8999999999999995
0.5525116920471191,0.32266801595687866,0.28188541531562805,0.038876235485076904,0.6950689554214478,0.953357458114624,0.6819607019424438,0.5246632099151611,0.18676453828811646,4.104560852050781,1.8977570533752441,58.50060699890411,hJnEQCMA5Sg/00003,50,7.5
0.6480491757392883,0.658085823059082,0.21915842592716217,0.033551912754774094,0.7680876851081848,0.8711457848548889,0.6067792773246765,0.539252519607544,0.26870155334472656,3.799196481704712,3.1852965354919434,55.10060817721046,hJnEQCMA5Sg/00003,51,7.6499999999999995
0.715465247631073,0.4625014364719391,0.17859534919261932,0.025848964229226112,0.8120776414871216,0.9101274013519287,0.6607850193977356,0.5784700512886047,0.24152350425720215,3.9333016872406006,2.6982274055480957,61.76457034082095,hJnEQCMA5Sg/00003,52,7.8
