facenet_prob,marlin_prob,senet_prob,arcface_prob,magface_prob,resnet_prob,ridnet_pca_128_prob,ridnet_pca_128_face_prob,ridnet_pca_256_prob,ridnet_pca_256_face_prob,label
0.5297725872802092,0.6892335757438164,0.995475299881203,0.6615641534097001,0.4460230495257139,0.9378411209178603,0.999999999174531,0.9999999988993271,0.9999998725945936,1.0,1
0.5203555750319875,0.6969529806484526,0.997221281274635,0.5116900883494375,0.4968570933474226,0.9829062658997149,0.9944145463023885,0.995956686960317,1.0,1.0,1
0.4586623111039624,0.6378669527336782,0.9873027244693167,0.5454447411995883,0.4048676486492566,0.9186119850627488,0.9988514594566998,0.999849921391469,1.0,0.9999999999994806,1
0.44789491675118065,0.6089519553097075,0.9276980907643873,0.3354388244745659,0.44931339521530594,0.7877851490203366,0.9742986113591923,0.9873219502128324,0.9999942365340394,1.0,1
0.5429920003802046,0.507412255446475,0.905442837317907,0.6259078560854319,0.4865397683908181,0.6081263008724955,0.9999153974646892,0.9998952260549995,1.1490805010493522e-10,1.0,1
0.41016993480373803,0.39980853323079596,0.18394070343325641,0.3814370747313319,0.5906947923115062,0.8800248062735659,0.6865961068970857,0.59596399538761,1.0,1.0,1
0.5011858171428986,0.4345687237759954,0.0001332224306444537,0.543169708772833,0.38691112411332107,0.018632262869299258,1.6002845023116503e-11,4.784490556853725e-13,7.768581459697824e-129,5.656567798273692e-122,0
0.4038549868640019,0.5949595607725856,0.9919039702977804,0.43230461974373335,0.5055993991425956,0.5423434052370251,0.004479183628296312,7.227450697660183e-06,3.740419062968652e-98,1.2734804324641922e-64,0
0.40479776860324335,0.6177130380817107,0.9134541436641087,0.5962078756713912,0.4806196849337054,0.5676350194540608,0.05432950650529136,0.050090221125647046,9.914989353825522e-31,1.9101564047780058e-11,1
0.44521481855366624,0.668951350214652,0.44822078166029866,0.36720618576906894,0.5412337323480302,0.524380839387187,0.7986009464772468,0.9861629476713049,0.9999999995134818,0.9999999999999967,1
0.5074285424792293,0.6858687264875646,0.9790032421554963,0.5516514256669215,0.6741837734754713,0.3111008431617424,0.9984291096729938,0.9370223503310331,1.0,1.0,1
0.450206099969808,0.6542219087724935,0.9360011112154041,0.5232667705781388,0.5161716540800318,0.8123065442314442,0.842828858309013,0.9178046372708528,0.9999446001650075,0.9999999996941964,1
0.5456301889803992,0.467665833558513,0.23333196524019237,0.5593428402106526,0.3936716098297228,0.19664079550148464,0.03639218660194736,0.03634847826506331,6.828347778418316e-16,1.7584073084764656e-07,0
0.4313264624653142,0.21895220116315933,0.065638664368421,0.3417145872648275,0.4984980775830831,0.7765449191552086,0.18228168853482268,0.00832771361675218,1.6764755993174803e-21,3.4343200740717216e-45,0
0.3983718255691441,0.6682740882470918,0.9887816529423658,0.5506315891141071,0.31913918365522553,0.5423922962167297,0.9043843215894964,0.5486672993526779,3.1193687347195204e-09,3.579512399767864e-08,1
0.4213316355736251,0.6211330106518977,0.9144926841902499,0.45307775454724364,0.37485847350040796,0.8351515632213568,0.6200114474187559,0.7470024434105542,0.9948218145612747,0.9999999999999802,1
0.19742399078149814,0.2705304118804578,0.0010410180969326623,0.5196328661972147,0.4427500776490825,0.002769331909515206,3.224636321700228e-08,4.092109897139061e-07,3.57707859493126e-39,2.4182559475789412e-62,0
0.4103930712082334,0.34503615828105516,0.5446824343124612,0.4482424732450113,0.29043535852870794,0.019214312053167894,0.019151795198429574,0.002979421722319425,4.050122148022965e-41,1.0,0
0.5954265145461684,0.7440187970703387,0.9968524966175594,0.7057844930563687,0.5044033237912252,0.45273300864172533,0.9999999640591499,0.9999991313755976,1.0,1.0,1
0.4456931018724782,0.636932560818567,0.9994558230139814,0.40114006549049713,0.5830614432165757,0.7967122203838676,0.8643650513021519,0.9681370344413452,0.9999319489354154,0.9999999999999996,1
0.47607077829555416,0.6123605065628767,0.9900117773936394,0.6579036722560626,0.5374218073928073,0.9912457153413714,0.9999671402941117,0.999996934700442,1.0,1.0,1
0.4091229223376246,0.610330993903729,0.9953679163486624,0.3748777077201362,0.2367596385166328,0.08170052188594958,0.9919876501882066,0.9995594618610836,0.9999999999377078,1.0,1
0.5961193968712153,0.7221001052323411,0.022464497894512603,0.577961265512056,0.5647658617832203,0.18955628512530237,0.8973489867714975,0.41618052004925676,7.830806391338155e-53,5.8514263134673105e-21,0
0.4779890982109615,0.6760036299213839,0.13481640300042394,0.5376777475645294,0.3878079549909597,0.24702989487852975,0.2015881695577257,0.17941451932490426,1.8962458952222013e-09,1.6344702332710128e-07,0
0.44432161263920733,0.5098725443531096,0.6957645067999216,0.43928472665955537,0.37699983669332043,0.5437376371706276,0.9997591762732049,0.9999994921549157,0.996491158303164,0.9996604864164458,1
0.4679113941974805,0.3557595133931722,0.4048721339112306,0.27352745189845545,0.527329157665395,0.5648529777415991,0.7105578945653037,0.7299767648266381,0.028087312389688434,0.0005873105959841911,1
0.4610253232886387,0.6242227877314216,0.10881516713353663,0.560918192440175,0.5667300873927062,0.1719362206943176,0.002295112875461858,0.07794872731003172,8.850299257275561e-20,1.4371521953346665e-11,0
0.558021165822545,0.7259005467861156,0.5075011397542164,0.6434801315456754,0.7593682325785523,0.43068614572234637,0.7563504663705001,0.536103156323028,0.9882860323461796,0.9999744477118726,0
0.4911488104827858,0.48832236429838144,0.16543101572194607,0.523761672647604,0.6844308215423736,0.8744118246372823,0.08136444789869399,1.1543149026260992e-06,8.466068407632058e-83,6.057279950625806e-126,0
0.42094890347098485,0.3390072445151519,0.9878448078481766,0.4603449071299659,0.402838855335424,0.6989108664003393,0.9183039393180045,0.8574296798889176,1.0,1.0,0
0.3875878417214647,0.39693819833219074,0.014230088005434694,0.54267443358532,0.4139105557640991,0.5239288444503948,0.0005754626070471294,0.0006957532625864239,1.6814370927730855e-67,1.0986378140978398e-98,0
0.38956887838915966,0.3652935187932339,0.11586619150290228,0.4987369657756564,0.5896296927105953,0.43262989708121546,0.08386650167903108,0.0012359781284566078,2.012893415604034e-11,1.9870536818224535e-48,0
0.5452221597265233,0.8009538379222336,0.07509007677369478,0.614402877464915,0.5055158316443445,0.5603494156112631,9.698461599650939e-08,9.00150554880609e-08,3.613290980261096e-41,1.0671117713993622e-59,0
0.3903167678873627,0.4155009959960884,0.9546416034636918,0.5861024012804086,0.5891393788092244,0.42550698726756214,0.9577287970482716,0.2867019182490036,1.836072259166363e-30,1.0759777340128433e-20,1
0.4055133637657338,0.4482044835255144,0.8324622259596978,0.4786133420349554,0.3910834113525606,0.09602635904665119,0.43872138274611344,0.45517065557349146,0.9999999999969249,0.015476824501283312,1
0.1905091804156624,0.006654996813597272,0.019115639545108913,0.5485342650593219,0.6554181513530231,0.00018441002797899543,1.4440069364635183e-15,9.305388372022345e-17,5.424966858228534e-228,1.7555663024644515e-93,0
0.37378780540744005,0.2712291607743077,0.8172150284907325,0.46061187540025755,0.4588595648276107,0.007286568184807809,0.715381560656343,3.0043051298490765e-05,5.327155048176846e-40,3.1028658030894816e-97,0
0.3567439019432638,0.01838704319879151,0.10570409814352355,0.472577597114347,0.4733672466697951,0.048480502874327466,0.3098390176434553,0.1021730420716051,4.8491546058364115e-80,4.1570060284761454e-39,0
0.4065314338415354,0.11339425067899524,3.6947827639370575e-05,0.2631394006744449,0.5794403872250645,0.29031677458289074,0.48227075883753295,8.796019844657881e-09,3.933728026502794e-130,2.789028394060637e-31,0
0.28667421598019155,0.08709773900238513,2.6226448869839317e-07,0.40326487735945793,0.4078051621067925,0.8064536215356383,0.9994233101038884,0.9621512171580439,0.9999999999999998,0.9999896303739486,0
0.29366717206716786,0.05003389051277764,0.001479375385604964,0.42553433540536517,0.4535339925964937,0.24470922273378495,0.12131436070669561,0.0024236729909689826,5.098128285428086e-13,2.6509620299904253e-28,1
0.38516823912852716,0.34574612474328736,0.9135232987193423,0.5095751732756342,0.5856499168514682,0.6809301963565547,0.8379262907879043,0.9998978598184984,1.0,1.0,1
0.3561709885996472,0.10918308975219038,0.9996528662616464,0.5077729048038102,0.5269390861577222,0.887117030857828,0.8776587708198179,0.9957286421433166,1.0,1.0,1
0.2595891556283621,0.1663387669651618,4.208553887411411e-05,0.38389745650495927,0.3747928609906315,0.005428735380899476,5.906991118844857e-06,8.00390278034593e-05,1.3019694758122967e-41,1.2045348586825952e-43,0
0.3862246593704241,0.3750405295606037,0.9996209620579876,0.5060505129856109,0.5392773392450724,0.1612508570404898,0.19252968736839954,0.9623484814243809,1.0,1.0,1
0.3157251764281012,0.3298229881453573,0.9506168798462614,0.5058013420655325,0.5637963789293282,0.1262705231123162,0.09484072729039945,0.055766659222302284,7.527270674309744e-05,5.0434762115097384e-11,1
0.2684048758903138,0.1593817745516308,0.0005395937907057019,0.47788443521917223,0.4274457233884973,0.3799653401850559,0.2881258392614989,0.05717746930017292,2.0765487861987652e-08,0.9999975755788891,0
0.23516017494329342,0.1170997159805954,0.001842886195777381,0.23550500879137795,0.36656184115682744,0.019136073971020604,1.6362389458618584e-05,0.00015732368240356436,0.00022619740531856417,5.273229245743151e-15,0
0.4892109939031209,0.8989427044141085,0.9993787018996436,0.4860293908607022,0.4546915821022074,0.024558331524394163,0.01128086659557698,0.052563912701454656,0.9999999985718107,1.0,1
0.2887316501586307,0.15266377855798913,0.00013743781795599563,0.4827130217709184,0.24422797857265235,0.5407317068616181,0.04785059464358013,1.940533001014349e-05,1.4838928591987605e-38,3.723896311304817e-11,0
0.26339622030573145,0.0274772634426925,0.7395585604870596,0.47385195180419987,0.6173951369628309,0.3059757447347626,0.0022171705981963953,0.0020981581735891176,4.6305948267463294e-39,7.079111648046545e-35,1
0.6443202981259387,0.052606239699046306,0.016435401619258643,0.4417847731598566,0.4996187762154745,0.029684545562536413,2.0912198000182967e-05,0.002442867008918388,3.328509563850486e-89,0.9999999999931772,0
0.4312253572210603,0.581972416131286,0.9997115332345143,0.499732241129577,0.4228364359643229,0.3970323425804363,0.9903284559006521,0.3823557749389794,0.9999999335560379,0.999999999999994,1
0.3345121931188674,0.12125807408200855,0.9338820811769822,0.36957378430620275,0.5173717233782605,0.8468560329373833,0.009881166734075937,0.8007657199846053,1.073190523430569e-20,2.746984116670728e-16,0
0.3185910978713871,0.2401799794691732,0.998123446272274,0.5187959509014585,0.6148895993687877,0.9760807301639971,0.9447592406253058,0.9891748194408388,0.9999999999998963,1.0,1
0.3239948450455732,0.26919172428053595,0.00047414882163042545,0.5029240870131241,0.495453459261969,0.3770666907879959,0.703775606895336,0.027561889690261396,2.5750261074921533e-08,6.73180795980069e-27,0
0.27619125314094667,0.16295467133309513,0.05638461496063514,0.4333351623557572,0.378526916972526,0.8374548538649559,0.003970866100872345,0.0031594510646340665,1.0,0.024888434623269333,0
0.4986143518180618,0.11552953294683177,0.900169456701529,0.39033376914961704,0.48948353449305837,0.108310820337508,0.008771109257267673,0.004691226853579815,4.2393391147952825e-20,2.4454618917283756e-20,0
0.3681814395834565,0.12174740017437202,0.00021270414572484224,0.49646076026194635,0.6315928737979399,0.004234859643233924,0.8844700335121589,0.9894453963430913,0.9895140343931158,2.8100694755655145e-12,0
0.4715750250906625,0.32257875694113874,0.9997057456426199,0.5151177489250105,0.5539448649379869,0.949422811882163,0.9991414795031202,0.9999117809675032,1.0,1.0,1
0.23158314075773065,0.6401163898237606,8.21712446267366e-07,0.19505127758972135,0.5102980632999633,0.34448636844333186,1.4804120095233377e-05,0.02055727871891519,2.7307085426542153e-74,3.2736700323913596e-71,0
0.32255189353982744,0.5815966824206288,0.9215110927196845,0.42357438345265813,0.6343688744136013,0.11196191308086706,3.028595235144562e-05,2.7782342651089837e-05,1.5842611423176572e-41,1.3325259661359004e-37,0
0.2838919779895254,0.34235752367265626,0.12647781614342057,0.2766325563883594,0.4743403267992844,0.057264463527134345,0.0022171175480813193,0.033058708424002346,9.20045480309779e-43,7.661644742665631e-33,0
0.32162206201843146,0.3243461940045954,3.7921499577866846e-05,0.31635707452847933,0.5580108053723033,0.19376644082701236,0.31883951943465516,0.0520718381875776,1.965365998179327e-33,0.026250911452079268,0
0.1358110567109509,0.2682114988065001,2.3820075615953976e-07,0.20356770523844844,0.40059825560303386,0.47931123351961,0.994275878215571,0.0019465217710697973,0.999999999999329,3.6789306291528267e-122,0
0.21110980813008343,0.07057469275370346,8.013231445203522e-05,0.4055367983678438,0.6527662324283127,0.7508625856841895,0.9400942757552619,0.15228570841957642,1.252085916599139e-41,4.8041010149692665e-17,0
0.24010161097561686,0.4731023074273737,9.365764660827546e-05,0.3931594659679497,0.438671843205306,0.021912500359725737,0.44002923532275146,0.6774597140332173,1.2065668432878118e-20,2.1494715976746542e-30,0
0.17647437208181088,0.24374365223235336,4.977027705631224e-05,0.4068866878786981,0.5010705971471775,0.06342388054783187,0.16988322795771846,0.000948340953852625,6.886716006337458e-33,1.347623070386557e-29,0
0.1290245712480309,0.7486232849257052,0.6938109114485341,0.31177999705339043,0.5089459218538167,0.8619384413088909,0.3470011250293712,0.1890313790934125,2.1716053520522234e-06,7.22527732582639e-05,0
0.20173283413278625,0.3574892051670438,0.6995037821765252,0.25392622679996263,0.47550177025369056,0.5327121675063049,0.2191005124462907,3.6664224659429944e-06,1.2428564800780946e-22,4.221784786532499e-30,0
0.3557054719266036,0.08498214663571901,1.8254977001539107e-05,0.18438052538861158,0.34933109831273024,0.07780674292630509,2.7216112466080423e-15,7.200475304895767e-15,3.997045887026286e-29,1.409111861097827e-140,0
0.5381683973007126,0.3886882457632336,0.004228492695270579,0.40204205201845583,0.5635369001281881,0.0006629947175227044,9.833084414283595e-12,0.00011908708893979556,1.0435538159180001e-74,1.0,0
0.4988557011899972,0.4129454280571947,0.9999649605161248,0.38741902773151443,0.46330300049119716,0.08262199286811636,0.999949705637782,0.9968071419140201,2.45364019893353e-76,2.1235502092472462e-120,0
0.4380724726271659,0.23523860034102834,0.00011388281458122232,0.3092867816448673,0.5131676117767177,0.06224829771874498,7.281215033944544e-12,1.3059234288339183e-13,4.927161300603743e-120,1.759862265286263e-64,0
0.47448996332610666,0.39981717169252395,4.4809239185986396e-14,0.2112422972762586,0.28591357931678685,0.00042116550367896397,0.00012170653543943831,8.209344770260508e-05,7.353590170531015e-39,3.565509647100154e-52,0
0.5658736597129187,0.5980678660283,0.6399744375757386,0.43192507537592745,0.6064583544152152,0.15120170427334872,0.9995836954602971,0.9129088973953776,9.64172540274907e-06,1.0,1
0.613781368457601,0.6730910164814381,0.9995324133270522,0.5185969334257287,0.38048995076205616,0.9677810140574441,0.9999999990441657,0.9999421957383902,1.0,1.0,1
0.5543153611028065,0.43570754852384763,0.9832786178929939,0.4956737156922535,0.6274008070530425,0.022141307954834044,0.9999998399881883,0.9999998773033814,1.0,1.0,1
0.5053397462058872,0.22541317241932032,0.0008339394367016025,0.3863154597192099,0.35957351301409207,0.17619059789336358,1.5939481818518992e-06,0.9995118272317176,6.587843966384185e-74,1.0174539228809119e-97,0
0.6062458898542138,0.21480893517649408,0.995689473334087,0.41427501621205665,0.5268428949054391,0.19894483238310526,0.001969352092444178,0.061992647872321165,4.240551853541224e-84,1.7104796141393067e-168,0
0.5838194177594205,0.710002056900898,0.9961669857865034,0.5079208273311602,0.38548656083823585,0.6874854915055415,1.0,1.0,1.0,1.0,1
0.616707270365386,0.7318189677589967,0.9996987131396159,0.5264266404942664,0.39011171079254076,0.7146410658309038,1.0,0.9999999999999989,1.0,1.0,1
0.5442450599875753,0.5469116528961409,0.04810991006470994,0.48036831348536835,0.3527326778945787,0.9345003915055643,0.013248464312475254,0.002312584036884143,1.0823057887991028e-64,2.4550950686733034e-44,0
0.6033658743165228,0.522235385424823,0.06901321179465447,0.4527849969088561,0.500245065949485,0.5379899467941026,0.9999775352032975,0.24774105657731446,1.0,1.0,1
0.5572033665592925,0.1725680377314896,1.6706976298368225e-12,0.423669808875266,0.5217047595776259,0.017650370892173382,0.0011778271671169102,0.00405784169209773,1.1671910759415823e-47,1.9082886493279044e-62,0
0.4973062871180667,0.05789503316350484,5.856913605769759e-06,0.5013037742227512,0.4994064239694082,0.005547254447303363,0.0017059566927230244,0.00015814881966306436,8.527481937012452e-49,3.7293308114338445e-55,0
0.49771787117735256,0.15781787855753793,0.7855378663335647,0.37820838892957864,0.4355042914641944,0.012317698867433592,0.06679070808283458,0.9962788896912277,0.999718234341586,1.0,1
0.5604432851316028,0.7150916576150809,0.9962852417575725,0.48430887037836834,0.42245921315377,0.8928487955908974,0.9999999998932609,0.9999989873110112,1.0,1.0,1
0.5906906610041643,0.8120536109590694,6.935110898227627e-06,0.5083224142664564,0.4338609626296497,0.13809003563044378,0.9853081043966554,0.16594882526095245,0.0009815384576288481,1.3329071906033152e-21,0
0.622065499054573,0.7318189677589967,0.9988335009342684,0.535431781515301,0.5624104368746934,0.6107599257175848,1.0,0.9999999999999989,1.0,1.0,1
0.49094695479006917,0.5271110240967397,0.05068516337712284,0.45925009748260154,0.49083712378557276,0.8776817336391428,0.0073768136951720435,2.1735276528955385e-05,1.1085641837521278e-67,1.9448785733192763e-06,0
0.54082188356477,0.5576048737198401,0.020779072700848267,0.4996037809144772,0.6375923509974868,0.05313571017449593,0.8215141714221977,0.008223914638662564,2.5437657813758686e-27,1.4530096656142914e-25,0
0.5181458605802248,0.3665425962063975,0.011531848093598274,0.5188980114122729,0.6274343981567467,0.1474421375971877,1.646433678467319e-07,0.5401604888676026,3.453210577275754e-42,3.07532138626268e-58,0
0.4989934465154989,0.32541256333822965,2.419791362447478e-09,0.4211216856187735,0.6228088613271839,0.3000141675037218,0.6609360382406941,0.00010155486416775668,1.0,9.421401261130966e-36,0
0.516572948253376,0.4323665802931635,0.8742246116777398,0.44789636077578127,0.40634140519389383,0.4441892330267358,0.9983233025426671,0.9999688629742288,0.9999999247949286,1.0,1
0.3817810861392804,0.41264527050730837,0.003908258178446086,0.3169960344684991,0.39779397334103905,0.00942848389071478,1.2052538592554106e-11,1.1402588728845079e-07,1.7543907286104126e-89,9.081983466901262e-74,0
0.5220354164352682,0.31312373524018877,0.8271256943129699,0.2950273645942895,0.5760596451870315,0.7654480603765227,1.6563362697379041e-09,9.20128776049441e-06,0.9998118813845309,2.6398308968783086e-31,0
0.40813037644159295,0.2252256058980354,0.0478664877363724,0.19514889559268397,0.24505312431972193,0.08626020222402679,3.345359673369607e-06,0.0001258430829407242,2.1407830391083895e-24,1.0,0
0.4231447201659064,0.0743410058355655,0.0012660105721413204,0.3871117963339889,0.6575318069168927,0.00015174769221428734,5.753604249387915e-10,0.24181075229109095,1.0,7.539952986781518e-27,0
0.36146590742453516,0.14037317067301278,0.15647470695893362,0.24052742620846815,0.25108527611435094,0.14461731744663453,0.00021846489140767188,0.0006872051767864316,0.9999999999721974,1.0,0
0.3926262936666162,0.7239249354361864,0.9943562453229995,0.31450109605195975,0.594549860130266,0.07965532478685261,3.695897551880523e-05,2.0980039400999613e-05,5.134819268692735e-44,1.0094282616993248e-54,1
0.37831022895839833,0.6817288245886769,0.9939391961724661,0.37755592604529303,0.6419730581114066,0.10414742462396856,0.8309467560133881,0.8969928316761182,0.999998916088678,0.9999997394850318,1
0.39267239013524496,0.42106101713493244,0.9995048324920052,0.41571030122358377,0.3970255094603094,0.1484684753445186,0.9999994170863639,0.9999926337606164,1.0,1.0,1
0.34310731577847275,0.37255164373267413,6.533949587818965e-06,0.4317442081532029,0.6373500013805625,0.051363389190313934,2.8883864777874606e-05,2.32350834989485e-05,7.27239532705642e-21,1.6112889171756105e-37,0
0.3791175266002507,0.6753642861539124,0.9895343689375153,0.45793647080460603,0.5468824585827499,0.5497009739467668,0.9970168371391119,0.996553267958394,0.9999999999999261,1.0,1
0.4074068083109624,0.8427415332022643,1.9505594706379994e-07,0.4044609641434473,0.4986106003440778,0.05622776167791598,0.5106219385890983,0.2724672544575468,1.4348107106137723e-08,2.4487567838645864e-36,1
0.4443589610658216,0.25246000947490077,0.0052704722848296885,0.4098957871531613,0.2998788000039855,0.5385257846282597,2.0239692691175504e-11,0.0010540075381614978,6.459550063922498e-76,3.4395912084300604e-62,0
0.4268517048986153,0.16298076849112267,0.00013629537984916694,0.2853602996758265,0.4364413178401789,0.2635384031045196,4.805245836961741e-38,6.226325517894558e-18,1.7147294841940354e-177,3.0316924007597007e-238,0
0.3514358899274895,0.650856651663218,0.3440036687846546,0.47704445875059626,0.4674069434171128,0.7963077986855008,0.9999767320997279,0.9999999999977651,0.999999998172451,1.0,1
0.19538419182049366,0.21242255759222406,0.0006511871162728618,0.4363743500708475,0.5929109627615322,0.33783766872582993,0.00010100293287679292,0.0001930784100531728,0.9999999737028096,1.0,0
0.6004192754732295,0.3527715697239144,0.999999788584062,0.4552760413462754,0.4966537476401037,0.3781283375861226,0.0005005578319651263,0.9999999829694338,1.0,0.9999999060313789,1
0.3930814565321703,0.15862474868872328,7.745319062584897e-06,0.27844736451104896,0.6985154489989449,0.005488467137691578,5.714051139932394e-13,1.0227444937352714e-08,6.826395561164639e-63,1.1224415308022862e-128,0
0.3899021715197173,0.6843488132320539,0.9975299457349269,0.332541348995706,0.5011323383738996,0.9178430602097991,0.9999935876213528,0.9999999999967022,1.0,1.0,1
0.39385221904629925,0.46800146721824226,0.011334548966815097,0.3934041930210042,0.5240293311765382,0.01413467474470802,0.3214864399559609,1.7671684121379322e-05,4.074682974236771e-35,1.4664727352201506e-22,0
0.4645692388522743,0.600891323124576,0.996372297046391,0.33539804843621157,0.46840733262611506,0.05201805494251076,0.3441484582864345,0.6966449396856792,4.724063047726655e-45,5.146628369705681e-100,1
0.36343268940737145,0.3713076125739974,1.3010306522008824e-12,0.3166279218652931,0.5635865050664579,0.8670138556933255,0.010644178245111078,0.004832517649758227,2.3699033056281647e-36,0.999999963014025,0
0.39495301852788245,0.46894585489266527,0.01038610202121806,0.47683135825405604,0.400902433399166,0.6069434383235637,0.08961479214051254,4.7012155557131706e-07,8.099321449293798e-44,1.3493547913828288e-12,0
0.2751918385115287,0.12839829942128891,1.1823601578374508e-09,0.37762125291108944,0.41601947993470195,0.02764272156916734,8.668597236483772e-11,4.579718134370348e-14,6.99292881135128e-54,9.484668417150382e-17,0
0.42115449265752125,0.34196521693284926,0.03769219982795389,0.4611457338578632,0.3646160376154284,0.7652341290490695,0.0372657006591981,0.9878336715214745,1.0,1.0,0
0.3652469725548412,0.46991073180986437,0.9314717252618048,0.42940521271677307,0.4528567998865189,0.05583417847500248,0.9999999999999996,1.0,1.0,1.0,1
0.5660712438304862,0.6058806458033706,0.9999952831826515,0.5479577627235597,0.46691766207826774,0.28151891448038885,0.0028644736577357506,2.3367705239861452e-05,0.0012412878839967727,1.0,0
0.5505932277303368,0.35765694570534784,3.858431480556363e-05,0.4641269846953419,0.5403603966269117,0.037268275160738135,4.805524745640593e-07,0.00019333714889515618,2.31788966758758e-71,1.0941953361079936e-28,0
0.4423049259953785,0.1676530135367137,2.3186185620882293e-08,0.3561026533324309,0.2842803207148802,0.6544620223625914,0.002881971394535099,3.4779629660357776e-05,4.601599709847643e-99,1.5094376896860576e-23,0
0.6437288576470324,0.15212903281877804,1.5772963405262464e-07,0.4073173534264383,0.2967826435750645,0.0010477673364964718,4.9820009614400056e-05,0.000964090258051646,1.375547053433613e-45,2.538003225890903e-40,0
0.6796568675702515,0.6396282714140146,0.9813579792754539,0.6221254376329202,0.6413174157597928,0.6181136230836064,1.0,1.0,1.0,1.0,1
0.6330109673694779,0.6835596614080051,0.9934613998919567,0.5580573595458195,0.6642192389625639,0.9313916870173428,0.9998454449369171,0.9999999926124385,1.0,1.0,1
0.658376606591454,0.7366406389572308,0.8607211089040707,0.6024218021120353,0.5209283516751839,0.38082022071149757,0.9999968802519206,0.9999999963597137,1.0,1.0,1
0.7059015788803352,0.7145907157146613,0.9990458033103766,0.6223497515289389,0.2938106319215518,0.4221443513499079,0.997392554893586,0.985272984508994,1.0,1.0,1
0.6492805112445938,0.6710796001852659,0.998717778616459,0.5972007532753575,0.3966105042593111,0.8271859606091377,0.9847508309451768,0.9880609517409756,1.0,1.0,1
0.5938135373604175,0.7423040167720375,0.9907414351280436,0.5957998618623244,0.431093361898953,0.967147405750858,0.999999620175892,0.9999424013283096,1.0,0.9999993294619587,1
0.6774892192066073,0.4879042499186769,0.99800152778201,0.6518150539564932,0.6401767453774412,0.6503730707689445,0.255418938936825,0.4334736562917297,0.9999999999984821,0.9999999999974416,1
0.6405133186409139,0.5435481553156688,0.9596200551887438,0.6600184913851473,0.5041776611063079,0.42010126527686076,0.9997103580490521,0.9996563404710822,7.44678042370321e-14,0.9999999999999494,1
0.6857050146534817,0.4226299582768223,0.9994981334544684,0.6720224613061712,0.5647988242207604,0.734409585854297,0.997593060334532,0.98910898798451,0.9999979477497882,1.0,1
0.4825168812685689,0.2987790852587123,1.0903970113648036e-06,0.5611198229910811,0.504037368764505,0.0444472973870227,0.0007000205753806923,0.00014407822600002673,8.720340200521206e-34,0.9999960420698255,0
0.7059015788803352,0.7145907157146613,0.9990458033103766,0.6223497515289389,0.42276732821046886,0.4221443513499079,0.9973925548935858,0.9852729845089938,1.0,1.0,1
0.6447647301506372,0.6452558080798506,0.9988859328737276,0.6123658481215708,0.4485503064055763,0.8153455343277829,0.989339305590106,0.9844365671439116,1.0,1.0,1
0.623546847519251,0.7392519030389155,7.817271569093923e-05,0.5874279466788452,0.5059651631022108,0.9732639192180118,0.977323077729772,0.997327439551498,1.0,1.0,1
0.7274546012945801,0.7271376056316767,0.9991648708271026,0.6773103128520155,0.37224195926831233,0.8568789708304111,0.999516323095307,0.9997449110591654,1.0,1.0,1
0.6847228607020954,0.6459316799160651,0.9986780271179357,0.64645344704046,0.34440649169039034,0.9573605191089062,0.9912905134590411,0.9958211638382654,1.0,1.0,1
0.6411228503167548,0.7501778386786223,0.9986068976385231,0.6359648821420528,0.5323859547937764,0.9778404402700196,0.9994872299334853,0.9999999154670092,1.0,1.0,1
0.6317887878246413,0.6053985686364218,0.012797576857089814,0.6336373782120446,0.349798126059149,0.15691466483781535,3.8657806504242877e-26,8.663455846623208e-20,2.188174411636625e-52,1.053345585647488e-71,0
0.5679279666178313,0.5028334724154423,0.008572884644716132,0.5217985852691449,0.6055856842360238,0.07265300809796679,0.019581694341245248,0.00812819222761585,4.4697905947522013e-07,6.641960700548525e-07,0
0.6998833214509625,0.6341442484555764,0.00825540518994797,0.5771208124031917,0.5272091353368247,0.37687210824729883,0.058609834110501344,0.027165937516470905,8.693426032555159e-07,3.578319841345073e-07,0
0.6959094594308304,0.6817971172852149,0.9806382134351906,0.611393980813201,0.39958178776113273,0.538585902360128,1.0,1.0,1.0,1.0,1
0.6330109673694779,0.6835596614080051,0.9934613998919567,0.5580573595458195,0.5180919643923012,0.9313916870173428,0.9998454449369171,0.9999999926124385,1.0,1.0,1
0.7030289039400802,0.7812629542515073,0.9999295860652151,0.6297426454259899,0.5973237075121394,0.9053710213537164,0.994433207443446,0.9996742752834225,1.0,1.0,1
0.5599441592208327,0.43145946523912426,0.673804781317496,0.5846078030407583,0.4150485596025568,0.8873509384051033,5.558799862465488e-05,3.409906019095209e-09,3.4697972354215114e-58,1.0,0
0.6909139302403527,0.6820116097764795,0.9764985156738623,0.6554473308422775,0.3998337168551848,0.9724464205122823,1.0,1.0,1.0,1.0,1
0.6334589872986425,0.6815876662364418,0.9925798486625239,0.5556562543582322,0.49429833526876615,0.9695180952936314,0.9935226480314299,0.9999999995939306,1.0,0.999999860798246,1
0.658376606591454,0.7366406389572308,0.8607211089040707,0.6024218021120353,0.6506116970186016,0.809249481138541,0.9999968802519206,0.9999999963597137,1.0,1.0,1
0.6909139302403527,0.6820116097764795,0.9764985156738623,0.6554473308422775,0.6253501428120212,0.9724464205122823,1.0,1.0,1.0,1.0,1
0.6168365332871985,0.6599567015825953,0.9651515877660587,0.5412332513771053,0.32169427796626116,0.40694994260052436,0.6396176322299342,0.9999992838423741,1.0,0.4243280110717455,1
0.6344328171373238,0.728762594460095,0.9987664642653541,0.6507132853112674,0.6091413182270433,0.8568915474054549,0.7178720711685482,0.7675876151864294,1.0,1.0,1
0.6684633596043287,0.6553889732705334,0.014069504721162395,0.6163391139382812,0.416965292718032,0.3648644371963743,7.585532376610101e-21,4.270462524318714e-17,1.2295177175782823e-121,1.320656964306065e-89,0
0.6220370285676626,0.5608890529242843,0.003918727391147894,0.5945337524953056,0.5074579692994953,0.6124438577982539,0.018812718374502733,0.0018420584702891652,2.651970272899132e-07,3.05257808783188e-07,0
0.74326767916248,0.6970962033821358,0.01679250690441576,0.6202039823811059,0.49886544256991805,0.48224018017439246,0.09515518940434017,0.0010787050080036796,1.698022310455681e-24,4.291261161253215e-49,0
0.6835052470264178,0.6743985119644743,0.9994673677405742,0.6247162820910868,0.46916310393924254,0.8360333104132762,0.9795424806071822,0.9757314844889384,1.0,1.0,1
0.6492805112445938,0.6710796001852659,0.998717778616459,0.5972007532753575,0.4414427259433755,0.9190525465683044,0.9847508309451772,0.9880609517409754,1.0,1.0,1
0.6058110202809173,0.6718990876717701,0.9177349531078166,0.6978646464529026,0.4234752992598688,0.9006405572810064,0.8942693634425661,0.5512548500265292,1.0,0.9999999894629653,1
0.6873383575035591,0.6885096571600607,0.019305062338320265,0.6663773243099063,0.47280020626068064,0.248652811669115,5.584685357178792e-18,1.3249596293955996e-22,3.793356986520178e-37,1.3374431303062673e-07,0
0.6207283985549032,0.5704871190075927,0.008514054217820831,0.6054113655067929,0.583956918994345,0.618710090433035,0.012974849462561817,0.006479032904037888,2.634761221058905e-07,3.0732692189661644e-07,0
0.74326767916248,0.6970962033821358,0.01679250690441576,0.6202039823811059,0.6109702897236491,0.48224018017439246,0.09515518940434414,0.0010787050080036558,1.6980223104556572e-24,4.291261161252971e-49,0
0.6386152486119652,0.6581206078656889,0.013689686449572316,0.6647742617163637,0.5165225701844259,0.6371907374268685,3.4314204435013483e-46,2.620749568928453e-33,3.406710080030292e-142,4.2294707024016386e-101,0
0.6342188958017594,0.5313988486951708,0.005226253851711941,0.5973745628971626,0.5162047236018896,0.036798529530995425,0.005814214158285288,0.009294504536770366,3.218606858216569e-07,7.305504823156345e-08,0
0.6297313268516679,0.5621767653801898,0.0013760186894963553,0.5498740617911028,0.5761408152965375,0.7557271453890063,0.7513429169203858,0.07416445756854992,1.0,1.0,0
0.7131024193967074,0.5450102232417859,0.18114130298924488,0.6849176411335911,0.4093844997661757,0.8423573755567003,0.9758607326982622,0.9919434703868654,1.0,1.0,0
0.597673000888811,0.3647367286192521,0.07213366462094702,0.5689009597663345,0.49723997000904857,0.2370920629966571,0.11715365188846728,0.01637086524783426,3.002288266358952e-16,0.005539311791871756,0
0.6440401336471386,0.38344603750710027,0.005525581157156369,0.6146149646331734,0.41352394111572455,0.27331815984162244,0.0033091086095725494,0.0007215301884170961,4.4661761338589605e-29,7.133803789424833e-30,0
0.7087098715541574,0.5589679846744504,0.9814550558188976,0.7065901400701213,0.5318594832944302,0.7825449524476317,0.9810205487829314,0.9997233889832453,1.0,0.999999999997182,1
0.6364831978075343,0.5095706473389613,0.9442183608205502,0.6475209494433783,0.7491608732244758,0.5644798607979784,0.9999887076947664,0.9999957960689508,2.3332855627198557e-08,1.0,1
0.6308707663149095,0.44354286255256603,0.9982950643271729,0.6732308761956715,0.46172558265639113,0.1530934246808581,0.9972782266647175,0.9965764901289427,0.12687418454079533,1.0,1
0.4605106268405333,0.18166547090445273,0.44053152964264797,0.4852655913256268,0.2927070522670111,0.04357141939971733,4.833290445534806e-12,7.044882547759059e-09,4.876943795902134e-32,1.106575651748896e-55,0
0.42874127127627487,0.47503404011913414,0.0028507159949685665,0.34250926567247225,0.5007424897531539,0.037798610520922885,1.0077966343162814e-09,2.526849785575002e-08,2.908805604525055e-52,1.4959550365357258e-42,0
0.5086166494647264,0.33564046645100437,0.21497637938842856,0.43366823208454497,0.4515973594329533,0.14743496039732104,1.1101194729918414e-08,5.87148264387096e-06,1.2651701112167768e-79,7.818208510080026e-51,0
0.5082601235371039,0.23891466395214633,0.000823315361902204,0.346521543100498,0.3323865185729928,0.6603620535749841,1.989288927260728e-09,7.720348470049723e-09,3.010324444364761e-65,1.4323371546667433e-28,0
0.47339883558413665,0.3001055955840432,0.00667380125745989,0.4296903187499792,0.48186215357230416,0.005376070933686867,3.0839542367117703e-06,2.200521998123095e-09,6.910967793471602e-147,1.486884753111579e-121,0
0.567326345782221,0.20778685589487786,0.8265060167886324,0.4664262680322086,0.3961786012652577,0.013907742469085882,4.541752478058783e-05,6.4134967059197044e-09,4.983320452675365e-75,1.0345788946475508e-60,0
0.3740401549243021,0.11507292634694914,0.0008090266765610543,0.5022017802447457,0.6268625429000342,0.0016945934456167285,3.936736283641055e-05,3.257535968273488e-09,1.0,0.9999999999999023,0
0.2843560747577812,0.22472123674978597,0.11614280113334058,0.37482634942446846,0.5070161510686202,0.8389535285411188,0.17219903724181548,0.0007070342868145847,4.549486708968168e-16,8.388792510290601e-15,0
0.41201583118307694,0.41274089933130775,4.715923063146944e-06,0.34537982866786715,0.43350982465312377,0.19295766419667462,1.233631810837705e-07,1.9012013123927215e-07,1.0508802756442588e-66,4.780271746978547e-47,0
0.49511806255657576,0.09013537301694625,0.7777352046610773,0.4172071318699332,0.4128322343187944,0.06582299544157409,6.343829661553489e-09,7.859527107645997e-08,1.1062525423177914e-23,3.2904570080929354e-43,0
0.20697561840296566,0.2260521329349973,0.03743565390870743,0.5671016720171232,0.28618726525477867,0.7729709221223483,0.7866574792685708,0.026197234117078267,5.422650466085299e-23,3.4545250086454584e-24,0
0.5122281826096002,0.31915280519844613,8.434563752055432e-06,0.4515238537823966,0.3754384032497604,0.31738624140131505,0.0008190610309294615,5.421257588660216e-06,6.903875051923865e-22,5.393617033387471e-48,0
0.3426067384631871,0.3328570511381274,0.0003463900966564461,0.2972217377626941,0.6597593880048105,0.05056466248401577,0.957377222864888,0.9966312432406103,1.0,1.0,0
0.3647035908690089,0.19020823742259887,1.4245160881027163e-07,0.29952130310677794,0.45230548196379317,0.1410806298203667,0.0009440292941530884,0.00010884933376337955,2.31958015157011e-24,1.3417922535784322e-42,0
0.4119500114227789,0.5636101904612842,1.1410474168369548e-06,0.415105536295275,0.40472923331475674,0.43304923180202776,0.004779351695293407,0.013309200804380443,6.871644422982726e-17,9.203772830544993e-31,0
0.3393880825768988,0.3056339169603367,6.386913587071995e-07,0.37178300984322743,0.3735698208978001,0.8462191816286712,0.0005137363871620597,4.204941872185339e-06,1.6157337474274666e-33,2.1375138808624528e-16,0
0.46158636523916896,0.7377694439477364,0.9932694324681365,0.49322736919085397,0.446301343284349,0.5930525475966734,0.9999999999999658,1.0,1.0,1.0,1
0.4023422187879451,0.35843518393490914,0.9821868081931562,0.45504294376548554,0.4313218509857681,0.5007099719441956,1.0,1.0,1.0,1.0,1
0.45962196420821677,0.4918080336460908,0.0028909660088880565,0.45596908411935716,0.6030158463121131,0.16550001455689178,0.5467212576305693,0.9708361468265811,1.0,0.9998608018172382,1
0.4462686932110767,0.3495425181694497,0.22592364104624213,0.5319387475186359,0.48057891975482303,0.10148321358975189,0.023798869806153342,0.999833062443311,1.0,1.0,1
0.37099335932374666,0.2339410684197946,0.777811226026486,0.3343230193645638,0.5314043176210534,0.8704728774934629,7.20756659248064e-16,3.917929929552488e-07,1.0,1.6969852717737875e-10,0
0.5132229823788557,0.2893207165401163,0.9966409173992787,0.5105876583667821,0.44516661956368,0.022348838952359982,0.9986253464831922,0.9999040492132304,1.0,1.0,1
0.4191917527440501,0.1601256121564887,0.4556961001386973,0.510146836904293,0.5620907928957244,0.938295922774219,0.9999675832886562,0.999999999999956,1.0,1.0,1
0.4582473562570658,0.08702420899580073,2.094314877467602e-06,0.4289481439569181,0.4521051188308011,0.022778836816835176,1.1897475688710525e-05,4.814765325377729e-14,7.735574371418893e-50,1.3742479077553118e-64,0
0.48202755194753566,0.6868092431289318,0.5263096701054225,0.5577207271401448,0.3811011779311223,0.28232559683437836,0.015288932369724291,0.08707843140570083,4.657139316279438e-15,4.563193986256506e-16,1
0.5213632303419133,0.6452837580060643,0.9987790178144845,0.611344647666916,0.5483549691615436,0.1321550282601373,0.10165484115544851,0.04654789540791732,1.0,1.0,1
0.4537661038008614,0.09302215996095654,3.836208072848668e-05,0.4559598756895998,0.4376706232400218,0.1476734221717886,0.00023925739979715465,3.9251240571192673e-08,0.9999999955227146,2.3397194444402644e-21,0
0.4342434925641374,0.627024089356771,0.5320578091922665,0.5421583030558217,0.4079306312081333,0.40937569317990496,3.660962454563961e-05,2.7792276096325673e-06,1.0,1.0,1
0.49856800569893683,0.5767203840001756,0.9976213141122631,0.5825887461687892,0.5444604979381287,0.055595277645011626,1.0,1.0,1.0,1.0,1
0.5328133620023952,0.4991934040173784,0.0024978072009284973,0.4722432411811792,0.4861368832493492,0.8032798613970407,0.028123536742538195,0.25149930851424224,8.095445264584675e-43,7.164950321875911e-28,0
0.34432210478672864,0.2694652360712418,0.009047470445737341,0.4865365355220386,0.39565361751793476,0.673580746942538,1.871446378582247e-26,3.499045252807834e-30,1.5680407785601606e-51,1.353662638053634e-75,0
0.46158636523916896,0.7377694439477364,0.9932694324681365,0.49322736919085397,0.6677326467945923,0.5549290462498238,0.9999999999999658,1.0,1.0,1.0,1
0.46210120984434255,0.49272381663385323,0.9955683327515309,0.5440138091416218,0.3887180683408269,0.9318351435586456,1.0,1.0,1.0,1.0,1
0.4976408205303072,0.7727559467966887,0.9969802342001743,0.5761437001639955,0.3080256952029451,0.9221506668578698,1.0,1.0,1.0,1.0,1
0.4023422187879451,0.35843518393490914,0.9821868081931562,0.45504294376548554,0.5583281825744777,0.8799152005774336,1.0,1.0,1.0,1.0,1
0.4218247314569541,0.7164742893284615,0.9952934362436368,0.5225812313993337,0.4261738975441535,0.3131977693686313,0.999999999999998,1.0,1.0,1.0,1
0.43891917434721645,0.45512348956336446,0.997660059745199,0.4879989074087961,0.3997565473257588,0.38022239131767516,1.0,1.0,1.0,1.0,1
0.39227320364642826,0.2355718558692875,0.10436246237097956,0.3731300317910537,0.5239239072906743,0.7845295983800409,0.6469157839308851,0.9522381384562819,2.5230708607807205e-30,0.9999999999906029,0
0.4886039416399195,0.46287065625096535,0.06115639964516575,0.5791966864044629,0.5738178880934988,0.26348034648804874,5.44331442288702e-08,0.003666565035984786,0.9999999999999958,0.9999991770817818,0
0.5453747239013071,0.6815484645020715,0.7027900179293652,0.4593825471579142,0.4528297841785814,0.5386970817452179,0.807636995119167,0.27551683996294846,1.7168068145222026e-08,0.9999999999999931,1
0.45987569280731067,0.5710189956510924,0.9999954733227285,0.5779888562715324,0.4438612091253291,0.12515372919910622,0.9998980198322546,0.9999998731911562,1.0,1.0,1
0.5063543343579732,0.4560812666767159,0.0006363500650831895,0.4904795808790533,0.3978627124361366,0.9474235586745271,0.26043146371366005,0.3603587537741599,3.0630391091381e-10,6.854929244362604e-07,0
0.44273178415478404,0.4174216382368867,0.009338358904815262,0.587882642455861,0.2970278057736364,0.1152686600483351,9.441518232551708e-30,1.523360134795577e-15,2.6121460283630466e-74,8.157192854677432e-21,0
0.5257319175839886,0.4989365352816332,0.00022585426419816207,0.3475011310606935,0.6547593850789291,0.8615321985406511,0.8676427457215208,0.42521353764472175,0.9999999999995117,0.8985840498929644,0
0.39192511846100814,0.27255827615379713,0.0033473600798576155,0.5180886343075306,0.5105973677803062,0.6421921209227687,7.353745160167038e-06,3.3382487390636943e-06,4.2603802534775996e-26,5.3694152129271385e-36,0
0.5314211085237354,0.24707840062892494,0.003691999162350914,0.5064620989912237,0.37645764605642695,0.5273041011059563,0.5210710127381479,0.1898917265145155,1.0,1.0,0
0.4236869456627103,0.13819332095489567,0.017448869814798547,0.5284454023176576,0.28659082460170815,0.9992880696631409,0.003403818156995732,0.0006519191947945299,9.198822780725794e-24,1.4120531763616771e-06,0
0.3661494918282287,0.1375619730102078,9.124833476571727e-06,0.3125329686685327,0.5283265633375456,0.003910881864729719,0.0060126226713130716,5.469887907844471e-06,2.312745013453008e-132,3.874407827628503e-51,0
0.47197036999243375,0.4134392812187774,0.9960137231469873,0.2526794707676374,0.6457202329579096,0.011021081706440124,0.999999738574116,0.9999999999234002,1.0,1.0,1
0.40996676287698375,0.1384268022454178,0.15854988266158057,0.4457918145516478,0.6691200794138984,0.8924270565708049,0.9999999999709706,1.0,0.996382437972273,1.0,1
0.5074143023076527,0.7136195529222131,0.9998121515427724,0.6671535607482864,0.5547933954498714,0.6853064830419274,0.939716841382386,0.9997105916446695,1.0,1.0,1
0.494076415489752,0.7452198344452075,0.9813110856831667,0.6290142318364506,0.39130255494687866,0.7446747682623229,1.0,1.0,1.0,1.0,1
0.43632044109102663,0.517162691844943,0.6234274497133505,0.5687435295803888,0.530455116621522,0.4809382278948828,0.8768410100597686,0.8371152558547365,0.965464980325076,0.9671565124994017,1
0.4014582527135679,0.34225364144729964,0.8467923508822431,0.6282714138850571,0.5259922543665474,0.8970337229598792,0.1554655781943015,1.6595315901951797e-05,2.27548001324376e-18,1.128469656314894e-40,0
0.40889527407804765,0.6521158385214273,0.9826088643968375,0.5397737395751205,0.3917994841961581,0.5119307059816774,0.9999999998375015,0.9999999999977061,1.0,1.0,1
0.40889527407804765,0.6521158385214273,0.9826088643968375,0.5397737395751205,0.5320945571260556,0.6834026665319606,0.9999999998375015,0.9999999999977061,1.0,1.0,1
0.43721608289573793,0.5291367655658368,0.0038943665238177446,0.6348316683466105,0.6493393418691951,0.8574080992948557,0.9943361814866745,0.9970440901410444,0.00019325093532554361,1.0,0
0.6187237625034463,0.5307996946385095,0.9552079255469509,0.5960315611197892,0.5201967370475462,0.06477339932656521,0.9825069506315032,0.9121072421834799,1.0,1.0,1
0.3605209246493779,0.48066549548656234,0.007871558913271794,0.37721903727026823,0.4832444431512166,0.26986766411503804,0.2472836878821299,0.10342874013890696,1.571541845035635e-14,1.5044153841067332e-08,0
0.4903907565045173,0.5652729492044924,0.9999011503549594,0.5116901014959857,0.4905988006088852,0.9985530239160245,0.9363103342846477,0.9406466912331273,0.999999999996833,1.0,1
0.49780324392923475,0.6950684120543613,0.9992083514802715,0.6974031389595109,0.579428471902918,0.9311974813090734,0.6792790827561691,0.9998100467427063,1.0,1.0,1
0.4283560442232023,0.5698197428199551,0.01598153156203193,0.6785774212347935,0.3950644548798347,0.9676031785411399,0.6885510052348588,0.013828253414912211,1.7405212607580266e-48,8.869645640877811e-69,0
0.46548725593361984,0.6683580231348903,0.9697867776262782,0.6023168432044401,0.6176106121466516,0.7881474160678307,0.9999999999998883,0.999999999999561,0.9999999994971123,1.0,1
0.41187539286996616,0.7363477058935011,0.35554106979082595,0.6371577959914543,0.4500029278478636,0.8730202482720245,0.07241238957031076,0.041236123205192224,2.2342694124063818e-23,3.3601524350035776e-13,0
0.4158508779710784,0.5661258986932585,0.015785122586653655,0.6385330972619969,0.5346819176937712,0.5916810137494851,0.5396921314002052,0.14963674288374668,7.667763098592798e-31,1.1852069691903487e-48,0
0.3035376299930681,0.3111090149269155,0.005779450370221274,0.5463869979008527,0.39996883587587884,0.08815667758393139,0.008269029433156182,0.0001932492878984929,1.3735611602673554e-11,4.4298674834696855e-37,0
0.25112570540332896,0.08649668236987641,0.9996657072050171,0.44636976775723874,0.6485981606376993,0.3532346374548119,0.4084991916036106,0.6870754450410591,2.715264056087895e-08,3.316845693963544e-09,0
0.3946830197370978,0.3941843897058422,0.9987462707763722,0.517513745157187,0.5660418840288455,0.5871531118343485,0.011070453129430865,0.005851866222988037,0.9999963529427093,3.35873460025657e-06,1
0.591914216312455,0.7063479789527585,0.989715039250099,0.6856736426905399,0.601555048497284,0.43499254582754054,0.9972919061531815,0.9934079166882,1.0,1.0,1
0.5664427863415571,0.6663617715001664,0.2294039306264139,0.628168766067793,0.4148845216068008,0.3749556006603144,0.981062695844771,0.9250194039156222,0.9938084683471309,0.9974470027983421,1
0.5635767087267125,0.7043158529249754,0.9742367840185994,0.6699933286844527,0.5039160501594256,0.9691542676845916,0.9964408346294492,0.7240672712951183,1.0,1.0,1
0.6013864709013524,0.6801484116661367,0.10793624668433621,0.7017919546077603,0.6307198655454475,0.9179640154272907,0.16083478804545268,0.936863491821312,1.0,0.9999916250341466,1
0.5762930372759263,0.42465920543283303,0.998756472931158,0.6693474132014274,0.3834766267713956,0.3611264763528331,0.9993377343622449,0.9975872358013492,1.0,1.0,1
0.5300363677536336,0.45155351166383717,0.07201302107421617,0.6882267817318902,0.41730546699709387,0.3786301549572786,0.5313479181941432,0.5132189354969252,0.34344996123396027,0.0030285081063899416,1
0.34637250566250866,0.11483386305755049,2.0830505525936277e-08,0.3490626356527204,0.5196620929461264,0.002997561876099908,0.013284665803178471,0.0031503075666103036,1.2508356120947246e-14,1.0874068118843526e-59,0
0.5021050125009517,0.2786514005997042,0.014749046654641681,0.335990764433821,0.41545761461134323,0.16433519349246314,0.2025154892461289,4.5324322063620304e-07,1.5000750226829584e-30,2.745163190038544e-47,0
0.5644741104617464,0.6869029780337967,0.9991492797698774,0.6451011546438945,0.5249732451971434,0.5500470626146424,0.9992743057459861,0.9996077375873148,0.9999963341062106,1.0,1
0.5272312662198537,0.6111231431311969,0.9759376985220729,0.6936573084253805,0.6137655012108025,0.9636489087572897,0.6409541322671781,0.6983754577993389,0.9999932179344062,1.0,1
0.5971606356946075,0.6984013722217395,0.9974536836633019,0.6940210800020266,0.5254972194487245,0.7466357393257315,0.9988841747549224,0.9937952838151083,0.9999989183962962,1.0,1
0.5709268819920191,0.6900776764794546,0.9509424435719332,0.7367964971007894,0.46396068398137746,0.7779746598708415,0.6177981283501225,0.43319701276424866,0.999999071526889,1.0,1
0.4868165665668217,0.553283823430592,1.2848059447096986e-07,0.39993285123356953,0.5534273717190695,0.7294714293012018,0.0059286245758725835,0.0002948888806249462,1.6951799660150334e-17,1.854598441360355e-16,0
0.5972192423661773,0.5564471162057397,0.054579427350131465,0.7119431061435546,0.25816694548325364,0.7295433713827001,6.778528903369268e-05,0.025524593143079918,5.706834072871222e-52,9.754092397100716e-75,0
0.571933298976326,0.751951985785933,0.923379835861061,0.6510378742924605,0.6255266105511686,0.09536766472192838,0.9575704262168262,0.9234172412327049,0.23959040113795554,0.016411252348833578,0
0.5822271471285605,0.7157916769217015,0.9994899637638592,0.6500756894064507,0.527821877736229,0.7478989358980465,0.9633063843893994,0.9835705290064325,1.0,1.0,1
0.5737192422796312,0.6645616426537259,0.9970493536604643,0.6887494121581236,0.47577138013270176,0.657543354240554,0.9891626357069098,0.9367405269783572,0.9999999999907501,0.9999999237613051,1
0.5746152276200365,0.6865453353316187,0.999798438899001,0.6972784736481792,0.4683828567775747,0.8288420322159107,0.9960385589367995,0.41760414800025786,0.9999999999999991,0.9668713313680618,1
0.5256023492246362,0.5891745403914728,0.8948314358077125,0.7205366074724567,0.6572663881050421,0.6346430409847518,0.9490836070146863,0.7367399037309297,0.9999992584883547,1.0,1
0.5867705470708471,0.7477727755383586,0.9766457261464129,0.7184245311719505,0.5302732080736002,0.572490174690291,0.9696496297732604,0.9828983887572794,1.0,1.0,1
0.606782004991906,0.71355621407167,0.9723819076090564,0.5976181011515694,0.29153324975691697,0.8776632020010429,0.8178379969412557,0.5438991373845441,0.9839127286575875,0.9930802180948174,1
0.5660624878217475,0.4512958601665456,0.032096145049149774,0.6884313096402533,0.5390037606603693,0.49415115794624986,0.00011206813595587775,0.007252726768293119,1.5499616435476082e-36,3.812791675717841e-20,0
0.5612110254131423,0.6894375206123652,0.4134758733320122,0.7230234788686477,0.39978891118522614,0.5925115350217522,0.8565094332501312,0.8769740845318577,0.20430157508170166,5.0699333639283976e-05,0
0.5396944909805944,0.582685659919317,0.0005157232654120253,0.7294460852053156,0.4160977146216235,0.9426288756997674,0.9990600363579091,0.9885334623065132,1.0,0.999986947043076,1
0.5493402219541634,0.4552997794716403,0.664679488268947,0.6152812362170105,0.5762843865120191,0.5446730375359512,0.35381147196238955,0.14397455659682945,4.5687092426267437e-05,7.160015139277732e-11,1
0.6314256176294926,0.5759560796183624,3.7572131755182603e-06,0.6920549659171386,0.5077390667166051,0.7507772786110877,0.0018195148962287485,0.07317963121916807,1.6478251194184758e-35,1.714140486508016e-55,0
0.6084944529085375,0.691714595985973,0.0003327527085998813,0.6796106887440009,0.5095959314352014,0.23019746007121644,0.029715820657937115,0.0037923783965339566,3.61599867460272e-46,1.0405108805237591e-49,0
0.5567890335256307,0.5345909907488142,0.3141168730848737,0.709824497188338,0.42182395364661956,0.32359153959996306,0.06141201518058889,0.4180119804869068,0.07862196857747493,0.9999999999688791,0
0.5402567522726192,0.6981014663715357,0.6936844347692881,0.672004242040333,0.514962505629793,0.7185083124125146,0.9888630403945114,0.9938866182568478,0.9792512474366395,0.973659267205198,0
0.5071545838782737,0.32703164311908023,0.03830974647822949,0.5786342266580615,0.3478583176368112,0.6248019513449491,0.028658739219004872,0.6167036780837496,0.9999955698548872,8.691367818490808e-06,0
0.5570759824255086,0.5179565625623963,0.9304554842750685,0.6272437006818821,0.5097886997158008,0.9821524764270362,0.2359257048532158,0.766898017220273,5.148736264584634e-14,9.048433655865477e-10,0
0.4737236520513774,0.257444020716462,5.64276635848193e-05,0.44467196745797244,0.5187699289527339,0.01594994542563414,3.616839838968056e-11,1.7538384068931636e-09,6.959551307983401e-59,8.048600206477996e-87,0
0.529032770522805,0.4174042288766284,0.9088927070972257,0.6764823580127388,0.4664594457671243,0.4890060009867004,0.6630515465947561,0.998211111136815,1.0,0.002332125407572327,1
0.5806468139303397,0.4444469904773884,0.974714131953141,0.6255610521682267,0.43915299261846624,0.4446780262623493,0.936213322867679,0.9908933618462042,0.9999999698454107,1.0,1
0.3973534074978147,0.4568435560297521,3.310478418964085e-08,0.43490728881599905,0.33229311145701446,0.08729009574822269,0.2844237273553598,0.016479576552822485,0.9988600778140357,1.274930695945618e-17,0
0.43278922978322204,0.1971936626897733,1.5087392585150852e-05,0.41329812788475606,0.30532938261463355,0.006334162620124934,3.84297078731471e-09,1.865070587856131e-07,1.500812932194931e-43,1.0709265924875353e-53,0
0.47030406777528744,0.2915626653760853,0.0005204387943958035,0.2535670402295394,0.5426961214065684,0.4468226411506959,0.049285109989875286,0.005675358183492254,4.506005472702597e-52,4.206384902661943e-52,0
0.42269634978272785,0.10467640927239741,0.8767126904442363,0.29884264779258324,0.47086054044777775,0.08261195500085235,7.509050692236696e-14,1.7179796809653048e-19,1.7733423285101773e-52,5.6877781019176e-76,0
0.4018177381493474,0.26567326797108465,0.998291265860797,0.3040392497937772,0.5245119589661238,0.018052158747537867,0.0024908800912847805,0.0007880231000303605,0.939006549406921,4.605826843230928e-05,0
0.5403516200900843,0.25478278524966713,0.8510462319677651,0.36484307857464127,0.49626286289615135,0.056453659159289564,7.403925784050054e-11,4.633604015225355e-11,1.6144459701067447e-74,2.323860013518392e-75,0
0.2473821571595126,0.23669958789997236,1.2885216393016976e-10,0.3031004563788733,0.3960740832780501,0.4255736456236475,0.01076453196726791,0.00043209359038571773,3.595221021143696e-60,2.7770959791280303e-08,0
0.17793571221198679,0.2092016632216582,4.45141121717553e-07,0.43755997402278796,0.3607566033638344,0.05132251280430058,0.016829780066954896,3.739786557772768e-06,0.9999999999999136,4.394231039271543e-49,0
0.27380707435333845,0.38264893940984784,0.08289329832417622,0.37280312127842075,0.6188722762241318,0.2899986597899057,0.0007314660578001337,3.924461433617485e-06,1.2246267148850361e-70,2.4488819927496887e-45,0
0.203599149719377,0.8405714600820824,0.31500950737109423,0.4041862372345131,0.47910128551123143,0.021656326691983273,0.556134687856339,0.6983512362515583,2.0096911831850638e-05,0.0004002059754513905,0
0.20542830847761387,0.6907378285551456,0.08711862535186572,0.5000452717394384,0.4496781248878806,0.4819470178042567,0.0035866513478805947,0.0009579130384021873,2.080932484019468e-34,4.051432728717327e-23,0
0.7097566296341674,0.802877086427507,0.0027834958580137226,0.6267586155667065,0.5476157971816298,0.016188075734574637,0.0006359945766681995,3.45977389182684e-05,1.0,9.751308295384487e-29,0
0.4199214483434713,0.381345401058,0.9828899346734669,0.3003364313729814,0.6725599272206467,0.438016082895469,9.201388899619952e-07,2.3765886223468035e-16,4.660281762249241e-141,8.632917702694506e-61,0
0.35828150493306626,0.48945493386318695,0.0013695150555254108,0.357059560543645,0.22289425372216407,0.7920408785625244,4.66246281080425e-05,1.3708693857153855e-14,1.7247541337128452e-187,3.145583982573301e-257,0
0.5063272150501298,0.21476597871636538,0.9994822042318102,0.4583639268045127,0.3502973561034742,0.010713281595653759,6.587243913906529e-05,9.148168250738233e-06,0.9999999999991831,1.712893820023559e-37,0
0.4920228729861955,0.5498347891394365,0.06457480622648559,0.5777749698848891,0.511798074441221,0.16746917103693548,9.645841686575303e-14,3.2199059145441696e-20,4.2931350770217705e-210,3.034085260361041e-173,0
0.6476358075532158,0.32964484514695386,0.9999571889355535,0.29654161823243563,0.35425777680830395,0.8821311887279057,0.9999998087866943,0.9999999993002093,1.0,1.0,1
0.7606105232585573,0.33876537465039175,0.672908595396024,0.5202143432805626,0.44272549401905087,0.08276083145160198,0.9999433417431958,0.9998922913521887,1.0,1.0,1
0.6901356538330882,0.2994399417394429,0.9997388723089641,0.6376578318896016,0.4644503075468996,0.8650394678241292,0.16160030841526787,0.3046193391243365,0.9771692564054665,0.9975426868088898,1
0.6010149458555607,0.3173634184065452,2.36452253923249e-05,0.29875965839969587,0.46395125174873064,0.12142029704182647,0.00036846625298207736,0.9790602204102057,5.4814359951073e-39,4.2204121843850197e-47,1
0.5799559247936288,0.10042600407702937,0.9999707335992469,0.6259669092700961,0.5499933876942775,0.13117625067395564,0.02316895399438004,0.03952936941529594,1.0,1.0,0
0.768529040085488,0.5062117902198195,1.0985720742456056e-07,0.37461223365968915,0.3962162388066468,0.5442712672459701,0.17629953711172727,0.0014285509975486106,1.0,1.0,0
0.5604779570955206,0.5753908525001532,0.005690362497520709,0.3641727905180167,0.3602846946377994,0.0004938165353690844,0.06949954368690917,0.05537603440659777,7.920418301657033e-27,7.35028378160343e-43,0
0.7970378488317996,0.7263580212334118,0.030808299579309795,0.3844777577517027,0.5130249370711294,0.2678923329428588,0.08871437788004541,0.04459080645361548,8.169921060322833e-201,1.3826268009881877e-121,0
0.7217716358729683,0.45697388446755743,0.0010967488811506217,0.5913914993078452,0.5921230925621447,0.3394873221078977,0.40093557109999806,0.34122080112886866,9.795682040918986e-07,8.775065875552764e-07,0
0.6975141736174841,0.7559494022273495,0.9819395034725399,0.5220709783124297,0.5221076506962712,0.22924099225725839,1.0,0.9999999999642328,1.0,1.0,0
0.709283978300888,0.6810385604282242,0.4151226216616826,0.46210570849713944,0.6210737062330113,0.10653142198354378,0.9241683260765039,0.9772900776732385,1.0,3.075827930723547e-20,1
0.7231768596824513,0.7043150039137832,0.9467141773970534,0.3171439217886777,0.41138761188240075,0.3885511620949057,1.6976325390320235e-07,5.764236434921387e-05,9.766957376970154e-55,7.286057225805731e-34,1
0.642923234674477,0.4625127306839295,0.00029260816253868794,0.5557856773831439,0.6656385914097639,0.020553017905918475,0.7220984136666819,0.5492013184983857,1.0,1.0,1
0.6487820989001585,0.5653057849811591,2.5287070878392386e-05,0.5537537596005982,0.5764450477786882,0.3566299395379589,0.002868905242892589,0.999904832051286,1.0,0.9999991736817095,1
0.6107530424536106,0.6486448590175156,0.001983411040172257,0.3942188373579283,0.670587082598587,0.851474131092048,0.11388070148521459,0.12893789312061718,1.150013542201913e-17,1.624289418977448e-19,0
0.7990118805597519,0.6441478912551262,0.03449144887731728,0.3123998231520464,0.5405794657839454,0.19332196773776714,0.16600372662907883,0.0822244712045045,1.5070838476967795e-07,6.480425518986517e-07,0
0.7521113868850019,0.4413805085778173,0.01092369041547748,0.6038845456184838,0.6086547343396369,0.5282751793351287,0.2655736179106294,0.22127715362187458,2.2578828149621896e-11,4.566815963297678e-08,0
0.6975141736174841,0.7559494022273495,0.9819395034725399,0.5220709783124297,0.4828527132687862,0.4068645555631236,1.0,0.9999999999642328,1.0,1.0,0
0.565162795888769,0.4657767288585903,0.006313387278221516,0.4442073558333108,0.5286057458457799,0.08095109790320791,0.00018075850647558222,0.008290044485074168,0.9944967160838989,1.0,0
0.7770155971272672,0.3572401782740731,0.6491626595611847,0.5386507740717184,0.5759999869340223,0.44730630126589177,0.9999764583646223,0.9998473583870442,1.0,1.0,0
0.7108649753693798,0.17072153251567931,0.9908964879970374,0.6470039003337965,0.5291662770609079,0.049754262217786824,0.018349918674302645,0.02586382354929173,1.6655970802926202e-06,3.1436221160918865e-40,0
0.6218946228861953,0.5350983778534225,0.4871908168065246,0.5397520568637212,0.4096179276261622,0.9936465336492379,0.9999999999999991,0.9999999862337707,1.0,1.0,0
0.6482021262541541,0.3952557047014589,0.9986216189396249,0.28167830223500434,0.5919798111865121,0.9220730891922648,0.9999384233325253,0.9999992603923767,1.0,1.0,1
0.7152829350474956,0.4766298260226866,0.3235428664268357,0.44193859231206056,0.6586389448558488,0.24425678826772873,0.41397096163840597,0.25036958722808933,0.9999999996901294,0.934728548200807,1
0.5876861055103693,0.17771682462260932,0.682514063964552,0.5307163070485285,0.5532780245589386,0.09901327991750498,0.7977220518269931,0.6665762944127162,0.9999988037977734,0.9999888988363124,1
0.6002307825669219,0.28933778052347026,0.00024249121345386337,0.40690255695627997,0.5199951898978002,0.09843335306080994,0.00032587843221821146,0.9999999257532042,2.0752646648327096e-27,1.5066331171996146e-43,1
0.4759682208231884,0.7499370797846237,0.9986648113700755,0.5574709426973393,0.33247724133603207,0.9191581521633247,0.9991712155449254,0.9946139501712712,1.0,1.0,1
0.5161920005621088,0.5782521988659032,0.6852416633350586,0.6163168843679901,0.41600805066301294,0.4717304158132951,0.9999999981939283,0.9981090550464703,1.0,1.0,1
0.46324926514441594,0.7038330203618992,0.9558157491162411,0.4760546171119009,0.32237573318023877,0.9929407893212707,0.3219440621694809,0.3362818853114749,1.2828902938039937e-22,1.0713654446834882e-07,1
0.4559816093286136,0.3915165701028663,0.9993836001711865,0.6604740644920588,0.43103833157669674,0.8542040641138245,0.9152041958562558,0.15800580578988194,0.0067025223397278524,0.9528219241116025,1
0.5203043819517679,0.6247638812079591,0.9936553418333086,0.38636431715075215,0.5546713184175435,0.8063540831424467,0.9999092784540485,0.9999986391563926,1.0,1.0,1
0.4572707375386762,0.44974067671628104,0.6043380809691985,0.46574832142099637,0.5976959650653024,0.040862346132169096,0.7965175555466495,0.9977704896772717,1.0,0.9999855241622898,1
0.2727045226404843,0.45059971892311107,0.0016647344725501446,0.38936439819543156,0.492046885945266,0.028858816354196473,2.0451755664633074e-30,3.94266253460939e-20,1.4126104871212614e-167,6.022842474764181e-285,0
0.5190631641213136,0.7890984655320185,0.5796265227982442,0.5831476691685924,0.3756569283088567,0.5243113360453597,0.29897159580021915,0.9830332472539506,1.0,0.9999999999999791,1
0.4760645238606734,0.6983864222340154,0.881702019954456,0.398591395245072,0.3722782049932435,0.3581445985580019,0.9501291423936675,0.1686706606768912,1.0,1.0,1
0.5033024400280613,0.789440425821045,0.999328122090494,0.49592581078256687,0.5182637829648988,0.993611192405351,0.9999771326964142,0.9999848624368527,1.0,1.0,1
0.4566213733036866,0.7712010455720828,0.9908870860097685,0.5067982116638231,0.45362418629517987,0.633445395811913,0.9928304866385909,0.9943129231105013,1.0,1.0,1
0.4227037869638903,0.6811627549672358,0.16691939093214694,0.4277960945593649,0.4872838172837307,0.2247178909441921,0.6947574560659823,0.48879371120247717,0.9999326314032108,0.9999999999951323,0
0.43290462102851773,0.4996479484744405,0.001666956895156511,0.5570178007054045,0.4442224503080005,0.9237956513271445,0.28402779112829385,0.3869863522405428,0.9953150036320789,1.0,0
0.39655074957527847,0.5511560837778582,0.004641316532016457,0.2661011842509783,0.496533142966762,0.15532632914910982,0.0001534927739232123,2.6571626800717388e-05,2.3737772983670426e-30,1.3121325910657702e-53,0
0.2952965540522286,0.7734183741084448,0.0004721781823888663,0.3368887465059885,0.5194609220191091,0.8681803718746941,0.0028062648275017687,0.9999989828821989,0.3158358697887353,2.8921744016284993e-70,0
0.4980471448365114,0.2636526726320084,0.972940056299648,0.4963335940426951,0.4970869238638105,0.6968571906075519,0.05968785919988427,0.4433518469777369,0.9999983643887969,0.00020535752498007813,1
0.4898705079314029,0.4743503825351196,0.999997873016054,0.5761362115304117,0.36253970510412764,0.6612138108051853,0.9999999998341982,0.9999439660532552,1.0,1.0,1
0.4942483009745192,0.1798813028744405,0.0013521499485566737,0.42421818897053426,0.42294250401295896,0.043755950372713105,1.0,1.0,1.0,1.0,0
0.48224474945936313,0.7238352230730057,0.9988419037868912,0.5753010866618128,0.4542839452351421,0.960758476661273,0.9997991824071212,0.9999630557033552,1.0,1.0,1
0.5329508046941206,0.5794005289967127,0.9992898509054214,0.6279986081468357,0.5580326373877498,0.9814694775668937,0.9999999999999951,0.9999989350197585,1.0,1.0,1
0.40488203870019074,0.6929222992332446,0.0030681493913062227,0.45387444393559795,0.3914802570195998,0.021228149451438354,0.01253469935692183,0.11326870432369808,7.364026461016377e-14,3.1912216041208856e-19,0
0.43822453194366034,0.4674882120555501,0.025637837177409136,0.5950007060153897,0.5030285730351922,0.35557720051585145,1.4730597498760728e-09,1.5181705918124449e-05,1.1919493508961682e-58,1.511095908988672e-55,0
0.16788339934265498,0.609996636180877,0.9964347711181804,0.43012420313868965,0.3012229240768073,0.2568670873614467,0.00037280013624845415,0.0002384362238763845,1.879360506806788e-85,3.236055452499425e-59,0
0.41889877767309136,0.5137936134237976,0.011309235249768438,0.3864573013557493,0.39764717374146247,0.01061290064850374,0.26474302102527836,0.07014278603384971,6.599711822257319e-47,7.479586613056055e-48,0
0.4305258033243195,0.3329946826219986,0.05176926990201979,0.5726669425477917,0.32713838557824965,0.001745352995618387,0.00025200332695469595,0.00041998602281134793,2.8030133092315763e-23,3.295980872977402e-88,0
0.5141568207994003,0.5952589062959687,0.9992479422340015,0.3894961718284213,0.5841291946865015,0.942991080012774,0.97762535206851,0.9999657820389825,1.0,0.9999967045463988,1
0.5037754804919298,0.29923275731445637,0.9930048459919258,0.5992700093400588,0.43731172812133506,0.9949660827954179,0.9114539028858677,0.9188155525537747,0.9999999999999942,1.0,1
0.4701675629653476,0.6975484572184288,0.996467473750738,0.5949042713572693,0.45495448821121737,0.9407979040730123,1.0,0.9999999999439371,0.999999878743546,0.9999996105207822,1
0.47260115897140725,0.5286358853849717,0.9954893453327258,0.48082354677596484,0.5643033617392919,0.5660594658351699,0.9999999999961913,0.9999999574812228,1.0,1.0,1
0.3684794212971255,0.25122845090145673,0.3373532090095112,0.18710928159448173,0.4950825018958964,0.0019136677764044127,7.331942329255536e-11,1.0439995187581198e-10,1.0,5.362198135253613e-60,0
0.3192749485506942,0.4479946574273186,0.9554250229390926,0.5638678088821437,0.5717877370796571,0.5670787405286093,0.35540150703203993,0.9956872302252049,0.9999999999999993,0.0021461967832372576,1
0.43687579606824256,0.3182863072345267,0.9039217580813345,0.5110638482662999,0.4613653229345478,0.13714198062651214,0.9998376210209536,0.9997772674265935,1.0,1.0,1
0.4699895208578475,0.7497564404201708,0.9997154290738186,0.5179291933487484,0.40837511354413797,0.921681579690437,1.0,0.999999996498385,0.9999999999684344,0.9999999024908792,1
0.496196684550961,0.6175551292423711,0.9999654313244867,0.6247189669383646,0.5546570550538541,0.6064831470568093,0.9984806847886133,0.9910805010736331,1.0,1.0,1
0.33709839847012396,0.6345688371997535,0.9753563267853413,0.5400438838831542,0.5144239974377661,0.85404427852192,0.9946703604232215,0.9999999704677409,1.0,7.636430615602907e-22,1
0.4451382502126045,0.5666547874367635,0.9997701145478451,0.47729423323347264,0.5554783918791598,0.8049072837185122,0.9999956266334692,0.9999086913833594,1.0,1.0,1
0.46495094512781804,0.36618275234688136,0.03283103454055528,0.3877963691762231,0.5871670984528119,0.12130423270712654,0.0007202578432775792,0.00038888229878248487,4.441932224389143e-34,3.5607841776452454e-16,0
0.4699895208578475,0.7497564404201708,0.9997154290738186,0.5179291933487484,0.563547957060981,0.7085587243717884,1.0,0.999999996498385,0.9999999999684344,0.9999999024908792,1
0.5746315227172492,0.5739970465079315,0.9989595809640192,0.5608121066945406,0.5513158542668644,0.98565652952602,0.9999999982604357,0.999999999916432,1.0,1.0,1
0.3346676393913329,0.5427575736248597,0.9921227910365756,0.3882333481508218,0.5641525060507698,0.2065514592622875,1.5690315784346093e-07,4.273007753418796e-06,8.556613179992505e-73,4.281738040260187e-84,0
0.4725449669419544,0.4586792356514986,0.978039265463587,0.46909014330166066,0.5075780388886298,0.05325028042533284,0.010824348910900793,4.6177481521260136e-05,4.497341175937816e-30,2.614220895330099e-19,0
0.4590650176835571,0.47543633371257615,0.9892819256386084,0.5577568679683207,0.39908834920162817,0.3413672890296124,0.9774723026586101,0.7220388697517217,0.00813654827206654,0.9999999999893574,1
0.46127650841449713,0.3232443395585618,0.9978930139897308,0.5890592790076544,0.4880569743222162,0.2326643163958474,0.0057379603040489825,0.09201856130491075,2.412672941892052e-25,3.0916203005878978e-21,1
0.35782182505365623,0.2516744967920031,2.379757404342365e-09,0.4314410861129729,0.5414622955239456,0.6012196366040216,0.021106974114818326,0.07128642984888871,3.2974868839633396e-43,8.708982101947333e-47,0
0.3886449805233769,0.07324365149956305,6.217008627854755e-05,0.3579657803748827,0.3846256490592729,0.019421814207490118,0.35779938764611524,0.9630207483331922,0.005108800501332627,1.0,0
0.31619907950744947,0.25581336193184695,0.019135396076895954,0.2867232450671113,0.4865448577838849,0.1383908369789425,2.484847310862476e-09,1.290365697414203e-11,2.762943280058722e-28,7.7124864656964e-73,0
0.3792773039363176,0.22110476810889396,0.002847886340439187,0.27960504827718813,0.5219556330645346,0.09069466116827725,2.458086325965689e-05,3.9350178885204485e-13,4.353676068966337e-19,2.472111793597276e-37,0
0.28095791880372606,0.5934501645222714,0.006979442531251807,0.4209786016095186,0.43762698074544,0.8191583516254732,0.9605892355382075,1.5148726925926742e-07,1.9182661806525757e-186,1.6703926458323878e-206,0
0.2629513416894739,0.535291781208336,0.9993366794833294,0.40052235085942633,0.3995407103098062,0.9848426735841174,0.0018471812130231038,1.6332444482071553e-08,9.388463319515445e-85,5.8444868913751886e-83,0
0.3612706199484249,0.20166363863080575,1.4470126409359546e-12,0.5696562984607231,0.6035429218052429,0.48079994580336854,0.23418096396133015,0.4464948568071777,1.825610259702082e-54,4.949050913804159e-17,0
0.30936436852888066,0.20667905533368047,0.27816735936720965,0.4325885464213643,0.5536020995952907,0.0006824431407276955,1.522738180597337e-08,0.08319578852580589,3.085025562671857e-54,1.0,0
0.3075335841814734,0.39032087699725077,0.017954270319920713,0.2637741146649667,0.5306235787403526,0.770015919201066,0.0047229349127657924,9.50328755088026e-06,4.871535883546571e-83,1.2039568831482354e-72,0
0.1559519830781972,0.25177179832575847,3.6270930259753813e-07,0.31578938264383527,0.47341541152128225,0.06015164033061425,0.5042128069872158,1.8781542304601146e-07,3.817303639156663e-93,1.8608726250691372e-132,0
0.5587471945065645,0.5272510510688946,0.9994851533528224,0.4744639149804577,0.5016799526049289,0.721659471981734,0.9999999989940178,1.0,1.0,1.0,1
0.6360611937868973,0.6815600707197284,0.9881229581294135,0.6155201545243669,0.3482104809190268,0.9477725243575353,0.9990787952281188,1.0,1.0,1.0,1
0.4576965587006969,0.5828263402164331,0.9999847984673763,0.47568589962019603,0.4349503933653894,0.012995140695490019,0.9999343220553132,0.9973084864513276,1.0,1.0,1
0.5792936555240817,0.6117730449322931,0.9970813315830311,0.45499605178031377,0.3262191415343661,0.8067918379121257,1.0,1.0,1.0,1.0,1
0.6094052577640492,0.6372306455199042,0.9999827854661839,0.6358803846883337,0.3757347364441659,0.9221562262025369,0.9999999999805043,0.9999814469168395,1.0,1.0,1
0.4090602141746465,0.3325385434846378,0.7545562134627339,0.2697761998658681,0.5788891925978435,0.08925516216125892,0.9932541907929132,0.9510048617490298,1.0,0.9999999999999991,1
0.5762306346444807,0.5041306824688397,0.9795081668395279,0.5303428647750414,0.4551590115674857,0.04090705354694656,5.050869803504922e-07,0.9999999987888288,1.0,1.0,1
0.5056821526640941,0.37509772725158996,0.7243069566687305,0.5878721793958408,0.6073071364592931,0.9710400398821446,0.2821207301571689,0.6389966450196124,0.9999999949268326,0.7803541465815916,1
0.5021375487178366,0.4776463364775693,0.9769461362633748,0.5472730171403902,0.5861740765780966,0.03481038986856284,0.9732526997907154,0.6919763800748558,1.0,1.0,1
0.39079449318877274,0.3294381584140708,6.874468395635838e-06,0.3824065175559256,0.3975000169840122,0.08765325581354236,0.026268441821980723,0.006100050038691113,0.9797128453908139,2.3843200797431107e-13,0
0.43847531186734184,0.42796476725834937,4.296552707083733e-05,0.3335747519094587,0.5085209572757754,0.1052805192263922,0.09830732712690254,0.00016722650425643172,7.535339046769673e-43,4.4058102998336564e-36,0
0.6211126199908829,0.6367019013686488,0.9957985937107551,0.5374343874775532,0.6267711129582916,0.9253878319701038,0.9999999999999998,1.0,1.0,1.0,1
0.53962054984685,0.5997577440189514,0.9998027281752424,0.639337259440099,0.4401034948825815,0.7592361770830899,0.9994073597515183,0.999412807668593,1.0,1.0,1
0.5183425300738845,0.3211935362531012,0.9999999952988927,0.5668648777617061,0.5503137556241019,0.5085841687138086,0.08501222065279891,0.004137260561663185,0.7136752557341051,3.6775712122581114e-07,1
0.6211126199908829,0.6367019013686488,0.9957985937107551,0.5374343874775532,0.5466292566765446,0.7714342203867381,0.9999999999999998,1.0,1.0,1.0,1
0.530531724778161,0.5381384627788856,0.9986241518997646,0.5617530011303064,0.3893892674238426,0.9412769713001706,0.9910463021445202,0.9947622685890988,1.0,1.0,1
0.5062749188577497,0.6709324099781864,0.9999575255438425,0.5485437922126641,0.519111907907921,0.9755989937951229,0.9649639248890234,0.7020134973618614,1.0,1.0,1
0.5427839559931454,0.5081076622298217,0.011477641522290015,0.49674578271699643,0.36548944310656434,0.08621818666360494,1.960817233134816e-77,3.071178188056853e-31,7.505823234597913e-108,4.218883087703125e-89,0
0.6238848314327321,0.6632984477244558,0.04143365228762082,0.6113775084880785,0.5660967779984323,0.45319238022188796,0.006365263618961235,2.827430663394283e-14,4.0911813317305155e-18,1.64374375674622e-19,0
0.5498638190785111,0.56751936824946,0.0021511548053688542,0.46736041872182216,0.5127169408632468,0.30627081174602433,0.03576264611813279,0.08810436992540135,2.0155962331173473e-117,1.029456385890894e-141,0
0.5587471945065645,0.5272510510688946,0.9994851533528224,0.4744639149804577,0.46110428292856154,0.7604888173729137,0.9999999989940178,1.0,1.0,1.0,1
0.6398260426180451,0.6900681191022682,0.9874070267659221,0.5962747969195187,0.5044382241888347,0.9913240948186584,1.0,1.0,1.0,1.0,1
0.516119855060041,0.5759633845722546,0.9999844408969341,0.511506849960739,0.5148743792621027,0.943305656695278,0.9999995975676049,0.9999847737093734,1.0,1.0,1
0.46196508955561266,0.3712942653408598,9.644490594124327e-15,0.48738253102323303,0.43167045376430946,0.014466661446831813,0.0045810534456856905,0.04525778138224567,8.558022520401859e-24,2.679860538078822e-30,0
0.5476497032483814,0.34325491880685177,5.090469615405582e-09,0.44568550099269166,0.6150043500437293,0.0036961391362611918,0.9170445652781535,0.0799827574680895,1.0,1.0,0
0.58788361331012,0.5946159100319471,0.9994701751830031,0.5114044677460496,0.5300756977134158,0.7996412310074116,1.0,1.0,1.0,1.0,1
0.5564511572383694,0.5782700471916484,0.9824723166219821,0.5417626468589298,0.5152130508299456,0.7654730618715525,0.9999999999993556,1.0,1.0,1.0,1
0.5937877989509672,0.7003993234298599,0.999921364615009,0.5185759781005861,0.5040091376825653,0.9746850622946761,0.9999639075397239,0.9999584429169763,1.0,1.0,1
0.58788361331012,0.5946159100319471,0.9994701751830031,0.5114044677460496,0.5911363624242351,0.39869657912009593,1.0,1.0,1.0,1.0,1
0.5564511572383694,0.5782700471916484,0.9824723166219821,0.5417626468589298,0.7079254179422078,0.9585496060304352,0.9999999999993556,1.0,1.0,1.0,1
0.5146047179566977,0.5746418902012768,0.9977020105634998,0.4964978670793937,0.47120162201158017,0.9962197862218186,0.9975185443231532,0.9976372441150986,1.0,1.0,1
0.5427839559931454,0.5081076622298217,0.011477641522290015,0.49674578271699643,0.5739210701115917,0.06750574218495603,1.960817233134816e-77,3.071178188056853e-31,7.505823234597913e-108,4.218883087703125e-89,0
0.6238848314327321,0.6632984477244558,0.04143365228762082,0.6113775084880785,0.5403297741777913,0.3117491970431325,0.0063652636189612125,2.8274306633942728e-14,4.091181331730458e-18,1.6437437567462084e-19,0
0.45851307874922487,0.38914414234135014,3.6321361575080896e-07,0.5405670219355753,0.5970822158916745,0.5967556961487184,0.4245973318366675,0.7317585459966324,1.0,1.0,0
0.5792936555240817,0.6117730449322931,0.9970813315830311,0.45499605178031377,0.635063094734583,0.7200673880128415,1.0,1.0,1.0,1.0,1
0.6301417272478844,0.6603159243505857,0.9990506162001133,0.6370262915223144,0.6547675946922936,0.5609072335616178,0.9999999999974998,0.9928815824705715,1.0,1.0,1
0.49322750905150287,0.6181134396441961,0.9999722474612145,0.5680154399820164,0.498041509096053,0.9118420084344594,0.9881643069748226,0.9996722546541157,1.0,1.0,1
0.5479691836597752,0.558436920826912,0.008667313167840992,0.5783242729292906,0.5216210424856206,0.7235065282384234,3.679136172301733e-17,0.006276571229091347,4.3830922440381264e-07,2.584118427818667e-07,0
0.6074507047881086,0.6407979472822953,0.010619096989854039,0.6298046747949881,0.5879387992678855,0.2931729015956424,2.3030423971558091e-07,5.517738632900435e-18,3.8888081578091537e-07,9.961426246000408e-19,0
0.5051503820731643,0.5391397302251225,0.0035393368214527224,0.43004851585013826,0.4512990236461132,0.702384531320253,1.7145928279960565e-06,0.0009456508981388884,4.5635414420866884e-52,7.226200471618165e-105,0
0.45425487172040535,0.44508711616927954,0.010177376928804925,0.4540098951744448,0.4730657379891444,0.05066434456409442,5.943353572900736e-32,3.4314520090036276e-38,1.9351513692885715e-105,9.074870742688955e-83,0
0.6238848314327321,0.6632984477244558,0.04143365228762082,0.6113775084880785,0.3314309366450515,0.8509138144655617,0.0063652636189612125,2.8274306633942728e-14,4.091181331730458e-18,1.6437437567462084e-19,0
0.5124159468116296,0.5733447421383876,0.005652992726951375,0.52765691711526,0.4472691674297815,0.36052404787597614,0.003534408272060021,0.7408797209274836,3.2634174831379808e-15,1.4744621800447379e-22,0
0.5550623625821633,0.4115037130457575,0.0006190008974837907,0.6274697447328806,0.666181633060857,0.06309050548920117,0.00220281178190545,0.9999997484773666,1.0,1.0,0
0.5114168383488533,0.48324650698412175,0.994763451471677,0.6471132567665435,0.5179576558065234,0.978046994696276,0.39254103857180817,0.936671280042829,7.46157050178332e-05,1.0,0
0.5120817587212503,0.4101883057460663,0.00011113001277403566,0.5220197842204309,0.5789034558334285,0.27680825914971713,0.8711971951605457,0.8642525299876247,8.767507523936551e-20,2.377614380741209e-16,0
0.529113321125657,0.5803652846753777,0.09080733925884636,0.35009744379463675,0.5315211195322532,0.8248237034751092,0.5099743686239959,2.6237533433398995e-06,1.692126565246683e-58,6.584173001488173e-15,0
0.5612677512419483,0.42645363123921487,0.9795961483663312,0.6000260837601783,0.48851611942507733,0.47361599284131223,0.9810144349758604,1.0,1.0,1.0,1
0.5994847449217894,0.5265165197675223,0.06137253683188852,0.6710299694721078,0.4199244761925196,0.23539380453253816,0.7618229452205928,0.9976641136309949,0.9968444209654533,0.9999999999966005,1
0.5369558928130878,0.49597517042424805,0.7845739720869774,0.4955296553247026,0.48260748352285054,0.5851478291137845,0.9834576830294196,0.980796472835202,1.0,1.0,1
0.42348756179426744,0.7381296490785639,0.7959510242723447,0.5937369879066974,0.33506701370719644,0.9329303128337102,0.9509971762891213,0.9697720513180644,1.0,1.2101755704144639e-18,1
0.3116130667029993,0.5041609031509162,7.978895641753882e-12,0.47444516669715275,0.45934739342447195,0.5224864731971118,0.9752545199616777,0.15120375397176827,0.9999999999868943,0.9999999972387714,1
0.36758261188997254,0.5119526489705692,0.00039070183807550924,0.5000731162898648,0.3761863678240774,0.05935768124436599,0.9909428103940063,0.16018529387205518,0.003955588701644414,0.011524568906488305,0
0.3559311237624054,0.5176665166128653,0.99687982259859,0.40163723706901644,0.42019759814236907,0.7307467685392961,0.7189740454407936,0.6885769321294318,0.9999999880149714,0.9999999974293114,1
0.38727442692139286,0.5750399596614214,0.9998031464799987,0.5795439798963132,0.5296606751380177,0.4890241808712196,0.023832542324706885,5.804884055039306e-05,3.318524630679841e-32,1.0500080193749843e-45,0
0.3072645134720492,0.5100098207394642,0.9989385877388507,0.38860700147050803,0.47127655035877336,0.9964001999387821,0.8761109712479287,0.9490141355322893,1.532995710302922e-07,0.999999999999988,1
0.5007831739301875,0.5676613294618591,0.7789800835055971,0.47050760746645354,0.4985369054674375,0.9793362476157339,0.03611042209185802,0.07566517713357813,9.323639614454463e-31,2.104687725127235e-52,0
0.33794436902366887,0.6617756566055922,0.9981397688934948,0.442071669847688,0.39933475109228966,0.48207536978941823,0.3125428021096567,0.6413934026009316,0.9999928178195405,0.9999999999998372,1
0.4750780757877825,0.6107230297753082,6.963754999414359e-06,0.5526442332962248,0.4468012901674866,0.7408932541951502,0.03958391402871639,0.978286169017138,1.5672110400332325e-38,1.0,0
0.31202846100788495,0.6932952721574948,0.9320715592308488,0.3961471810850334,0.4578505123555062,0.9675791807756895,0.30124719143198087,0.9852189814712817,1.0,1.0,1
0.4978408172647081,0.8611846988660466,0.9999132068660607,0.5559589020906713,0.5744732178844743,0.243492469839665,0.9957379856348758,0.9984179538117736,1.0,1.0,1
0.32690650011133193,0.6223265105979262,0.15948547266088517,0.4183664351200279,0.5540469761584997,0.991855193138426,0.31206015452095615,0.9946024679515683,1.0,0.9999999999999998,1
0.346593537585339,0.23834261035636342,2.7958915888027223e-05,0.4372730977219485,0.40248223791079246,0.21312774876793797,0.9540842392772855,0.9511644163491557,1.0,0.9999643527575589,0
0.4631443960835261,0.470335606528531,0.8506515903926677,0.5588719430116283,0.4798070263212851,0.910949289586936,0.8774514206639652,0.8573273485768724,0.9999999999909241,0.9999999999999825,1
0.39283111048632274,0.7313732690774905,0.9999738325042173,0.6064443417660391,0.6147253722907486,0.7304881948368834,0.9964565708426609,0.992626035693812,1.0,8.326915882257e-05,0
0.37514159270636527,0.7000054682988971,0.9974475207045786,0.6372339621909252,0.3840411554464129,0.8970301832232516,0.9547095371666082,0.07334113892984728,0.9999997813099061,1.7524520712058375e-08,0
0.33726324822706516,0.5565293840613662,0.999992752057028,0.5823788885896162,0.46401750893435395,0.6857852495183132,0.9071309238534948,0.7089782246266895,1.0,1.0,0
0.2917246639963495,0.3993401068780243,0.020919964581156344,0.4028333351266323,0.410279456234774,0.025548843882241164,0.0003441822302935741,3.3874202854517965e-06,3.789110472980653e-54,1.3518132923338412e-62,0
0.30193424741196545,0.5169037449272316,0.7669802103759821,0.3879681945126299,0.5041075300386679,0.2453472132593959,0.6266761589463196,0.9162263253258868,1.0,1.0,1
0.3639677381463479,0.24668631743424596,0.0013231419604558025,0.4034274717551824,0.6179944678236035,0.013107314369546794,0.23228412053355513,0.3897284527453048,6.656050877784728e-24,0.9999997480546383,0
0.32771331505296475,0.1026547500719554,0.9494100225847832,0.41803075776460225,0.3532269515791986,0.13641045802755045,0.14219073157711778,0.7411437812951814,6.934096300918169e-14,6.4287925145442045e-15,0
0.46239010720643503,0.5742065428630753,6.122107568199469e-06,0.541757958461261,0.4992848015260159,0.4447261463551442,0.00021044095470957423,0.00814935124113271,4.6778825660108244e-24,2.4568319402797715e-62,0
0.3962539417083009,0.025194890025629062,0.006701410034870118,0.40780574816637816,0.5863915498387973,7.111187889805022e-07,0.9997012956890953,0.47169634991441095,0.9999998060321785,0.09487949386672474,0
0.3666380231329571,0.7264865538515453,0.2726586395450356,0.5338179000878319,0.40949259969374907,0.47091527972756286,0.9944037474801496,0.7998886025151654,6.265108308824251e-11,1.6420753548198788e-39,0
0.29156851763498054,0.33042589443022263,3.352958517453671e-06,0.5448618052434471,0.3154799786619465,0.04321291452049824,0.00025126112421241647,0.11806648166479199,2.3793685033332584e-107,1.0800863476951945e-52,0
0.41227796200823796,0.37189012799897286,1.3557559658690553e-12,0.403061434736999,0.565091789722385,0.9078836062026834,0.0005371454186475192,0.0012205452005013989,8.04552533280572e-43,9.192373956987061e-43,0
0.3790611459870756,0.4285881584197691,0.9979052160976167,0.47281003164849567,0.4710343765751041,0.410329657970131,0.004344459551920404,0.23461221179125197,1.2386596807393465e-23,8.023063734731986e-20,0
0.3734416789570446,0.6016852986033275,0.8348004098588635,0.5182337231325765,0.43262387084214876,0.24231736055626357,0.938785680228041,0.02136493608136469,1.5709620428263548e-35,1.349401122464569e-11,0
0.5316603063056654,0.44026765228675824,8.015768134824704e-06,0.4390381677364684,0.37321613727081576,0.1474073193383703,0.022346179539064186,0.0040706903093628306,1.2468635361474929e-12,3.3829474039279443e-17,0
0.34522773096391307,0.3855636421897483,0.4516762523114129,0.4258077204156654,0.45558754222906667,0.0879332453485353,0.007547491735190159,0.9985323580602651,8.757855636313255e-83,2.6061201612368568e-15,0
0.3688353006994579,0.3409795171161087,0.9999999973468883,0.5412309344735049,0.3691607508027979,0.4624609341463435,4.378195390224148e-05,0.0002224905234224465,2.8552728349198283e-39,4.1057240169308086e-45,0
0.4236231746319698,0.47283020303920276,0.1381110945623437,0.45720369959172974,0.3748424888347113,0.6883421840387923,1.0011785950678293e-05,2.8037781437690536e-06,4.1956233589934e-90,4.442883063854513e-118,0
0.45368298290616915,0.24760485720833977,9.700057725371121e-05,0.5334590813716787,0.3745823660507962,0.10494373307779994,0.010671074953982868,0.02475589948671602,3.074267421306872e-38,2.0852624158159383e-36,0
0.19500797262440553,0.30881455549423686,0.8024234278670748,0.4717436966237179,0.5576166344611735,0.13573860474314692,3.809846605659e-07,6.150784753307107e-09,2.4533307684622915e-75,5.279061080055902e-117,0
0.5050307170667583,0.40979742819302606,0.00011436409093333583,0.5330274205503627,0.49698825472329533,0.5481035654667715,0.00028518540432411247,4.3256795589318494e-06,1.3372178900713416e-88,4.636480464100292e-81,0
0.4419966610269117,0.1107773634917089,8.848086011826335e-05,0.5149482771808249,0.4700863397925527,0.6019001393059924,1.3918000341126254e-06,8.096071786785391e-07,3.013062795222689e-11,7.12717564719481e-122,0
0.42716163581097155,0.14831548281093454,0.08179592392908976,0.43597555068208227,0.465251720035054,0.004676641973131869,0.15798058259843253,0.661834644978424,2.148850987561432e-15,2.646239455493399e-66,0
0.40447711449828816,0.31290403538847933,0.0003872041067340342,0.403403420645354,0.6299420953625345,0.31359730151757403,0.5727099683457553,2.1101166688210916e-08,2.252714235624589e-84,5.630625122167584e-28,0
0.2795890555965436,0.3681602301365989,1.8516289815275254e-05,0.3572855934106846,0.5696210826758328,0.18347098104047352,3.0117965305933296e-12,1.2088573611438945e-14,1.6484715338080902e-10,1.0709270203216761e-17,0
0.3963649410331627,0.306457480253566,2.64663590444365e-06,0.5111349250940312,0.5332508813864038,0.28128833070536635,0.10183994654582892,1.219513089576436e-06,1.8091105903982156e-126,3.435439738958779e-89,0
0.29800939822287215,0.4422267606288322,2.416130853334448e-06,0.4537011461862405,0.375468859727465,0.695887116258987,7.273087101551745e-38,1.0,5.849865830843762e-51,1.0,0
0.4485446021510781,0.2207189684287848,0.9971492358785594,0.5160854486008581,0.4401500872507342,0.0683934006716803,4.989374489594978e-09,0.007269631131960881,5.871404707922982e-54,8.928754616024712e-129,0
0.37035028764955275,0.15328764049367688,0.08861184941069997,0.3753728964901848,0.5748918000574782,0.0009354803190025475,0.0006557550578918804,0.00010590625676019882,3.413615683067693e-29,0.999999831683365,0
0.4186008544542496,0.17630130723342244,4.335308898233624e-11,0.4013623971002789,0.5687803598400202,0.0017891621260818183,3.8243230229402814e-09,1.224279244547341e-16,4.137029944790681e-29,3.20974318789937e-13,0
0.42659183881499135,0.5249257856283162,4.309932371811659e-05,0.5318799276958545,0.3026405530721429,6.15289625608345e-05,6.709591103297492e-06,0.008555097902901513,2.2135449951472176e-06,3.882468895245959e-18,0
0.39784056320958505,0.21428915552482583,0.00010819911945354167,0.4568389822994966,0.5745096581447269,0.13038308515921362,2.2552343084410344e-12,2.1583803075399386e-08,2.6011108600026412e-98,1.0,0
0.49766232922608006,0.10290097271974856,0.00011264215213710613,0.38629883640243873,0.5969054652223955,0.04193366323281265,5.661854222006276e-07,0.9999999224696008,5.057728143924918e-55,5.3472416547530645e-168,0
0.6473724212722796,0.13312277347714085,6.8570925854311925e-09,0.40983041777659696,0.37775448948512463,0.1324468750002207,4.621635466659581e-14,7.703828849422628e-12,4.512783494083944e-79,1.0,0
0.40169947275369844,0.6065190366104104,5.593484482621193e-11,0.3530016445065452,0.535960712405611,0.33878191945376884,0.00016762975917437048,6.937439303731991e-05,2.9780291345364377e-53,6.594076562033739e-25,0
0.3922066312958944,0.29773689878789306,1.6485765509663707e-05,0.3081852832701544,0.4848954504605223,0.006659191858627884,1.82987158997949e-10,3.792780010513251e-11,2.5261151491627575e-95,9.774011009667756e-56,0
0.6386366263289845,0.6762010809928304,0.9997216111231675,0.47032618826078804,0.5649055592547453,0.8118910524146886,0.9929096934473067,0.9984039402124074,1.0,0.9999999884660716,1
0.5468363878330842,0.8035871298469413,0.9977045073173755,0.519491935420852,0.4517846724908229,0.8257922033275027,0.9691828663670815,0.9791505836735347,0.9999999943588636,0.9999999763540318,1
0.5389120312230855,0.7493338032626646,0.998106136404939,0.4436614199752963,0.5486634007468475,0.9509563481464058,0.9996713026882343,0.9954582887869635,1.0,1.0,1
0.6192957798655617,0.6709859535004834,0.9924643742612522,0.4574641300202422,0.6035416061591183,0.9373288562826438,0.994367505747237,0.9916164632532355,1.0,1.0,1
0.5651476595810319,0.7544989218290559,0.9955233314969395,0.4935473617695294,0.5634602810557966,0.9805971718463892,0.9999999999969849,0.999999832362538,1.0,1.0,1
0.5068285343642409,0.7089022883152528,0.9968680702068705,0.4906848741954256,0.6747036264196048,0.8647657666862886,0.9999999528358914,0.9999996817194643,1.0,0.9999998774351931,1
0.4684180385533438,0.2745582560850502,9.721893401530197e-05,0.29401342021757065,0.51458162439568,0.012034849098663612,1.1262021293025245e-07,0.05899412442410609,6.9499607287601386e-93,4.359148336281178e-64,0
0.6287363870507144,0.41383857719042927,0.9774066697661982,0.4317745708218054,0.6047166110154791,0.8727273812583423,0.7493250306452359,0.9974005385867417,1.0,1.0,1
0.5583436217858573,0.5393296225051327,0.9883193277324951,0.5325256030993744,0.41953880965859375,0.8034584679863505,0.9998806664921416,0.9959323055040825,0.9999999999478342,0.9994560097910768,1
0.5208027033897358,0.4815845805735834,0.987414690046397,0.4828447537149257,0.4475199885054042,0.07891383213453297,0.7222330617105557,0.949439062195479,0.999997237335043,6.350666769618874e-12,1
0.43439956297872934,0.38706742560428514,5.835820972281157e-07,0.5075177182792279,0.5937873315797481,0.03105563142718495,7.885498086239263e-15,4.757480840066477e-15,1.0,2.6586238603573852e-73,0
0.6338474351526225,0.7455233262405675,0.9956175679481213,0.5206933212120437,0.5241891254043552,0.9929453902024592,0.9890433668692782,0.999999999889168,1.0,1.0,1
0.5487478470329942,0.6911689447288368,0.983610025015488,0.4845397092751062,0.30136862660512465,0.2577052133902183,0.9999977489206794,0.9998712909465759,1.0,1.0,1
0.5590060191138638,0.7763548788848829,0.9993875558916656,0.5438528006471023,0.36845658048084373,0.7512711454597104,0.97614243533573,0.9946794343417715,0.9999997141929031,0.9999998295542223,1
0.4074076772251902,0.5497860057637204,1.1861382012524285e-07,0.3530936817078337,0.4077915509863928,0.7534001744681078,0.1689297168753924,1.0,3.544153697035756e-209,1.256563186983777e-171,0
0.6078568988841302,0.6728048756945503,0.9934160589253157,0.43202752552450147,0.3490584390744465,0.9327276820895459,0.9982477434117017,0.9911527029297889,1.0,1.0,1
0.5487478470329942,0.6911689447288368,0.983610025015488,0.4845397092751062,0.550482067197131,0.5035862755165127,0.9999977489206794,0.9998712909465759,1.0,1.0,1
0.5068285343642409,0.7089022883152528,0.9968680702068705,0.4906848741954256,0.6533016277817136,0.5575524787295429,0.9999999528358914,0.9999996817194643,1.0,0.9999998774351931,1
0.5912040669562759,0.5635098396307404,0.10581054476973847,0.5076730868885493,0.3173128657244432,0.9618271182303193,0.49134793086133166,0.010148905577759024,4.134797843164771e-53,1.0,0
0.5567656329212257,0.6381150296462639,0.14697171172103096,0.5291893899893801,0.7086602488617896,0.9556531544289205,0.5806666871030548,0.9941916331733902,0.9999999999999998,8.007995206442207e-20,0
0.4682231955033045,0.5072979307349124,0.0020760180844108995,0.41577256692724124,0.524905679188074,0.11480462474302104,0.7760511537099184,0.9026391736613806,3.679129807719382e-10,0.9999999999987805,0
0.637439954700831,0.6134027640479424,0.9988372053211569,0.4228125404685244,0.6174942821778473,0.8314597172617416,0.9917975049485868,0.9777222118168519,0.9999999912453338,0.9999998948159827,1
0.5643148642683172,0.8026647668131873,0.9964725640806367,0.5107491972079322,0.5389199433309857,0.9583154903178727,0.9703415572079767,0.9999998481426189,0.9999997262604728,0.9999996493107213,1
0.5156273320708348,0.7468781394477106,0.9956904059058362,0.442778903813158,0.30635590997630835,0.8677039931754998,0.999998676513678,0.9905669258699131,1.0,1.0,1
0.6481668734303819,0.6598801616134998,0.9982286955557904,0.44044928077261264,0.5159246969887921,0.9293482802947689,0.9977943216255744,0.995226687451737,0.9999999999995945,0.9999999315160164,1
0.6127660053309053,0.8572511942648483,0.9991997019586616,0.5657676644004189,0.44229037804745047,0.9548743151892425,0.9862486381352202,0.9999971323240837,0.9999999164729699,0.9999999880259959,1
0.5798393960939635,0.7728538002806871,0.9980609070986671,0.4924082899717409,0.414209695994877,0.9820083427126542,0.999994413199144,0.9841883060259197,1.0,1.0,1
0.637439954700831,0.6134027640479424,0.9988372053211569,0.4228125404685244,0.44024928562153254,0.9177186208816137,0.9917975049485868,0.9777222118168519,0.9999999912453338,0.9999998948159827,1
0.5643148642683172,0.8026647668131873,0.9964725640806367,0.5107491972079322,0.4954565457359643,0.9583154903178727,0.9703415572079767,0.9999998481426189,0.9999997262604728,0.9999996493107213,1
0.5389120312230855,0.7493338032626646,0.998106136404939,0.4436614199752963,0.42027119843167177,0.6034226392163922,0.9996713026882343,0.9954582887869635,1.0,1.0,1
0.5122703765019269,0.23752285011965213,6.662967877056291e-05,0.4649437328207612,0.5716453824634179,0.14164717396132995,0.6013542829980053,0.969689703076211,3.3035854695796226e-99,7.274647697242202e-36,0
0.460088270758084,0.33351994982155536,0.00032324510433599384,0.5451631985884762,0.48617621174251896,0.8087564809865543,0.0005710986674995678,0.002751560239621442,1.2607681808084828e-10,2.4537180213519715e-23,0
0.4596361455523646,0.2499459472079682,3.030924794207235e-06,0.47558249458108526,0.6079218030917348,0.3827031187641065,0.00030366040494703936,0.05172146208115612,6.0862590499951405e-37,4.8074348846878827e-88,0
0.6192957798655617,0.6709859535004834,0.9924643742612522,0.4574641300202422,0.47458878355972905,0.9754324493737441,0.994367505747237,0.9916164632532355,1.0,1.0,1
0.5487478470329942,0.6911689447288368,0.983610025015488,0.4845397092751062,0.32892162683035187,0.9375772711701938,0.9999977489206794,0.9998712909465759,1.0,1.0,1
0.5068285343642409,0.7089022883152528,0.9968680702068705,0.4906848741954256,0.6686785650080683,0.8647657666862886,0.9999999528358914,0.9999996817194643,1.0,0.9999998774351931,1
0.6257283287361038,0.4593952551809641,0.03534138084226751,0.45002512106752907,0.4265094112571875,0.6780228104112633,0.5564901589442071,0.001507477380361728,7.243111268179086e-18,1.0,0
0.6041853120620381,0.3785934754056654,0.0024130557284409424,0.5297714713768477,0.36430975676958754,0.07098083063044196,0.0001782446958017335,0.0001797771235241423,3.065585915256339e-14,6.33625807909038e-50,0
0.5350920237699185,0.46978606921878524,0.014957473953576475,0.4893054458027211,0.3290028910574123,0.6231547679035494,0.08274420431167824,0.011329372106800873,1.9511156022032874e-15,4.959052787659153e-26,0
0.6517195494507736,0.35405811867300446,1.7492309931981244e-06,0.43257600185959616,0.6503816606983502,0.013144880932329807,3.7358273251394985e-09,3.0789348147059044e-10,1.0986629030638766e-125,7.527051966873763e-95,0
0.6005840897538736,0.3817427980949258,2.6299897825433075e-06,0.46920163566873857,0.33583434303884974,0.03665650441265187,1.862921707485057e-07,8.424579274190655e-08,1.694485246587097e-52,4.555358906511028e-102,0
0.521872046921053,0.23156478153636534,0.028739200904627248,0.4698325872337515,0.4994942174232026,0.6393297548310557,0.9607472834455204,0.9869764283873048,0.9999999999999998,2.2137281973429636e-45,0
0.5421900432944343,0.33736236480339815,0.001998027741578893,0.443645386325991,0.4816430625782317,0.26159640106519294,0.0335017269925731,0.0005792522183924199,3.2679576955118375e-45,2.130101581389756e-15,0
0.5766611570613461,0.3141225137352225,0.05372619717278793,0.5320422332935559,0.6004580118081045,0.8246044323617697,0.0032338571081482535,0.0008831306948421226,2.0532980755506645e-44,9.964911904728485e-21,0
0.47702096040752007,0.2893188917648256,0.002264445424401778,0.4173003623172601,0.3867957867571544,0.3062392225185776,0.00022589527496500635,0.001455654998310319,9.933337729274926e-35,3.1388452152015817e-49,0
0.45074041182320174,0.2374431730373941,7.360071235346322e-05,0.41808331400582516,0.4033954344268359,0.01692001188168885,1.2306089571273013e-09,5.813485008350468e-08,1.000675267195315e-55,1.0,0
0.610429844999263,0.38933282242094136,0.9996316469504418,0.43239091668876367,0.6158368914529542,0.5461238471153382,0.9816595747523319,0.9592474925500879,0.9999804131896555,0.19429624591889547,1
0.5313622053655738,0.6235636761644374,0.9750058659941564,0.5082933567020226,0.5088877312588753,0.5780575995322121,0.9939299731913663,0.20668042147687046,0.9998900952045839,0.6218317330770473,1
0.5035489515473002,0.4917498198651493,0.9514571653929982,0.44847053061813136,0.5863292735865094,0.4454518317916522,0.9740551233521333,0.72833852648849,1.0,1.0,1
0.4687517428522098,0.30643528199182285,1.1409039933965816e-05,0.42819270844328156,0.3046171729846394,0.731730285040876,3.5119969208950676e-12,1.746447521616022e-17,0.9997557546753942,4.607071869146579e-58,0
0.23516789643818464,0.19547098364066598,0.0815740524044676,0.4691423999738954,0.47021875481396597,0.01285458756996513,2.6456438221230004e-09,4.301341689184124e-15,8.582703766404028e-270,3.415315767972648e-144,0
0.5044273773640682,0.6388403173318202,4.307995606221352e-07,0.4759337109226731,0.4772828500046687,0.11595099226198084,0.016085812677441025,0.14585311939875517,4.432947789738389e-07,6.4327663543549095e-09,0
0.38821659503861305,0.032405029575125956,0.2642832103805317,0.4706430053273314,0.34149653303494,0.016793045799033346,1.9657922439106098e-06,2.1880581424938266e-05,4.912541709910763e-27,4.903283398801852e-35,0
0.3587207979136925,0.18127803301527384,0.008482011263987965,0.4118507862231459,0.4659361246694621,0.005115795203180631,1.0890997891601001e-15,1.6919871703208401e-12,2.031278903883051e-168,1.035108372723785e-137,0
0.42555862802420097,0.3082805684005465,0.8682427463333273,0.4873823679831975,0.7628264418171611,0.6628213439816727,7.126988540021387e-06,5.878578010314245e-06,6.739698255607026e-26,1.0,0
0.28022623989941137,0.20247119191108612,1.3846732406623848e-05,0.43373312985447515,0.6343500115430161,0.16183870374185988,1.776127477504987e-05,1.7791458804648814e-10,1.6344457845713777e-39,1.2105446477368824e-89,0
0.42195921130807856,0.5063580270999859,0.00017226205109303788,0.3824740921409826,0.6065278685928635,0.23221335283658748,3.397273932476273e-07,2.413319814294548e-09,3.99298192318417e-111,3.329241065064024e-122,0
0.195858559455317,0.3848699284531898,1.694546107072756e-08,0.35595287981881096,0.4545916839420806,0.3620608144943613,1.901357370741083e-08,1.4768699053784559e-12,4.758056357840386e-87,0.9999999999999998,0
0.2512687666310449,0.3273200886305757,0.002017998923843188,0.2185589160023007,0.6267632718827799,0.3078997774615544,3.033141207409513e-09,7.544783178865485e-10,1.2793345158963814e-106,2.3910509570949386e-100,0
0.4247752128925425,0.6025366377338559,0.9996407262281627,0.4078088141739746,0.4936153300463196,0.18979545562971395,3.48186696167275e-08,3.4381763082694573e-06,2.3168551692976136e-09,7.07210364811364e-121,0
0.672177578902704,0.6292113134902498,0.9998825257058922,0.624337772230507,0.3754153027218988,0.9605406357481652,1.0,1.0,1.0,1.0,1
0.6406383787857287,0.7373006286452121,0.9940166752297617,0.6111256669983095,0.6269881940602251,0.9176124658638081,0.9987127730691878,1.0,1.0,1.0,1
0.6454592069831283,0.7704765126990788,0.9987365477262754,0.5835758858681909,0.5055765426280359,0.9779630402454057,1.0,0.9806627008655646,1.0,1.0,1
0.5385353787459177,0.8063076174244571,0.05483015690995577,0.5230619351693617,0.6108526586003146,0.8798726512801257,0.004446974042517163,0.061369045355636816,5.759652686198994e-19,0.28169254772288493,1
0.5811114143825347,0.8395938716698955,0.10200278247484308,0.3820148081209152,0.6261636901265207,0.1562119055122053,0.4183480977401157,0.1480017252106194,1.0,1.0,1
0.5807099226907407,0.7821990824591271,0.20144208102837047,0.5333050719644602,0.4581471760165191,0.5343806630292662,0.574935200689377,0.3703983398699903,7.92572110482106e-59,2.2803345119341317e-62,1
0.628711482898973,0.4635046649160074,0.6828894017138178,0.5953474856578078,0.648867344037729,0.2847946774102242,0.7977180078807309,0.9993101614641302,6.391578485690007e-11,0.9990364253014961,1
0.590719653792031,0.5361676779099754,0.9246582382306807,0.4485662131773066,0.5208190101846177,0.8869701893039201,0.9645819562963331,0.0022736830776880915,0.9996606914238906,1.0,1
0.6665261210487192,0.43225668448529786,0.9992860408083215,0.6105614120767456,0.5960989296356967,0.21507386541484408,0.9728019993676613,0.9998210708399412,1.0,1.0,1
0.475706866636204,0.28813212734705346,0.0025307373032072028,0.5359962517663015,0.43448987952120277,0.0072432261780725656,8.836871999488157e-17,1.3817888995084973e-08,1.0,1.0,0
0.4935618143662806,0.7058369997646143,0.030925377518368442,0.5717429823169901,0.5778463824547125,0.6195196589435965,0.29367386521660754,0.4601056820654277,0.9999980154799534,1.0,1
0.6217994183453641,0.9031830829379304,0.13711580034026327,0.48090534716396405,0.45342003626761906,0.5124611479124909,0.12423517460961833,0.07246954667073649,1.0,0.9999999999997891,1
0.5172615420872256,0.8463119188906931,0.0003361583557997691,0.46114767575505705,0.6361051362901646,0.47270833869290885,0.9937534866423695,0.9660952687859724,1.0,1.0,1
0.6523914609742768,0.724136121858122,0.9999655307345842,0.6180151272775942,0.6372189361537113,0.9064748301895605,0.9998833510088599,0.8462503541403527,1.0,1.0,1
0.6086014122426111,0.8741915730799306,0.9239003056038062,0.6008875140433304,0.5299292217091222,0.9063473907652013,0.9978510803063815,0.9999997414630937,0.9999999999999962,1.0,1
0.6278767613844376,0.7002169524156407,0.9768859127996344,0.7292001423025121,0.7082902545182981,0.43287405604040086,0.5993131127837064,0.9979063209014083,0.999999918453337,1.0,1
0.6183278661669578,0.5390552762524736,0.28637412362318226,0.5956059171105332,0.5166038325764487,0.3534833131723733,0.9357463181160496,0.8268206094654329,5.906623543445214e-30,7.656652110638646e-58,0
0.5652378850477883,0.7832063041444999,0.05970218171898886,0.5757254625725934,0.6861074886611683,0.8036730751161908,0.9685939976868572,0.999996362293333,0.9975627336046601,0.9998328182036262,0
0.569210898750169,0.5800307778258605,0.0019074920297707072,0.6254034030856247,0.5080542838702857,0.33567791408289377,0.0004031437380178077,0.011545081251069572,9.056959175446182e-20,0.9999996595809819,0
0.53520325424443,0.4179952451041331,0.06985631490003252,0.2873126184040869,0.544646959456551,0.011618529764771058,0.00031807500048000993,0.5386725151362639,1.0,1.0,0
0.6776005706958669,0.6829201296013333,0.9996835469199609,0.6555791582525802,0.4309793698524166,0.8904187017203236,1.0,1.0,1.0,1.0,1
0.6461387621941763,0.7893443843113659,0.9962919945655109,0.6112431989838036,0.6078752833638351,0.6566675486925523,0.957721471451531,1.0,1.0,0.9999997720276339,1
0.6454318543033895,0.7501217192769714,0.9974362808996323,0.5231631027838408,0.42480939026250447,0.7489950658349813,1.0,0.9705692156166349,0.9999999999968436,1.0,1
0.38491920046347516,0.23717015493720292,0.025969234468951247,0.4085527875573959,0.6618530036193563,0.8078609208204168,0.017695238118557145,0.0045133619750839645,1.0,1.0,0
0.672177578902704,0.6292113134902498,0.9998825257058922,0.624337772230507,0.4815155593869055,0.943960305701511,1.0,1.0,1.0,1.0,1
0.5379021240022037,0.8017320724847907,0.997513787488848,0.4230632515027914,0.4874462118248153,0.2627678303935784,0.837988969622665,0.9999636293651448,0.06180269878255427,0.9999999357196975,1
0.6064834491242898,0.7263020213052913,0.983919272798374,0.6047521826313997,0.4758773648312671,0.8767283085615215,0.8358172839495815,0.9246038728142737,0.9996286968903474,1.0,1
0.39379741234426546,0.24879949943927532,3.3952212886680265e-05,0.4872185530951973,0.534650372634011,0.026571740786517393,0.1953495521124602,3.7543287159276246e-05,0.17222593725491997,1.0,0
0.6796367356516334,0.6525304165866216,0.9997504682482784,0.6735871430801461,0.5081673794752991,0.5837309504355279,1.0,1.0,1.0,1.0,1
0.6435145042765785,0.7832243755593913,0.9965475981810051,0.5818545382588945,0.6053432155302072,0.5682803108074153,0.9755856299105921,1.0,1.0,1.0,1
0.6234087489210764,0.7201727968687872,0.9948344615396862,0.5481595865116577,0.4324876406665166,0.8663764753604631,0.9999349415214752,0.9528733308225678,0.9999999999860656,1.0,1
0.4142772851614952,0.032991743762930605,0.006392716625098766,0.5427503342489352,0.6469144886311831,0.6828554761738386,0.009000306677877214,0.0003196911817511621,1.1002340493305435e-34,0.036341225629244314,0
0.4899181652967109,0.08552258155284696,0.8413645605706874,0.39169190416749156,0.36470771040818206,0.05575174472672646,0.7029652123857428,0.004650692496852598,0.9999999999989988,0.9999917054043513,0
0.46336335063524164,0.01761531654919235,0.001364528700372055,0.4104150608699968,0.561304156494573,0.34395878330851304,0.9945529491418532,0.6800001478296402,1.401455028674925e-35,0.9999999970149411,0
0.510649919379084,0.5205453149672418,0.9238498712179996,0.5447371298142443,0.648780024086431,0.3222991584145691,1.0238319900768473e-06,0.30532698876617703,0.9999999961335913,4.422056101922819e-08,1
0.5580572536726176,0.7132990624318483,0.1082979274874977,0.3732426272704674,0.36067712573814803,0.5266286273037074,0.9999518805679656,0.011184407986412417,1.0,1.0,1
0.5357685358121763,0.576250281059476,0.0001559842297379022,0.5268638085553004,0.24762136641205684,0.5574113244692405,1.6439885851263423e-05,0.999999164359934,1.5386257401748873e-22,0.9999800162889859,1
0.4201849077233871,0.5145233302824487,0.038333369175480955,0.5621074380708683,0.4506404324386633,0.44595671338071413,2.211636538139146e-05,5.010431622208247e-07,5.585738743549031e-54,4.310229715482243e-74,0
0.5542828149347037,0.7518306059232546,0.978010083057312,0.5056745410571839,0.507194399347115,0.46003487806685955,4.5253148787638136e-05,0.00011857755711115511,9.876575216934367e-74,9.549211825972837e-53,0
0.3348411477504302,0.5299009334918616,0.0018072526327623044,0.4427728012979114,0.3437089229682932,0.7800141438629382,0.08010843174422956,0.988199370232341,0.9998518964040638,1.0310082722678364e-44,0
0.4841918290403796,0.6928562780690469,0.0004907568168108866,0.5229333816365674,0.6958093437723475,0.11938831081392984,0.0007274590552973699,0.048002159931255596,5.300289676301271e-17,0.42993191526077956,0
0.5249322322896627,0.4739981072340091,0.06567426548428265,0.4833906914926561,0.5184858150663458,0.08782411321462605,0.0004604044487927224,0.0020382705098632562,4.1105396198222506e-60,1.3832199302147574e-07,0
0.45732019359211207,0.46536119649579943,3.770993657413086e-06,0.4840418603284981,0.6091895635902572,0.16089351675186309,1.714975378303977e-05,0.026381687369554995,1.0,2.1664269937390204e-24,0
0.5504873914728294,0.1402051801690482,0.0009896623409377738,0.4281370277414778,0.4435595111053619,0.647381882864866,7.4442353141329996e-09,1.6427005074362637e-08,1.069073725784697e-86,1.8295429925132283e-59,0
0.6256828281243866,0.40557551528952607,0.0010104854137186398,0.6372548373634505,0.48430232750778374,0.6639894488930365,1.6331691023511914e-05,0.00945118543714643,5.478762534807911e-64,2.741761060906076e-96,0
0.49433576755817454,0.47018491205863233,0.036606361027999086,0.5215968462001198,0.33293282221075077,0.04872277916849114,0.04308776796126552,3.9989569160284874e-05,2.9597795172997914e-38,7.211445917142644e-45,0
0.6197116037598879,0.28555902038819286,0.9498027311611745,0.5709985969318909,0.36330332519022485,0.08299475524660281,0.27776581941667683,0.9524971435924866,1.0,3.1846274491748254e-08,0
0.6368342402849423,0.38274582093017734,0.8967360403914573,0.6099077517053988,0.4837476591878395,0.07898822895879669,0.9654180920725037,0.9986499543554758,2.211289447519823e-17,2.4216062470066265e-06,1
0.6468296744770616,0.49707267766992097,0.992391457100545,0.508327804709134,0.4127422209973918,0.9300251360502044,0.2775760928553474,0.9999778809085567,0.999999999999938,0.9997617184433855,1
0.6534683754663474,0.3787746799903519,0.963711466363938,0.5896074654119785,0.5054829363666637,0.4922468444596002,0.9968064246226345,0.945937931929254,0.9997546636579636,1.0,1
0.4611019821818058,0.6714690747283799,0.9999894478480854,0.5566527966327363,0.4613167960360213,0.7011843863591234,0.999922340495978,1.0,1.0,1.0,1
0.48510925104784286,0.867376165229627,0.009532588950326801,0.42850040108087945,0.5043068193852461,0.19340410166736338,0.7561370873066763,0.3519008427012537,1.7294451277406544e-05,0.9961343203372164,1
0.49273207515150924,0.41876975803085037,0.8726250058319958,0.31620267937887825,0.4488802276466579,0.002059880835166161,0.00014913270188834926,0.00031462691271784383,1.0,1.3141078668707786e-27,0
0.4030044165737152,0.7823658731005524,0.9997106293573448,0.4120654613424306,0.5667679127439912,0.6060363204217775,0.593140590057955,0.9324401416398749,1.0,1.0,1
0.4718371154928222,0.7386030907523469,0.9999959603001843,0.5718633001929984,0.534227420965727,0.49280793980923604,0.9999991153250835,0.9999999999999472,1.0,1.0,1
0.35776835628454046,0.600447773375711,0.99885307255898,0.348979712618258,0.43709577844863506,0.020638783653245594,9.80550437495521e-05,0.0014403772347251174,6.151906113816892e-28,4.660278230206021e-16,0
0.35267295329022075,0.42742490035920766,0.0012842630351779143,0.27359941774575003,0.3545049521434296,0.02310646727921628,2.8017524737621698e-05,1.9057017795976702e-07,2.1908885580323994e-51,3.3266244515634793e-31,0
0.5351091090036849,0.7437745657621314,0.9968237641062986,0.6203009355867193,0.6225447190326617,0.7666905649193262,0.9999999981077252,0.9999999998517985,0.9999999528210433,0.9999998452646759,1
0.4340648638253418,0.2786324945239125,4.666916637643873e-07,0.26765839737773417,0.46707295344530614,0.508893220818068,2.636703778302728e-09,0.9974764769785855,2.2835762106870115e-153,1.5012095195756123e-11,0
0.39023735681005445,0.7303714434327827,0.9996683834138533,0.414927180928604,0.5968422412377316,0.6423831858325177,0.7804570728726733,0.9914514582210522,0.9999995882586042,1.0,1
0.4567301479260114,0.7450672640243673,0.00041767595271119726,0.463281685167929,0.31052802271652713,0.9909913456338878,0.9495753364900477,0.707618528564162,0.9993711801501644,1.0,0
0.5762326732111255,0.7105722426495421,2.196922942075722e-06,0.37770500018066405,0.6497151790246969,0.47662202148103455,0.0006585795517473524,0.00010424362355747551,9.589388229484455e-19,1.218596002142684e-45,0
0.45502214875506664,0.7608065338989193,0.9998983348601054,0.47270225837619034,0.472103109522456,0.37979208558059957,0.14140987026454668,0.012842963231448434,0.9999881203341435,0.3965556772557688,0
0.27801977882266665,0.5481773680601114,8.67752658773809e-05,0.3932242895620103,0.4941271730219365,0.06543712329154257,0.015834156316413394,0.0011939426237437402,6.077503435784907e-20,2.1060296650478816e-15,0
0.3327281693116669,0.3908284117337472,2.289551562413001e-08,0.3428084032339058,0.4147000693922949,0.008952251009256949,0.14657308444251205,0.1056737317243266,0.042476157411277624,0.0342420589952375,0
0.3413261770438935,0.7303180162166089,0.7165185488001811,0.31990464716118555,0.5564444102768423,0.9495023074281026,0.034749174926475106,0.9688457709038625,0.9999999980080629,2.4783929953827597e-06,0
0.3321029962511757,0.42052686295993574,0.4923649750174334,0.3391119326844521,0.31897145062170223,0.06597145643656188,0.012645537725852331,0.44809101340051477,1.8259974701990314e-23,1.870490926019857e-12,0
0.3345121931188674,0.6598276713967037,0.9338820811769822,0.3686708792127041,0.4895708873967024,0.0005388469426959351,0.10670123581136473,0.7470747387557133,0.9999999991505875,0.9999971331241886,0
0.4298440667988438,0.6958416082578178,0.03406068454465158,0.3891717254478335,0.4610139393977243,0.013064447971564136,0.019346563113147065,0.039926444075169196,1.6102233685206636e-28,0.9551987845750244,0
0.2967589648085365,0.5690653535703332,0.0014530677461894604,0.38266953878009485,0.32469605356787734,0.005172798886133727,0.004441823274245273,0.14982668351092537,0.9999999912756156,1.8616328877229092e-06,0
0.1564718919244921,0.8351262780387548,0.0016830551693707905,0.26203273405140504,0.33614872252619993,0.8471115473119569,0.0003067776917604257,0.021724395969485215,4.4362249960792954e-55,4.68261322442868e-36,0
0.15910402351875325,0.5688807511310785,8.126305183226988e-05,0.3146945366383086,0.41657587799325974,0.0028862334931938137,7.788063854004961e-06,0.003574030327723798,0.0005114198454433292,1.2300104818375393e-20,0
0.2772761104717066,0.8028733757177415,1.152652420579473e-06,0.183502866644234,0.35096276328504866,0.11678938810493164,1.966863706593723e-05,1.098421724724164e-07,0.9998042500097724,4.6134548192358785e-35,0
0.3169519987716957,0.6653334797736842,0.0021983908107310888,0.2945641947239711,0.46338289727850995,0.0032840015317132233,0.00022615861448118556,0.00037548991739126664,9.732947160585202e-25,3.145666234058878e-44,0
0.5993515189260469,0.7387311310438983,0.9983067891002138,0.5806224297253104,0.413630681826472,0.2878682491107244,0.6364056961280472,0.9145253388761395,0.9999953575548891,0.9999951188806239,1
0.6114331300410921,0.07912862990419499,6.913147902612913e-07,0.3637888329687439,0.5533545286336417,0.5200838106325332,7.194448743560335e-12,1.600132228607124e-09,7.175374188394039e-65,9.023260131313181e-67,0
0.5309317723229259,0.6238591513498749,0.0006394016873341863,0.46662544529500555,0.5534095526451778,0.7700038527731267,0.15730382562030853,5.001507678000928e-05,1.0,1.0,1
0.5928314199167324,0.3782695001348503,0.018166232791606993,0.5384367605011866,0.5458584805223298,0.0011128917033711285,0.5110402582053898,0.041467927104178126,6.491006822151613e-24,7.376880032136966e-14,1
0.5850037526640429,0.11040635040720244,0.0007659739614131369,0.357140459824185,0.476460565861426,0.17895792621917192,8.22615070381632e-08,1.1574444953721136e-07,1.1679798460925547e-95,1.7489997833906144e-46,0
0.6294350067115412,0.7598135184733412,0.9992342364417003,0.6181458612556828,0.4304360470536569,0.9448265623773081,0.20383485165314288,0.0455959629873281,1.1538110270976506e-07,9.785274058955683e-06,1
0.5757406766602818,0.6568084741638026,0.3351975720319744,0.6240048393051381,0.6605321718684763,0.09325323447310274,0.989922997865127,0.9929176787702164,1.0,1.0,1
0.6301301732761054,0.6284564129698845,0.0006094809223370501,0.6257219317241486,0.4166843713648252,0.7095528318672577,0.9845454315758838,0.9680732057869949,0.0024182997671505736,0.9848057448292397,0
0.5678848300024296,0.731578855313718,0.9962731132761508,0.5623853343705896,0.5814038222553903,0.8662582398985386,0.9189650449541922,0.9116122275148189,0.9999981100085662,0.9999987441480902,1
0.5958143294166839,0.09469740901292782,0.08634603287738081,0.34995239894796154,0.4014011731016786,0.13631333441172336,0.0008973390055711932,0.0005264625941084149,0.9812350187599248,2.2160251907110204e-14,0
0.5520754745359114,0.6622200600248556,0.9917120110237612,0.5528586311236301,0.3120278619053156,0.5720056549058365,0.6322521635629472,0.9202896784209099,0.99999999974363,0.9999996172963673,1
0.44721234479874655,0.021246916839420846,0.0853505425689241,0.3554048056558172,0.3691908459358242,0.00912656898676555,2.2030396838665755e-07,1.496423419776317e-07,1.2434489459916999e-54,3.2803667010165828e-37,0
0.6045914495171066,0.7742620972764735,0.9967964352348566,0.6066630228801254,0.4929136958440788,0.8606848715870563,0.8215023285782378,0.9312944900579143,0.9999999972643401,0.9999985121374095,1
0.6329380016718321,0.5796519513486733,0.7582226426699858,0.1895106774223391,0.46857516183282555,0.1829381101677186,0.005056919965550176,0.00331373688720097,3.4226398317115406e-29,1.4334878215476982e-37,0
0.6178080823692723,0.6958032827414966,0.9977206047677231,0.5981073991522595,0.46838896837715854,0.7839883954166503,0.9010257763430517,0.8739240179058906,0.0057239952444533585,0.000759377797431341,1
0.621556560514555,0.6329044308799678,0.7544595752391589,0.5626995934114437,0.5961092699845472,0.36754475217931337,0.9663119853966675,0.9610724085496961,0.998056259971245,0.5995799801418882,0
0.6525042752934899,0.6475939233838923,0.35547255024667485,0.5845295195482255,0.42974854457552486,0.46572709435798443,0.8530946489187242,0.7504672407785051,0.01150865752461301,0.0006670900603342146,0
0.6532779521378884,0.49084895429013686,0.0031321073519660946,0.5829501257016907,0.6149189918719544,0.5151267755412414,0.9765500149752409,0.4733488365330958,5.520618836747994e-19,2.0669832068479975e-09,0
0.6229364656890733,0.12042281668636806,6.925770846203105e-06,0.4316678857530306,0.5398180210039891,0.024506349987824312,0.7252150588736811,0.06914831715381294,1.6118241461707283e-07,2.900158103602735e-15,0
0.5974132597482623,0.5397478570511832,0.17869847119489884,0.5558861790330188,0.5555640406658086,0.014998438887623736,0.8706043791825736,0.1403845403685066,5.053757418067839e-21,8.574614045418349e-15,1
0.41112526095466745,0.196286612113436,0.0012903920924852118,0.4269287153063404,0.39707835946657183,0.19078486064981653,0.8429082372231573,0.9554729826751117,1.0,1.0,0
0.6336848896679456,0.5424025470924074,0.0011548333178561338,0.2969436261760154,0.5091891490618755,0.005931013684885462,0.8642659478683281,0.9413525002658033,2.188433934699125e-24,1.171915178686694e-117,0
0.5363649379330082,0.6134415140398145,1.642126305993897e-08,0.5044779784659236,0.4393259414731335,0.25860434445940617,0.3049302872563089,0.6365271141678346,5.573245999907858e-08,0.999962520428427,0
0.5521644185500321,0.21117292783573258,2.0547187459653294e-05,0.26747055090673655,0.5068793715036087,0.5080417211655881,0.45344086788490995,0.23084985456186857,6.553864918473358e-08,5.222312616608513e-09,0
0.35474378122778777,0.1703493335784946,4.224560609080519e-06,0.40754653783055184,0.6729859588533706,0.0003457081368374802,0.00410247850754816,0.002225334119488014,3.6867507059600504e-39,2.20185430434453e-28,0
0.2112433346125736,0.4066431970857711,5.604368846975713e-06,0.3594901322434356,0.42217505682502426,0.04587762856406181,0.01862995572939225,0.03877835990559491,5.749373789515105e-16,2.790000644150503e-21,0
0.2209624061631212,0.19402459537233013,0.12383976602151403,0.24869274490215323,0.416744876407942,0.663386588446184,1.4541876274080006e-07,1.5389546874029673e-06,3.894797187078875e-44,8.793589338828728e-49,0
0.3318168790977345,0.12580793864624013,3.538751476533627e-12,0.3100329383911156,0.4166836579660911,0.02550212001160811,0.2708717319027327,0.0030097002530964072,1.7469510061551878e-22,5.327279685425396e-20,0
0.4488523919893325,0.46697796416530546,4.779242989253376e-08,0.29197155681509424,0.3393546325174881,0.004993705514768866,9.969708028966927e-07,1.893338825640427e-07,1.500302090352377e-42,1.3241376007256207e-76,0
0.34027836978898535,0.5293617655709448,2.6386150849484167e-05,0.374743965375072,0.4528909055361439,0.9937357000837695,0.715611800238426,0.03501744263347663,0.9999999999973497,0.9988445134415671,0
0.5558297473533559,0.08530086691863861,1.5252152445692469e-06,0.3892265473969123,0.3279365942405017,0.05677233802045453,1.4685113811936004e-09,7.178442055572963e-08,7.114202723332953e-119,1.3042532146317618e-66,0
0.4793804995934758,0.32778128717238125,0.017453911383762125,0.4641579197019514,0.5731539390659695,0.0013526486485796654,1.9594424805520895e-10,6.398693699907996e-09,1.9294857537915435e-36,2.148035031514874e-156,0
0.606618063469237,0.494271351150851,0.04593735777936531,0.41589868124758306,0.5595803295509404,0.027851480263717338,6.423544259646372e-07,7.434551472338641e-05,7.263932024839313e-35,8.127824275804938e-36,0
0.272499548905981,0.03184857785541773,0.8907919266233288,0.3207544338909376,0.41085799590452887,0.36681884539401155,3.151909941149429e-10,3.8577108619334186e-11,4.4793531210795686e-127,1.4662146525740964e-82,0
0.23210934167392427,0.4055843659826318,0.0022601302079406286,0.4522429631404246,0.35818352822712024,0.004533652828073077,1.8487841046075302e-08,5.023079836940595e-09,2.830427219516278e-94,3.5681568881949844e-66,0
0.43115982434684225,0.21107371686317003,2.773122085767249e-06,0.5041710938153833,0.5763136041245818,0.35684512070175556,0.2114031901729455,0.0007108187893371617,1.2402466475918248e-34,9.940284775679711e-23,0
0.5700826078592267,0.07187712574684527,0.0024001989351941566,0.38182826206421,0.5499348840979137,0.6869375419354224,0.0008047405676400636,0.00010746989101092754,3.881523171602858e-42,3.466237229507528e-41,0
0.21383385461595592,0.08302216865124967,0.002098645423826224,0.6238695636614053,0.48482438033108954,0.007261936702935111,4.730202938970498e-05,1.971160417168075e-05,5.266776536678397e-63,1.4365411681159405e-69,0
0.2619416814249654,0.1292018521337886,0.6398519256523514,0.35786747702423105,0.4619152431132001,0.06550856976054223,0.37657332626087897,0.03253153930423699,1.0796669939151846e-59,1.479184327120351e-41,0
0.3737365710364965,0.017458292384319757,1.2520278452633908e-05,0.4172150195759756,0.5117455519260724,0.18714509833824186,0.0006739290678122508,7.405128755400318e-06,1.3583470763787086e-94,2.3050672513425235e-22,0
0.343454208184163,0.012349187518820387,6.897847159208605e-09,0.35927607362028713,0.4454298395510572,0.0519824899276229,0.003276587101752806,0.00034037126843040964,1.1323266168756537e-29,3.4723761812295138e-12,0
0.37075718739259844,0.04590038523199387,2.770190099329944e-10,0.37318642939050173,0.36275085892332637,0.021104931127184343,0.0010705177191391965,3.5756639933443006e-11,1.0124545869850771e-120,2.1745184311831995e-150,0
0.21406459981982567,0.1098352626848494,0.0020798604448425658,0.38365834128645404,0.46014110317038176,0.7799685067819214,0.012097230893076818,0.0033037130687607603,3.3626550648188614e-49,7.445509308597615e-10,0
0.24017885363274952,0.09673628113831745,4.968969256942543e-09,0.20593411052610325,0.5670566889421018,0.12125318627700991,1.2236934897565481e-07,2.3206850841113837e-11,4.1793916549854355e-104,1.7107304634493384e-114,0
0.2771941080574849,0.11703955351084461,1.724465562900125e-15,0.23469358630883405,0.3603125431118896,0.25351573343643896,2.7710250638570554e-15,2.6591254521209446e-17,4.2204870544443216e-148,3.8622600113440727e-143,0
0.26083692142679477,0.1269337526106394,2.57137244280214e-09,0.2944157701577374,0.5512105212611764,0.5672733656165954,0.025942584307839998,4.987789192206714e-06,1.1922631329735562e-77,7.169562569124483e-66,0
0.3021913313600771,0.4142911573402438,3.475553063152247e-14,0.4415135375800873,0.4321756159040924,0.9446777028177907,0.0006511965606240189,0.0038290878966827126,4.830903146126678e-45,3.517938114472834e-34,0
0.25310439429306686,0.05374438079079129,7.192564466550556e-13,0.2345601083822391,0.3020141641811537,0.02346772121747371,7.850098191583312e-16,3.586722808026025e-18,2.775674766274525e-152,1.6079543072600957e-147,0
0.5034554595895415,0.04022478810303723,7.932492018400461e-07,0.2856607253399354,0.5532524316088837,0.019536097895552235,0.016432732813780125,1.910925754246301e-08,1.7494036133602436e-61,0.9881677950569062,0
0.39046974429099374,0.046235477934189084,2.639691131898842e-07,0.3066587221059414,0.7023079535121393,0.02254228647861545,4.700493151578039e-09,4.229726994891e-11,6.125356388337179e-54,1.8969003660025142e-54,0
0.3708811388626031,0.031074232689727962,7.812521363545041e-06,0.33422144208199045,0.6168536951353649,0.0014489463122726914,2.427476676502345e-07,1.2832779882281984e-05,3.2949863863207697e-93,1.2645809468441096e-34,0
0.3993640965789031,0.18342197292329204,0.00024096624930323583,0.31557698800745565,0.5633184855938111,0.30841223637355236,1.3446909740750722e-06,7.711614833057084e-07,3.9418014222334963e-31,3.438170689149652e-58,0
0.4496711003535176,0.24130114302019992,0.9999937166062427,0.51860922887004,0.4284043174545174,0.029606626609345287,2.8658434965501316e-05,2.6016695036537146e-05,3.5380453986864633e-22,1.2691355432844524e-43,0
0.43236707997406737,0.2056635374415779,0.004971513829296096,0.34280273812439116,0.5779558362665805,0.03119677860648837,0.014831363354760098,0.0007515886137603533,4.5076094188529346e-11,1.2504248847203306e-11,0
0.36770587279612,0.21696994409860784,5.074438379653881e-06,0.45401029500473195,0.4141169379020355,0.027371314195539932,0.06347708036867468,0.006150259376948332,1.1129437591382433e-21,2.5619283503354904e-25,0
0.49106774407805165,0.26487725269414086,0.02514358801470157,0.4916112362931581,0.6431206878111301,0.6108774111293335,0.5253094924083979,0.11152003908250542,0.00010523098563114326,0.9993966569984659,0
0.3656647247628714,0.42892980204077263,0.002380799071956141,0.41098532762552886,0.3749999520696916,0.25077816932801306,0.031519153087646835,0.007195651768147396,1.633124963952034e-13,1.502432726224028e-10,0
0.2685281715892774,0.20571856610312217,7.355762094229337e-05,0.322138164847812,0.6838465898074293,0.0024491191581951645,0.04766775854754638,3.91595799525107e-06,1.0,2.5817474644295567e-54,0
0.43403809966257073,0.1949502712614754,0.0036949958659151425,0.23847713250904357,0.4011248939816697,0.053916546394545725,0.05519918562102982,0.003089207091320076,3.755459019539676e-19,7.211221404121534e-37,0
0.2671595485076847,0.28533369758016697,0.010870394946953505,0.3708010067898939,0.5558437815856291,0.024000817974360017,0.06603826669547255,0.04788766375106707,5.730817621792511e-21,1.5285776878742129e-30,0
0.33227953926848014,0.26646007397679766,6.245183996173015e-08,0.34356845726049123,0.39250525937282316,0.008606763167154731,0.4101484919335186,0.015062584777364432,4.009472224448849e-08,8.608745272081204e-06,0
0.2830457937271706,0.190413550832144,0.00027014696376711714,0.33560267606744726,0.40904461227902605,0.004318605167253359,0.00761665357223589,0.003842665884471478,6.729008365314214e-18,1.1612907924765851e-23,0
0.43620100281964685,0.2665756290552327,0.0009130356064051196,0.1968863003158094,0.6179680386473131,0.011433669287996504,0.004996574780401189,0.002554818034452427,2.858771171676509e-21,4.538344344292423e-34,0
0.22513253837795427,0.5123562007294754,0.001963768254044564,0.4433002387250436,0.2618509443801902,0.6481423607216288,0.6551863267543079,0.4914923084103754,0.3639678423297775,0.9999225134524137,1
0.16176282681652734,0.07047017214455156,6.567790817266527e-05,0.4834795524633092,0.474826327441043,0.03146014167061803,0.8734852877508072,0.6006511639059289,0.9999999544188064,0.9999999231736739,1
0.3843576261221143,0.48348191807303065,0.9999160026269874,0.5643707135733935,0.5066513690811197,0.981931008945494,0.6636296218746705,0.9970834867839785,1.0,1.0,1
0.5002000486087785,0.25103320738626544,1.9605669756189697e-05,0.29960358157776146,0.5402949010127395,0.004996411844242275,0.016242063472548206,0.0001679073321625001,3.4793598045553513e-22,3.951306009604531e-13,0
0.38195269935679405,0.5885305047984685,0.9880481863526345,0.33556843755953286,0.35031064207943075,0.5273617893052619,0.928508299872135,0.9405521579606942,0.9999999999909468,0.9999999994620108,1
0.29264235150508877,0.8637436052882916,0.11203752210470404,0.21378923919252862,0.5614010484711863,0.08034902042459685,0.9631287601811587,0.326349969922697,1.047498327878485e-12,0.9998185990586574,1
0.2975896650133747,0.539107317742562,0.004106360742076789,0.23956166527552247,0.5027665351703561,0.22524847794934816,0.016068646888351662,0.01765332333638546,1.6807800155475687e-12,1.6832898499210088e-35,0
0.48098674813337033,0.12051216545449618,0.0003573179457846702,0.3428874222122481,0.40870891470646536,0.008900064956763933,0.014871127751615055,6.710693171673693e-05,8.83874819201047e-14,1.5679748417408316e-24,0
0.44769086862846974,0.6983676972879329,0.9982452905693566,0.6167460025500918,0.4813860159675537,0.5090283848965654,0.920833261644055,0.9678561413799793,1.0,1.0,1
0.441948791603997,0.729039740522817,0.3105618310631005,0.35837782523435835,0.4631442617396789,0.10184890017773769,0.178668128109873,0.016249161880492462,2.7313938674329096e-38,1.0195328879452005e-35,0
0.4714901356556884,0.6308797362965693,0.9999195295246267,0.25747127277585785,0.6428173420456722,0.9404959340602381,0.005303915426596395,0.014524946847302522,1.786733815114967e-05,0.3206968730712455,1
0.4007996992851014,0.17552540148522358,1.7631710171318037e-06,0.404989149177546,0.47928389502586244,0.007549189607798846,0.01795661877869656,0.0005789249812911649,0.9543546410870406,1.1313555659744129e-26,0
0.28208234079842937,0.2032579880468665,0.021809631492583744,0.22414575831136271,0.4537413387170857,0.0002210314515713091,0.0005932396962037495,0.0006074679055665903,1.8535779558946916e-06,5.100544492348796e-24,1
0.22270667456342216,0.4712141855275355,0.0007643170693082943,0.407166451275759,0.5548810050676909,0.02732533636430129,0.14279924293549995,0.049881482843162586,0.12160753371881693,1.9343336488264322e-12,0
0.4054445866008121,0.5910290288617017,0.9999593416275299,0.3386743474597812,0.5808048453769686,0.5803330826722611,0.9875367116554088,0.895737766924954,0.9999999999999998,0.9999999999955662,1
0.2401393600525969,0.5229483060980047,0.003947329012759024,0.3031124027072665,0.4122540644901004,0.2825696332941845,0.6646048215402761,0.9519964808297847,0.9990398912337377,0.9998508540127965,0
0.3251242969811081,0.45922059767708034,0.018509485938952918,0.35357581643697483,0.5726043906543268,0.10254933154208933,0.5620907264974784,0.4834387143450515,3.346804942838305e-08,2.049123600337852e-09,0
0.3592343314218001,0.16816008195515517,0.000303907964255437,0.40472687279125186,0.45843893185968854,0.0015199203877597908,0.08527825119469777,0.0006615379699627953,2.363789660625274e-18,2.6756789686708085e-11,0
0.3721138900307173,0.3469160718953196,0.001060861608567114,0.4071642534541759,0.6202816196372707,0.07822773153305033,0.06382089753114485,0.09246924873081494,1.8360071929467345e-13,4.45008889891655e-07,0
0.32196338478367137,0.4334021328415994,0.9951814206346112,0.6007889874864363,0.687039515285826,0.564411516769634,0.6635405599610643,0.9765036775843359,1.0,1.0,1
0.34415210562415993,0.45817307387630674,0.9989467881510334,0.3529442031226873,0.5561582752244727,0.555921168712912,0.21019036296224564,0.18461280182811077,0.9999983738054681,0.9999852848202173,1
0.5895293499242598,0.6921142035440668,0.23583325503053817,0.4056215124657893,0.437783544092835,0.6835601973988656,0.5226773136630414,0.4010252507493675,0.9999996413641391,0.9999043414475033,1
0.3188804782308353,0.22925160908083703,0.0027829969215822465,0.27259819585612133,0.44076481076683155,0.911448639774986,0.9827305043023674,0.4102298804079158,0.614145313061658,0.9999999999999913,0
0.4087312273066037,0.31704776860293216,0.8921927315558689,0.5260053665040516,0.5367657564224423,0.7253829213467854,0.9121186399230337,0.9996733927025813,3.860581013892275e-10,1.0,1
0.39067620880309983,0.1275627142726028,0.18553549201846514,0.39351355694151513,0.56101947604966,0.650954287854277,0.5019228019858436,0.2938197251942323,1.0761491845190908e-11,4.023800285006996e-08,1
0.5585724304350673,0.8083665442969137,0.003252628862318279,0.484844087515847,0.3788722588383321,0.9235792490614929,0.0076342943946290385,0.00800641345515489,4.9837510466250815e-15,3.786799934155362e-13,1
0.6234400813176026,0.5643283612756941,0.994703588741482,0.35170237220373785,0.40002880576763,0.5699262247008449,0.026883716444794006,0.015232399438380586,0.00022702212885121486,0.09411330382658814,1
0.27844562623258345,0.26855502251301605,0.023711613498046676,0.34532963783308246,0.5435356601009315,0.004692605886370255,0.9032409708298725,0.012511265941618577,1.0,3.0276219735113767e-06,0
0.3318174165349719,0.5614274615900879,0.998399408442449,0.3464110324011621,0.5981236794072889,0.5627842769161611,0.36898525021312223,0.5996255134521847,0.999995631428023,0.999983898157419,1
0.5687915040493804,0.6748371953832067,0.9938311010653182,0.463950047944869,0.38663437323143285,0.9102796129074482,0.7028701605837145,0.6072974688557038,0.9999548721230714,0.9999082225002666,1
0.34415210562415993,0.45817307387630674,0.9989467881510334,0.3529442031226873,0.2926040208669248,0.324217136713011,0.21019036296224564,0.18461280182811077,0.9999983738054681,0.9999852848202173,1
0.5356014521277338,0.5709051391302727,0.9943161763326553,0.35734539006326205,0.5494929085363667,0.034536370421683026,0.5700669205233735,0.5650363887650443,0.9999245809126126,0.9999048177372502,1
0.4338893161502579,0.019162171888790935,0.3156369848587174,0.48031907623444264,0.46247374618606735,0.4342204270019712,0.9347679671287639,0.964376556708427,0.9999999977489344,0.7838403151372002,0
0.4953203207868449,0.2308775074867685,0.44882007798432344,0.3002223938264904,0.5079361825149852,0.11993516949243398,0.9876188069993326,0.09479484154580815,2.0994455883033855e-83,1.2649653542063475e-17,0
0.35221474135803177,0.588404079486749,0.008571342325918314,0.46138943481222666,0.35419497478982176,0.6923892808441282,0.3147414724994731,0.4745289667951754,1.49249245514832e-06,3.1793426607096962e-06,0
0.5683991209492166,0.4578235673072072,0.057887849100145515,0.43309224423430687,0.5365800444743908,0.3420472626418841,0.31641115770326944,0.2177731973026786,0.0003032686280385666,0.00015039485913382773,0
0.49090216378137036,0.48388213178343403,0.0010460192892649297,0.47580163986111074,0.5565298926207207,0.4258126682407416,0.39804935124132584,0.14221614386140133,0.9999992953277731,0.10717938590846,1
0.5328032368791891,0.32946488668483404,8.142664218614464e-05,0.4786006389869988,0.41853425772388175,0.8246523120535167,0.6893459214865422,0.6635659325150427,0.8436598282134745,0.0019940881124348745,1
0.3411068362373255,0.549755269690881,0.005323743975338516,0.4415356572545318,0.37978154213708276,0.7953761564955715,0.2872311163013119,0.2993339911214086,2.1367627012650338e-06,2.04793352165361e-06,0
0.5022933135272846,0.5465851111952914,0.0012415906270286372,0.3843564294317618,0.5364915485129848,0.7526144319341548,0.5174845240758984,0.2891786422070959,6.161331736295289e-05,8.814722940506673e-05,0
0.34182174276482286,0.4978435691399127,0.011062762199851034,0.4378513000131143,0.32136589935754956,0.29756182171866813,0.2946126568658884,0.45227175269133535,7.975835154200707e-07,1.9037389255519344e-06,0
0.5183846518715243,0.46868019696255775,0.003279686470007515,0.39378452393107644,0.42544717030682977,0.06758153225808065,0.6305159336359276,0.4888619144972188,6.80463255178144e-05,0.0001516211788945279,0
0.29433267646417016,0.2234573657928273,2.6316843047451553e-13,0.4682313173444851,0.5716667077261811,0.029287270278850967,0.0032534338727053195,0.18364866247671224,4.9269851217227296e-11,0.5061767614815197,0
0.23058306264671527,0.27879909045940493,2.769961557635808e-10,0.39830687695816575,0.42807012537359623,0.018186527820593126,0.12870886601634443,0.13329995361332167,2.089189721986858e-18,2.203480187067904e-18,0
0.3626751996671294,0.0821767738811986,0.012454116033319473,0.26763525820834405,0.4021324774000705,0.9789049214701747,0.3242221451312002,0.11626720896820449,8.934544039867242e-07,0.00020647205409880172,0
0.23670940534349966,0.35059289365378815,0.9974004862734541,0.30753957610445515,0.47498911559613105,0.5128075322858741,0.002432885737671367,0.000950246923614948,0.9998886980391228,0.9999998962388507,0
0.2650431994359846,0.19840778375384388,1.789246306983034e-07,0.2588523287488478,0.4687734877441451,0.09577716408901356,0.053606871208444436,0.0849402968938485,2.558251795851187e-24,2.1048134630735483e-65,0
0.2952496673548501,0.694610248028168,2.9708391001005377e-06,0.2830188045214848,0.4801066385737516,0.6364933325351743,0.06256322181238651,0.08356613630975067,0.7481648551508009,1.3209822314176304e-10,0
0.33496922763111237,0.22160908094540252,3.0335386198916714e-07,0.4317359896038674,0.44116908093358115,0.009562049274627987,0.738621271251612,0.11138915081965794,5.695987056833816e-17,1.4761532866962957e-16,0
0.262348098027747,0.2581036927675102,0.6524136736652217,0.17734239273343702,0.4268863171071631,0.06070633856365606,0.0256058114496643,0.0024808860630956765,1.0158145003229813e-05,4.4655240172805736e-11,0
0.30032617629398617,0.1818920349069726,0.002801802674814478,0.2128743022588707,0.3998987101237416,0.028686763115305266,0.6244944159012784,0.9749604608266584,0.013976100113669294,7.970372455317952e-15,0
0.43765990111007697,0.2900421536702403,0.48272314585988546,0.5606753433490095,0.3678775671901033,0.023707402316898777,0.5826818621242303,0.4913210310221858,1.8161813332554216e-41,3.1203120100019256e-33,0
0.4607047983355354,0.43329716283476943,3.606973972847957e-12,0.3939729503611503,0.6309339379166914,0.012034756067848524,0.00857438665511729,0.026403642597836223,1.2880366056995157e-95,1.4999622476286548e-93,0
0.39502315835371654,0.5184781976652186,1.3388982395182548e-05,0.3539928849382065,0.4168529416647703,0.8025703979682187,2.4684078716844537e-12,1.257408427789856e-08,1.0,1.0,0
0.5985449870602321,0.5266767465231363,0.9998709661474473,0.6196306980094977,0.5458111489008749,0.04327439763360749,0.720170099051969,0.024423876314796065,0.7185754615278441,2.345222322305011e-10,0
0.5188122652490175,0.5403013445599415,0.9999982387350571,0.09427044998011842,0.3456979037178682,0.01868273975195528,0.5155438922380047,0.002416323599690193,0.999999999979355,1.0,0
0.5480522875978312,0.42316582938812325,4.275003246218544e-11,0.4548330506468158,0.6790346048425732,0.0715165551084837,6.298759364945143e-06,0.00021894777307240846,7.548746689368169e-57,2.8812965103276322e-58,0
0.5157402057283976,0.42395156810143053,2.625439032152068e-07,0.5507291668508325,0.6623403716456168,0.013477059682589398,1.2268205466349021e-05,1.6150076152060084e-05,1.4833618164074046e-50,5.664866633058311e-49,0
0.450530592563614,0.2392212834736133,7.117995781743157e-13,0.5639854977842803,0.40940425488149074,0.3463349597558311,1.8459524679788953e-06,6.814641738773744e-09,9.837895188364596e-40,5.557983799985886e-10,0
0.6362060926579283,0.21694656043434835,5.8999575901009224e-09,0.3308203525322758,0.39719629162084885,0.10116820253437067,0.00010170671785498985,2.0942024980165219e-07,3.297686377160447e-31,6.469244794592039e-34,0
0.42267918329108417,0.2131783284970925,0.00013783217582708724,0.5260671308177219,0.2651489035938094,0.09449442112410808,0.9999999999895572,5.964714583619438e-09,1.0,1.0,0
0.2764024204719894,0.6940136841471213,2.640235921558434e-09,0.3907541628745142,0.35337205487971807,0.28402668267278014,5.095024732899038e-07,2.5853761360645516e-07,7.747875692228158e-95,4.347311229980168e-61,0
0.3677632225809119,0.3194627276839045,0.08201880351796924,0.45792675791883797,0.4129968313144632,0.0004888508907651394,0.06395190264269826,0.01806913490993165,5.061460904455323e-31,1.3539019032154597e-37,0
0.5147150914350936,0.33854807926185787,0.0011529610229668338,0.3982748134149868,0.717515556306253,0.03499614126741837,0.0027413794281854645,0.0011063172488282107,1.1907135856097516e-41,2.897373661406492e-25,0
0.46640727711870106,0.6579888265421241,0.00021835881153705602,0.5319853428434257,0.48676021340234155,0.6172184136964258,0.8973425278050705,0.22740398624718675,3.128445156429835e-43,0.9997045117414471,0
0.42164703492761896,0.2947842496603512,1.1075431530947374e-11,0.624658710628144,0.45149448278776266,0.029270608709679187,1.6134740625469125e-06,9.638965072838112e-08,1.0,0.926864746858481,0
0.500843883066403,0.25802802375570144,3.4935596816248027e-11,0.47882632700510064,0.4704688102148958,0.004060343236009881,3.8676058786626715e-06,0.00022055822045139405,5.4322901917745916e-77,8.32188067191181e-58,0
0.6945285445235818,0.21760352443005707,7.060732255716219e-11,0.3357258094783471,0.599424559952584,0.3369405814783931,0.02679184665258744,0.28056397561583557,1.0,1.0,0
0.6207734158055884,0.6955166574621057,0.990260557391498,0.5446202444484264,0.5476445916809114,0.9830528859493257,0.9999999997287481,0.9921963210776852,1.0,1.0,1
0.6020986427722302,0.7491368949377736,0.9911047738885073,0.6341455801475345,0.5783259482141877,0.8515644771504154,1.0,1.0,1.0,1.0,1
0.5387519002097462,0.7261556868049323,0.999296212087967,0.7361152125679825,0.5566609900458067,0.9082277672977214,0.9999987682868193,1.0,1.0,1.0,1
0.5836482828781502,0.7890763624923687,0.9999959669527109,0.6982291467656263,0.5220989843299004,0.9669196478534448,0.9999999999999962,1.0,1.0,1.0,1
0.4052826323938548,0.3436116242012354,3.238716663103246e-06,0.5487894649528062,0.6336720843221711,0.3277037801882502,0.02855055439524396,0.8886924846253491,0.38226270757689407,6.494533081390018e-09,0
0.5784592068244351,0.4009132590295858,0.03478703641255678,0.5947061111868774,0.43931092668552474,0.6959325619236383,0.9668970779157674,0.9057296269738058,5.5057244551321256e-05,0.9999999871913897,1
0.6571018035780662,0.5141315027024183,0.9996072719425316,0.8055893235416643,0.688578204574113,0.7118508562716377,0.9989977444649978,0.940433252975491,0.9999999999999953,0.00012134178372640391,1
0.50945213331969,0.5710906529190191,0.9998694425057577,0.45139045634375796,0.6277128256556184,0.38369531499107434,0.5648120543738209,0.205932302118824,0.9963988697100538,2.223569730836488e-09,1
0.5780107868978869,0.41462245039822454,0.99996999231928,0.4981854437866484,0.5309862452660159,0.36592220036483497,8.37743651366601e-05,0.7419335777569799,2.1124505747875277e-21,4.4747430674973085e-05,1
0.6251922984100275,0.498285518516655,0.9998098512109002,0.5459769615419129,0.5038927060602004,0.7009026522128871,0.0031287126591853804,0.048370732845846066,7.119224523941896e-14,0.006554127910836088,1
0.6055366977386003,0.4378821452465986,0.9999960766988631,0.6439876208827353,0.6639387063742598,0.04800359257076771,0.9999999999999762,0.9999999999993057,1.0,1.0,1
0.512017892320697,0.6582175429614292,0.9901611376977478,0.5445465554995845,0.5977354180022924,0.9513230767617282,0.9995816713155339,0.9999999724267773,1.0,1.0,1
0.5183588759344542,0.39199538423507985,0.9832257057493761,0.6455592631917692,0.5004353013568441,0.4028879164804133,0.968850652275684,0.8317005953717239,1.0,1.0,1
0.5147417544456987,0.3873424634867375,8.397121205820238e-10,0.36266102798244787,0.425338373262872,0.2860723188668633,0.0003374219554443433,0.0002637632981459529,2.7726943309631106e-23,6.540304655122389e-13,0
0.5628477289472696,0.7864096322288207,0.9849796931062373,0.5819098706231633,0.38797874307600494,0.7899724665616256,0.9990543159313002,0.9996811345109176,0.9999999999999996,1.0,1
0.577033162961662,0.9123147390822607,0.9999995143509113,0.5878756271451937,0.5960244038689173,0.5450636374148132,0.8926571070326034,0.8160188747340632,9.735567072158177e-17,1.0,1
0.5434228509153808,0.8916625563823158,0.9999173394060635,0.5423987212096978,0.7106506664756098,0.8564682673010517,0.9643087446620793,0.9887752703603209,1.4687179581372877e-30,9.120949477210015e-08,1
0.6032686661145484,0.79048854127394,0.999998747195422,0.7621039654188778,0.6637861488722137,0.7064639412530619,0.7629850780004733,0.9624117983983592,2.9109623464097076e-05,1.0,1
0.6622390804343311,0.6928967503963451,0.8456910519553502,0.464223692689707,0.5699086310421438,0.8925724771182759,0.9932953836831775,0.9886472899185011,1.0,1.0,1
0.6320207831539947,0.6402502012902825,0.9999637888159842,0.7175327235511887,0.45882825315192627,0.4561990919103805,0.9999999999893525,0.9999999900610391,1.0,1.0,1
0.5523456714595901,0.8158982283956728,0.9923640700273199,0.6239220169079307,0.543290794112595,0.5624080587903811,0.9839926538107743,0.9999996610153216,1.0,1.0,1
0.5451016111745935,0.7413581954528358,0.9998698475982789,0.6710947505478828,0.3720511520197867,0.8204162399037489,0.9999175260496324,0.9974917464142474,1.0,1.0,1
0.6022577461881837,0.7234831575717623,0.0002653922225955989,0.4764460212120617,0.7112251509222678,0.9296110382184359,0.9358552471131822,0.868502574273029,7.430677300149907e-06,1.514709005139796e-14,0
0.5226620797772837,0.49252349231103026,0.0017744185352907159,0.6476298211932552,0.6021160191998263,0.04525018917122217,0.0246739874402274,0.005923383333802396,6.0780015302497664e-33,3.939184779719705e-25,0
0.4907421963960049,0.6060677874248652,0.2158088749217926,0.6276962195635263,0.35614625462757016,0.4707324596103937,0.276952029052584,0.030582960090749383,3.038872269590312e-09,3.329019079768267e-12,0
0.6044474179496437,0.6237935770717888,3.372517556172678e-05,0.7095448604548457,0.3203904605750153,0.26588479025445794,0.48411921958733634,0.25951308830125647,3.611040211408012e-13,1.8555673138334756e-19,0
0.6207734158055884,0.6955166574621057,0.990260557391498,0.5446202444484264,0.48043202634185034,0.9830528859493257,0.9999999997287481,0.9921963210776852,1.0,1.0,1
0.548687945295365,0.7479926422206444,0.9888066824332559,0.5819954097798187,0.5493726248008938,0.9025173195267722,1.0,1.0,1.0,1.0,1
0.5466931251681861,0.7180616457472537,0.9957631434937564,0.7416556947570999,0.3802153457781701,0.9705342531112956,0.9999999999999765,1.0,1.0,1.0,1
0.5849723524553547,0.7650625507343944,0.9999984912432136,0.6533486441337257,0.298699406934468,0.9462000288196833,1.0,0.9999999999928855,1.0,1.0,1
0.48112675480066064,0.5835199404874359,0.0035893067105975244,0.7078775844516,0.49586256726839845,0.2393315633402496,2.5241137285305256e-12,1.9310055411619802e-17,0.0001636329571296708,1.0,0
0.6407882187043776,0.7421673897666126,0.9953248153840352,0.5580446233838151,0.3099220160169849,0.9676000747942661,0.9999999999999987,0.9901772392852258,1.0,1.0,1
0.548687945295365,0.7479926422206444,0.9888066824332559,0.5819954097798187,0.6575921779027211,0.9972106903489968,1.0,1.0,1.0,1.0,1
0.5387519002097462,0.7261556868049323,0.999296212087967,0.7361152125679825,0.7040288434433197,0.9394001809079559,0.9999987682868193,1.0,1.0,1.0,1
0.5849723524553547,0.7650625507343944,0.9999984912432136,0.6533486441337257,0.4184288074293964,0.9462000288196833,1.0,0.9999999999928855,1.0,1.0,1
0.5720774714536775,0.6267395256727402,0.05621823944773121,0.500386849540222,0.49380513394027803,0.06536535427848672,0.00014667893861600046,2.326452399874868e-07,8.023720838756999e-60,1.9088159709273008e-56,0
0.6369610350574777,0.722138429494018,0.8911438465368225,0.4458310423899849,0.7076631330857198,0.38146561091599523,0.999871284027371,0.9788275360343104,1.0,1.0,1
0.6352506212359397,0.7365536736598804,0.986473656883781,0.6717543558051436,0.5550172510025411,0.9410578002332776,1.0,0.9999999991168038,1.0,4.311179864993507e-18,1
0.5242192773029545,0.7305306887209527,0.9958076428434822,0.675324019659651,0.49769837912023396,0.8873842032213131,0.9999953299738886,0.9999999999163387,1.0,1.0,1
0.5839034021565538,0.8230277305349825,0.9999992779752451,0.6306855663197751,0.6408908089349535,0.8724010723442501,0.9995946819575328,0.997553178285332,1.0,1.0,1
0.5983353766814203,0.6987672475343273,0.02106801171625998,0.44836530981965766,0.49264552419974894,0.20304413494216614,0.05155237168353789,0.1766540899716919,5.927456006344934e-107,2.0264872981822387e-58,0
0.5556868995037594,0.5055218715133966,0.00276089097570948,0.6474098927733057,0.35011863287204736,0.7644572154443419,0.007178841324869199,3.8524003573019906e-11,8.377172304006754e-07,3.9647733900680045e-23,0
0.5032963712180026,0.6334200634748705,8.105664318759253e-05,0.634019293182289,0.5729801921653317,0.22027009138016407,0.06285760803176445,1.7602308754081e-16,6.718242779113122e-54,2.3963459328065328e-33,0
0.5577637168041505,0.5801600818494946,0.007996493501313566,0.6952204217248064,0.5653133788664395,0.17301296803717253,0.0005316935583984891,2.712368744889721e-06,4.467681718001956e-113,4.945644853614392e-130,0
0.5702807494236057,0.7121413026497413,0.9999983924214354,0.6249396426956774,0.5266156867972284,0.37516561908921725,0.01799098403863644,0.007212498946638604,3.266814694636041e-14,0.0007700545594796073,1
0.6878433342304852,0.6458589126304025,0.9999953539859471,0.7282184746712942,0.5884593327132147,0.890199486262571,0.9756087061113395,0.9897064789069253,4.423301066488061e-09,0.9999937021337844,1
0.5846735834262192,0.7650976133004568,0.9999647853674443,0.6243693299438263,0.4404927869115891,0.8933734172484434,0.0733959909209729,0.1295476747405051,0.9999999999999967,0.9935010819243005,1
0.5483481873808981,0.6527473045094505,0.9999445537280853,0.7178094010831421,0.36312205307267964,0.34061451846547386,0.19635999185252356,0.13062432016110734,1.0,0.9999999999970566,1
0.5538127360516871,0.6905464999168088,0.5364956434897854,0.4878865669276217,0.7696638346644621,0.9441596136460163,0.9640346769978717,0.8458052527749725,0.9999999999891436,0.9999999999706364,0
0.5654448629915687,0.5293698033084958,0.051048174202316624,0.6014363762124768,0.45311237118432496,0.2709198505554614,0.10513717996155099,0.05362430077180344,3.6660257124329164e-19,0.7421298955131552,0
0.46972405463074113,0.6174245091308683,0.0031994271092243157,0.5724791036675828,0.49463748529118606,0.7679295175952267,0.28062225345790587,1.7889191623102508e-06,9.55578010722045e-30,9.282300910357518e-16,0
0.6204482193039327,0.5790233872007161,0.006472759513496596,0.6995036937252448,0.3660775805298221,0.5338896558595927,0.8392405372401558,0.14818517463398612,0.9999997850481626,1.165627235929571e-27,0
0.6003116137822146,0.7290722505644223,0.017763172681977184,0.4743497104377356,0.3586413810217134,0.15359081323478535,0.006990172549286936,0.03874156477968021,6.168660668989003e-144,2.2681197959421684e-74,0
0.4843964326011447,0.44821821427683933,0.003760680272381122,0.6225789056243268,0.4492951014473233,0.7339852530038781,2.5567030474677192e-05,9.465376813219243e-11,3.2655066408473774e-13,7.439070156159952e-15,0
0.5312737710386024,0.6308494553732141,0.00029446975116605866,0.6522384221305387,0.4904715104500993,0.231525838781984,0.11028500048315044,2.7143317371735675e-13,1.9654798977189897e-57,2.1149396792706933e-47,0
0.5889191985103313,0.5784503465860144,0.013071195905114763,0.7310179807428443,0.5421519181706334,0.38899150269513283,0.0014355409798663232,0.01513252758843553,9.581360349508374e-113,1.222113961020149e-139,0
0.6247590960485705,0.5361922409127111,0.9488383369878489,0.4611345201784196,0.5745019012661249,0.21401354252512253,0.0048796673834825485,0.045940681665264896,1.8300746373908612e-15,1.942365890171971e-15,0
0.48591244041902354,0.3609197236359711,0.0031060889726258517,0.5568915665254424,0.40334241290152706,0.2990561454487692,0.005918620746344697,0.0174097045902935,1.0,3.5500886716922595e-24,0
0.4574368864699262,0.43889142536729564,3.93788781147445e-05,0.5212167363880765,0.6174853532553908,0.05885476667321158,0.0011555152784905672,1.5306538348446217e-06,1.1105305189673129e-41,5.95674599481254e-36,0
0.5700044940143587,0.43009772576204,1.0348964949188e-05,0.7045681306005316,0.5364045255124374,0.5445768078489408,5.843997956600078e-05,0.002975758743886724,1.466079664922759e-13,1.1007794971156341e-29,0
0.43110326845951336,0.3376265146759654,0.009573089556554958,0.144328391697798,0.33356130704344017,0.1481778115681393,0.11457971634126725,0.07660997733966204,7.038317602935117e-07,2.2065139707126522e-07,0
0.6386947901619304,0.5000884871188742,0.9704695240110188,0.47845728787076697,0.5153278259298102,0.1798129471210789,0.4763729417344719,0.14834830180631584,1.0,1.0,1
0.5258453298727418,0.5299200514412068,0.9842475302237292,0.6827223554702011,0.5071225642444583,0.5318177032561382,0.9999999999907621,0.9999999999999694,1.0,1.0,1
0.5546789726379517,0.6251711227461029,0.9981843824811151,0.5667545945828776,0.4616445760102181,0.2571648368621182,0.8986011090766862,0.9999997161956892,0.9999993130007,1.0,1
0.5478679186008553,0.635994847019467,0.9998439793906098,0.5323122174688132,0.6153246093478073,0.2571582034883164,0.8857148697891484,0.8498149760402123,1.0,1.0,1
0.5375251500347352,0.29636954888569805,0.13757956471282512,0.4701334206925804,0.5265049934187964,0.1475469462154612,4.151149022922e-10,0.0006807146507211004,6.309151883875228e-71,9.959038388231608e-59,0
0.4115888769124648,0.7275780813599774,7.438321868085166e-14,0.3069611860531144,0.5778200960427735,0.0008194201742294494,0.22710443322107857,0.8296404485714123,0.00952788872278206,1.0,0
0.5667641740819348,0.3892197522191237,0.22862275871939466,0.39722300356928597,0.4675015370448613,0.6312965288708245,0.008178817840935302,0.012036470253991547,4.804676787994385e-19,1.0079849649999327e-08,0
0.6290911749803662,0.5171504463356353,8.139672855654031e-06,0.38168213379731436,0.4482473401217324,0.1604488784073206,1.058452766336454e-07,6.90583044528598e-07,4.631039343399204e-149,1.4098870301115114e-89,0
0.5829642881156166,0.5255482742786937,1.5549060828447226e-07,0.6731994595457352,0.47705410488749084,0.08342001168607886,0.9914016627521618,0.9650977300010599,2.731421101131422e-34,1.8966558889545426e-40,0
0.703097280565103,0.7754959054031946,0.9988467661116155,0.6260466881971596,0.47984206841716026,0.996235543724603,0.991755095976273,0.9999996167393265,1.0,1.0,1
0.5396760430337207,0.7069434347768577,0.991257567330457,0.6618768547797473,0.3408822171124587,0.8426722886267058,0.9999984558123414,1.0,1.0,1.0,1
0.624551174261504,0.5925819781391287,0.6174858905151007,0.6353626328899399,0.3341453771673116,0.4382727027972198,0.9833331123506726,0.9163805829897569,1.0,1.0,1
0.6618723841706522,0.7124019924065033,0.9983697315784803,0.6291442149283224,0.47506873665445576,0.9958936050058875,0.9906374900554965,0.9822671553520067,1.0,1.0,1
0.5847623510364737,0.7001332260336833,0.984576268876955,0.6291904117336262,0.3715663206012686,0.9248850791064542,0.9496230504635319,0.9776586757484288,1.0,1.0,1
0.6246799599799886,0.52704795872241,0.9999264304300043,0.6255300483735178,0.47849819856875486,0.25497303774387464,1.0,1.0,1.0,1.0,1
0.6790303762913805,0.503056022365453,0.9859699263137913,0.6211501770508675,0.37380773233957,0.06747142662406705,0.9816686125677118,0.9999556343929391,1.0,1.0,1
0.5826384797190455,0.45981440061427303,0.8482728447330498,0.6478559823360606,0.5326727770963855,0.32186233800712416,0.8953908905739153,0.9451321994837752,0.9999757602265009,0.9967274602203315,1
0.6484159465734719,0.4119222696302277,0.9999707824446462,0.665185380130493,0.5570956210654242,0.8946054682647867,0.999999749293472,0.9999999969226763,1.0,1.0,1
0.45882445198836747,0.26312761150091823,0.0010797263697512821,0.4879651179504931,0.5087582687817399,0.8288165751416261,0.16384262430500002,0.0047625826466384654,3.700854240150702e-12,8.921290859795176e-24,0
0.6855897368889311,0.7305445431246811,0.9991595229404784,0.6902717546304233,0.47889594182948003,0.6800633354309272,0.9968467066379553,0.9962708463010802,1.0,1.0,1
0.544497082467146,0.6745656793235959,0.9919997536279552,0.6497491991060312,0.4906438800568925,0.8663643257685684,0.9762203298007356,0.9805671648618255,1.0,1.0,1
0.5899108891284031,0.5403049729731615,0.9999540549706092,0.6207603589727534,0.6818744461598865,0.17036086145024984,1.0,1.0,1.0,1.0,1
0.6479857749602009,0.28458050996861545,0.999999709939877,0.5740427606099012,0.487526000563092,0.8268929066187735,0.004036060244073483,0.10088074290656782,0.9953067521789591,0.9999964429856757,0
0.6767357733265694,0.7197649539706984,0.9983134488902343,0.7011526118862439,0.42264689960233776,0.9768428394186583,0.998031504883731,0.988436722141304,1.0,1.0,1
0.5847623510364737,0.7001332260336833,0.984576268876955,0.6291904117336262,0.5255869854488356,0.9297196792817337,0.9496230504635319,0.9776586757484288,1.0,1.0,1
0.6628551389204574,0.5535844156241171,0.9999613440835474,0.6478375398033316,0.42891541614691436,0.7061899237218275,0.9999999999999634,1.0,1.0,1.0,1
0.6366160244873637,0.5317804602088189,0.006891151610257405,0.5826076889392213,0.4044863008953178,0.11426830453710637,0.0038942729317365207,0.0006160563576158567,1.086123441763458e-07,7.85054353047425e-32,0
0.5557363332963214,0.5711564660599263,0.01438860910603707,0.6537779263279251,0.4942153738495797,0.5292666392584734,1.479682517595447e-17,1.7813752263225328e-25,9.652709227481234e-79,6.240176103051847e-44,0
0.6481839553728331,0.45278515252143176,0.0019296937413897867,0.6329469697907392,0.5834962038433024,0.15588048771009158,1.3874935168774302e-31,2.7158287441562953e-36,2.857834554890617e-07,1.4291438012463932e-07,0
0.4623940442624133,0.29077762859324036,2.7999311425407624e-07,0.5995333012458972,0.671865387241758,0.00859235468585011,0.015998663835934256,0.09529960842167684,0.008895913083670328,0.9999999999999667,0
0.6634276245829126,0.6704861897124696,0.01900110746010884,0.46631532709753276,0.40680728041005115,0.6833514973516005,0.00019200083716006575,0.016788447006242366,7.788985626259166e-09,1.5775550889050468e-19,0
0.6429930446344752,0.7421073278683954,0.9992982177373507,0.5952601610302342,0.5192586454287716,0.8972620562372318,0.9999999999999998,1.0,1.0,1.0,1
0.6244342843166587,0.7564064915223434,0.9995689302612402,0.6537873674813317,0.5127103503634803,0.8983896497232038,0.9999999999995925,1.0,1.0,1.0,1
0.6293618749149683,0.5478351109245934,0.9996099465004151,0.6097908465707557,0.4156256161671224,0.5958392641695628,0.9999947475499968,0.9999927487599998,1.0,0.9999999999999818,1
0.6329068677319918,0.7405889900686761,0.998746318409085,0.57278378575523,0.6402863851571258,0.904707234750655,1.0,1.0,1.0,1.0,1
0.5362473266198989,0.7396880654831365,0.9928141253199293,0.670009187010289,0.5819141171504647,0.4363580032659627,0.999999986742256,0.9999999999999996,1.0,1.0,1
0.6366461622351979,0.5329514929613731,0.9948399068353583,0.6374852987105117,0.5351380554301378,0.8908108790649722,0.9793704118129388,0.9792305317373323,1.0,1.0,1
0.1653878141070275,0.25196394606560674,0.025603742596986275,0.5070254641900493,0.45620434306084884,0.45132912276582343,2.8898554736387382e-08,8.825627477665633e-13,1.1822771527389522e-104,5.064583431009762e-143,0
0.656117529404634,0.7911874988741622,0.9991344684263725,0.5702232695647141,0.4768071789542579,0.999297082093898,0.9999999988033084,1.0,1.0,1.0,1
0.5396760430337207,0.7069434347768577,0.991257567330457,0.6618768547797473,0.4833726910754831,0.8940364623286939,0.9999984558123414,1.0,1.0,1.0,1
0.6758560922957757,0.581466836563588,0.999765998274601,0.6711942543483542,0.5937964574090265,0.8737718857503665,0.9999999999999971,0.9984861717884617,1.0,0.9999999999999944,1
0.6067725139437244,0.5037406719866114,0.005073494192323678,0.5285987194582927,0.4679198546687806,0.7125518847092088,0.01629305665514273,1.4261987646419668e-05,6.705101165183393e-07,2.428812035881012e-07,0
0.5875547257927356,0.6477194037877554,0.019821809384883666,0.6828949298312248,0.6606593335197689,0.36749279366866333,2.5759464375141974e-23,6.686352147504345e-38,4.090500969027499e-74,2.0644439085279193e-35,0
0.6320788635323189,0.4256422898751003,0.0010567150431333243,0.589085388899324,0.31218570131287804,0.08977285814303523,2.3009825879267432e-39,1.294646426841312e-53,3.876668410207507e-07,3.551010196598489e-07,0
0.6618723841706522,0.7124019924065033,0.9983697315784803,0.6291442149283224,0.42833306723980996,0.9971243701051559,0.9906374900554965,0.9822671553520067,1.0,1.0,1
0.5376175006148811,0.6816788927410715,0.8889418959346224,0.578529753566255,0.43879391436328324,0.9918610292030424,0.9999999757492156,0.9999995551577714,2.272883024135492e-17,2.5805343783560625e-24,1
0.5940923869122491,0.6774953374904487,0.30020731214699137,0.6160199883022054,0.5700685813798051,0.9415524743780221,0.9999999999247502,0.9999999999999938,0.9999729176786076,1.0,1
0.6477684975045391,0.5129380077420977,0.005364725263857203,0.5988782146369178,0.5882819755653791,0.6197407638259897,0.006902087187686144,0.007659189088865778,4.702301647940712e-53,1.7639238786750507e-103,0
0.5052457443932644,0.5713747809865958,0.01837969868216899,0.67731086509996,0.400962293957272,0.597299074533357,1.0237897352531887e-28,9.205831064102566e-48,7.508663988940637e-123,2.248774727640277e-63,0
0.6409298045063386,0.4535813581510856,0.00090608602508565,0.6731811237264966,0.3227961855915093,0.16305625780347113,3.0352376168334525e-33,9.943707812920398e-61,1.0030387681604778e-07,1.1926526053204092e-06,0
0.628668689643769,0.5389277529817978,0.0062460896838349945,0.5983910730195217,0.5128478314413024,0.22569059722607748,0.0018181969397667002,0.0013774566833079877,4.5432382880285664e-51,2.475164565685579e-38,0
0.5194821392469688,0.5624597887290351,0.018026934977082857,0.6495644813877868,0.47165313074744114,0.3112271823598545,7.289972115407902e-36,6.734327942348487e-56,1.9611251309301256e-77,5.029861795663747e-60,0
0.6409298045063386,0.4535813581510856,0.00090608602508565,0.6731811237264966,0.2952941198607244,0.24460791556791697,3.0352376168334525e-33,9.943707812920398e-61,1.0030387681604778e-07,1.1926526053204092e-06,0
0.6315832880879615,0.3633450763889882,1.598473884313661e-05,0.5728037222827899,0.5525084377147523,0.42374228816895376,0.02649812920250385,0.15106058536250208,8.780328189931295e-08,4.856898060146869e-33,0
0.5879322518939595,0.4763427585521696,0.02421123008490288,0.6889805181918155,0.35144283318730246,0.4760384025467694,0.9999999672691826,0.9999999999996136,1.0,0.9999321299912584,0
0.5833691927856223,0.2859632744757815,2.2283400295240436e-05,0.579886906956913,0.5104330253499065,0.17461288846810438,1.7158743748692606e-08,2.4470867757218297e-11,3.565775027927777e-61,1.1447981718377703e-94,0
0.6368300284781959,0.5501813539790281,0.9886517267538318,0.576562686351817,0.4097469268920851,0.815089167366318,0.9999999999999076,1.0,1.0,1.0,1
0.6182468349112786,0.6093640559689882,0.9954454512150354,0.7260324852728977,0.49719656577911253,0.4476491386981361,0.9999999998789495,1.0,1.0,0.9999999846919805,1
0.6411475157337054,0.3381795325067534,0.9986324318510456,0.6181722822723182,0.5033351056878506,0.5121578493958745,0.9999991127942929,0.9999815140122782,0.20817349528731008,0.0009979577129027402,1
0.41783746013698153,0.3081707895728066,0.9815237814283477,0.7210976855392487,0.3899908083073402,0.03551761538209157,1.0961538411872143e-14,2.0790487342947123e-10,1.2863097422547377e-103,7.985322514619419e-97,0
0.3038174232973031,0.22631060494848562,2.5372724176912264e-08,0.49226067739629276,0.4832300734636946,0.06260671912373002,2.0235981274661603e-05,4.8851668589160525e-14,2.3166490886288872e-133,1.2859817374205243e-49,0
0.7477287565394732,0.3523113972558815,0.0033344444934014137,0.2729953292374956,0.5768829907503232,0.006239487002069939,9.749284779041308e-07,0.00022632097711839579,3.235393151546915e-17,2.095733162943603e-26,0
0.49771806550775816,0.30927338072136823,1.2434305620315696e-09,0.17799223892655544,0.6316979294771735,0.4278869422266667,6.279947540173236e-09,4.349920906985746e-11,7.780242853132078e-71,4.228555167902274e-65,0
0.5200292647849539,0.5664871484644812,0.0001283331878708336,0.5814035794794876,0.47441089184055846,0.16119561121080192,5.562962814309925e-09,1.1639846275740733e-09,5.696238615965494e-93,6.122806266411832e-102,0
0.6148330258491036,0.3877049245902959,1.1633012804922386e-10,0.420027352573532,0.41865300220068274,0.03424629927371522,9.3061327763747e-06,0.0040062256601319495,2.1551583534564163e-28,2.850814547890352e-43,0
0.4132454159239291,0.16800130646940456,0.4829673989114829,0.574042880870355,0.3995728863026569,0.11305868551028699,0.00021373829448160324,0.011737143624478535,1.0,0.9999999999999838,0
0.49568463854392786,0.6302464919679232,1.566485270244879e-06,0.37287481802146627,0.40213471774383125,0.11276808376515929,3.4139409257722816e-06,1.226734455259038e-06,2.5225281860924667e-70,0.999949508839834,0
0.5956097308224634,0.3579282321521629,1.1453820297563026e-07,0.4185174809575554,0.5582348528513995,0.32242526540029687,7.954752022697025e-06,0.0013330906608825417,0.9999999999999978,0.999993778971535,0
0.6607547730954637,0.790181453259317,0.9999999999197098,0.35892093269573283,0.42623929366612373,0.8592636483197611,0.9511809665265255,0.907016629218373,0.9999999999999991,0.9999999999999953,1
0.6807740590353727,0.7101155515243666,0.9999986474197293,0.5937718008964489,0.46552586491212006,0.6605743115931041,0.9999991555819293,0.9993688795831486,1.0,1.0,1
0.5123968237022771,0.6916095879318096,0.9995662062281343,0.5645385838876125,0.43175387183017927,0.8493091305450753,0.9999999998858036,0.9999999999993947,1.0,1.0,1
0.5378490403435132,0.6230899644954582,0.9999978028095164,0.6546960289482536,0.484561857075436,0.765936489915423,0.9999999874893958,0.9999998570553892,0.9999999999998077,0.9999833464798222,1
0.640146119660511,0.7016299243254235,0.9999633856094055,0.4606306978632972,0.6242704036646575,0.9732415250796611,1.0,0.9999999999996623,1.0,1.0,1
0.6551896867151598,0.6980631644345869,0.9996969476669303,0.584315370232654,0.3506524003318309,0.9931261945487753,1.0,0.9999999965486233,1.0,0.9999995423637302,1
0.5052486944577459,0.7069340112139644,0.992023249420073,0.6140433705342586,0.5034564283986928,0.9399909317169276,1.0,0.997151877620021,1.0,1.0,1
0.5623310841653216,0.6629436571346773,0.9997476603710334,0.6642344431773873,0.34784434710300827,0.6846007079518069,0.9999999998553526,0.9938854542648694,1.0,1.0,1
0.6192098687459253,0.49691934732165227,0.9856720220725703,0.5332714453213243,0.47190675483438693,0.040248582455298755,0.9996718536577965,0.9994880930059687,1.0,1.0,1
0.6113007619501093,0.5402299233205249,0.9955469402361288,0.5393486691629956,0.5647801131327282,0.5753271211260654,0.9833020903422385,0.972335020763712,1.0,1.0,1
0.47374830991593064,0.5507997592167155,0.6470972049440941,0.5811708865122452,0.3830236561546805,0.252949339686359,0.3384403876727562,0.8587035960323616,1.0,1.0,1
0.4001830188768817,0.4497466416562654,0.9999948275584117,0.5860882094738031,0.4745892267447576,0.8998216454576956,0.9996289210693127,0.9980328529141296,1.0,0.9999999999999991,1
0.4271313605413325,0.49207591221381364,1.647213295275255e-08,0.565773964830707,0.48319362493290585,0.019483218993219375,0.0038891524568664647,0.00410590587634499,1.2975899801557951e-11,2.0450946817411614e-71,0
0.6454656741086278,0.6965287676319063,0.9999441619767175,0.5403004423446797,0.48842049907246654,0.9567118367178422,0.9999999745411188,0.9999999999928042,1.0,1.0,1
0.6227514919838566,0.6538164335317551,0.9999340176922965,0.5547688272283355,0.4084681031451733,0.9557825650285413,1.0,0.9999999999998006,1.0,0.9999999997929272,1
0.5378304238601705,0.7658469640267402,0.995879524367169,0.6485556888614036,0.5349455028420517,0.5551124540907177,1.0,1.0,1.0,1.0,1
0.46974327286404266,0.6154322933400558,0.9999111959995796,0.6272422076988879,0.4421965438649911,0.952280813261497,1.0,1.0,1.0,1.0,1
0.6617851162343515,0.6793822536016917,0.9999728958561893,0.5622305230958021,0.4267317957051701,0.9924359677830856,0.9999999923965533,0.999999999999641,1.0,1.0,1
0.6142051717665421,0.7030992429428705,0.999663678409287,0.5343829681449159,0.6296878406418304,0.9779776547760335,1.0,0.9979979677598263,1.0,0.9999995110032946,1
0.4987241551006332,0.72628922759955,0.9923965500651206,0.6158500284934019,0.5464687144254552,0.9556283364297785,1.0,0.9999999979476111,1.0,1.0,1
0.5567151128141544,0.6660348399294465,0.9997318202188328,0.6435835294781839,0.4224106738123428,0.9421664925985894,1.0,0.9991116558350592,1.0,1.0,1
0.5481384098223112,0.5816813316818472,0.004071893671689024,0.5192924001345761,0.45627056258758847,0.21422146742761924,0.003176345038240199,3.983944521219152e-06,2.2901984367751845e-07,3.1143258002397974e-51,0
0.5838671579994147,0.5461486836666447,0.006827722843097759,0.5609883981846621,0.31903673747604555,0.2639674409173779,0.017216662526518215,2.449336494887516e-36,1.0205731959058011e-25,2.736431877776081e-30,0
0.5018912403767795,0.7005368272973376,0.013497073235023629,0.6334226780634936,0.40856761138229875,0.5601138463559686,5.196418374990186e-34,2.3112745433271636e-60,9.391678712006114e-78,1.876401905785556e-112,0
0.504214783686918,0.5610880944650968,0.00018472170178654803,0.6177495219142477,0.45244100976106116,0.058597091223264154,5.282046669111823e-31,1.0091802191806764e-29,4.5467034087440966e-45,1.476093640874764e-104,0
0.5949841750468635,0.6531057532032238,0.9999717878300732,0.6004670092891794,0.3475152791091228,0.8846874373930179,1.0,0.9999999999999967,1.0,1.0,1
0.6342255262000682,0.6341395065217418,0.9996593607653863,0.5475808270689234,0.32845233598414864,0.9363828068834454,0.9809223888090356,1.0,1.0,1.0,1
0.5385148189132944,0.7346884296126118,0.9901312355517515,0.5975909928610713,0.7058030824552859,0.9558403237149367,1.0,1.0,1.0,1.0,1
0.5408780457339047,0.663005426100854,0.998348897790674,0.5707846926832576,0.7192337819675672,0.3692374409211065,0.9870013958960258,0.9999999999999987,0.9999997029822562,0.9999999996519036,1
0.5964825722115247,0.6371612656769291,0.999648856685884,0.5042769012433861,0.523570749744252,0.9663524731769874,1.0,1.0,1.0,1.0,1
0.6415598936981551,0.6825540459680349,0.9997323806566765,0.5394687643024908,0.4784186054884178,0.7219310665697938,0.9796878081624345,0.9999993273942752,1.0,1.0,1
0.5385148189132944,0.7346884296126118,0.9901312355517515,0.5975909928610713,0.578383283239606,0.9101106046968978,1.0,1.0,1.0,1.0,1
0.5713626567495066,0.690798415693752,0.9980687002943215,0.6003736739750395,0.38862925375534474,0.9613277747406482,0.9999999987980606,1.0,0.9999999980613621,0.9999997300527599,1
0.4071850600745172,0.32192306002418497,6.374349906978921e-12,0.48070015732884513,0.5520724713267754,0.014245615884672857,1.8914971094885195e-05,6.588506614919067e-10,3.530956956545694e-54,4.3522355246341523e-41,0
0.5964825722115247,0.6371612656769291,0.999648856685884,0.5042769012433861,0.5858098442453306,0.981192493259341,1.0,1.0,1.0,1.0,1
0.6342255262000682,0.6341395065217418,0.9996593607653863,0.5475808270689234,0.4313449495170291,0.9363828068834454,0.980922388809036,1.0,1.0,1.0,1
0.5073667853480519,0.683030112386665,0.9886564972524736,0.5909323609108825,0.7276769624619173,0.5399351485906876,1.0,0.9999601642060614,1.0,1.0,1
0.5408780457339047,0.663005426100854,0.998348897790674,0.5707846926832576,0.3974424646892902,0.7045899326932246,0.9870013958960258,0.9999999999999987,0.9999997029822562,0.9999999996519036,1
0.5458875134765077,0.6072246005340011,0.0062917389923425465,0.5201586081170474,0.4440662231582277,0.02168928365243357,0.00710526744446482,8.992560731901595e-06,6.709837743171954e-39,5.583463691104615e-50,0
0.6135578797787947,0.5415634628792201,0.001693153457013483,0.5541574327432527,0.4524651269516594,0.09572568242798901,0.006580149871330111,2.625223577794377e-33,1.4248875760717052e-18,4.05693824247278e-24,0
0.5174322984065405,0.7047366480606971,0.0699533041667612,0.5372162428489949,0.5564495884752443,0.8400702134603083,0.0002222031154497663,0.00028642676293645625,1.0,1.0,0
0.5409085929804052,0.6856504535397538,0.05250095154963706,0.6190975174574262,0.5846053282869,0.3150079107379452,0.00031486080107913047,0.9970202354855725,3.8426977802038373e-34,1.0,0
0.6152494957712421,0.7055440432072377,0.9999116494180604,0.47165348269837576,0.38931149210973226,0.98725381096301,0.9999994954866583,0.999979156798119,1.0,1.0,1
0.6571518238486376,0.7258202204408993,0.996101969880845,0.5995349123154147,0.37240342670759535,0.9010491282316986,0.999999985342412,0.9995935036405066,0.9999999999995952,1.0,1
0.500631035722471,0.6699703084725908,0.9855443234872704,0.592960071667804,0.6986168491992205,0.842293047900805,0.9999999999999996,0.999998134021814,1.0,1.0,1
0.5682138249103588,0.660894982244873,0.4773001776823449,0.6768932285303837,0.5645976771752086,0.8648454581821731,0.9999999946761498,0.951740304043362,0.9999999503979284,0.950999888084669,1
0.5502901588928042,0.6132857988158235,0.0057173093334062265,0.4928767980958135,0.4509268137884411,0.7052971652280564,0.025030151821348004,0.009797379136538964,9.597192440851004e-08,1.575418756619046e-11,0
0.586049119757675,0.4738274377387464,0.002918640556358214,0.5257268979547602,0.4417266850066904,0.2181730557176742,0.00033109998665372325,5.34798879571048e-15,6.621541472263701e-09,7.26754895587981e-24,0
0.5084346201720619,0.7226887015148084,0.02019834711477481,0.6214753234155213,0.37099421482514344,0.9778131376442949,1.5904647861145695e-42,1.8907973501993124e-103,5.223483605953453e-87,6.0696638328673336e-207,0
0.5185240363131188,0.5505343600421382,6.334222645576995e-05,0.6662381323134324,0.4810270510150738,0.11267977224255459,4.922523163136821e-06,1.8682471113533008e-09,2.980497348385701e-07,3.122099605344303e-44,0
0.630508749263123,0.31271227375114574,6.510419467837111e-11,0.3634606330136635,0.39255402610566087,0.011419451304663554,1.256787549212641e-05,7.55893099931445e-05,4.052364395018255e-08,2.327556438698034e-39,0
0.5502901588928042,0.6132857988158235,0.0057173093334062265,0.4928767980958135,0.3425445156425626,0.4586584303119325,0.025030151821348004,0.009797379136538964,9.597192440851004e-08,1.575418756619046e-11,0
0.5838671579994147,0.5461486836666447,0.006827722843097759,0.5609883981846621,0.4956486553208395,0.8692020602187434,0.017216662526518215,2.449336494887516e-36,1.0205731959058011e-25,2.736431877776081e-30,0
0.5084346201720619,0.7226887015148084,0.02019834711477481,0.6214753234155213,0.5500034119233355,0.6275092941871382,1.5904647861145695e-42,1.8907973501993124e-103,5.223483605953453e-87,6.0696638328673336e-207,0
0.5185240363131188,0.5505343600421382,6.334222645576995e-05,0.6662381323134324,0.4697474855228592,0.11267977224255459,4.922523163136821e-06,1.8682471113533008e-09,2.980497348385701e-07,3.122099605344303e-44,0
0.5435928209452545,0.38461909298156444,0.00011596272546265253,0.30264691222760154,0.4830690743563106,0.39464252493944335,0.020976253739741938,0.5056800687614271,0.9999999999999314,1.0,0
0.5285618671096691,0.4086077432685739,0.0016565611508748803,0.5396333218821148,0.4107177116986974,0.7451603162928419,0.00012382090906560498,7.946234160323257e-08,1.3037588199454936e-32,1.0,0
0.49876850185080374,0.5342923332240079,0.879932635920406,0.522959296957375,0.45991460023252273,0.5771907345865404,0.633461866543343,0.4074631986804416,1.0,0.9959318184666982,0
0.48778119042796103,0.4611198042474534,0.41297468062805115,0.6406757640900759,0.3338030052161749,0.06577308350087174,1.2206217727985162e-07,0.007545229193576084,3.394344639048761e-42,0.9962832918725661,0
0.4456295188386911,0.44871583494964484,0.05513836227474466,0.4314525514159173,0.5470632029320871,0.0529493746691843,5.6675653447247386e-06,3.621901551921393e-08,0.9999999999994575,9.10195028616736e-68,0
0.5816961049192908,0.28799775938390393,1.575409114803235e-12,0.3628133295866865,0.4699400481077978,0.04263271100372032,8.188890518113109e-08,0.06352334224091484,1.324044988423086e-67,6.170652760076514e-15,0
0.5518176075382899,0.42069689134680016,0.9118489981246926,0.5884266842634782,0.5986993903868665,0.9513659065687624,0.9999999984428412,0.9999833952486568,1.0,1.0,1
0.6129223654528636,0.5463945677546661,0.9729274297187241,0.5615294632759907,0.6502749211347287,0.1466610094098119,0.8324551418652063,0.8937405846324313,1.0,1.0,1
0.47536478861674103,0.5493967442814314,0.9970627451323015,0.5639172671048204,0.41002845617999917,0.35514234848402176,0.9833667795467381,0.990734263772528,1.0,1.0,1
0.4655527881137165,0.38688901064200926,0.9976579817367526,0.5753914200266915,0.46460909686341084,0.8214509368059543,0.21659309731528617,0.11451060845606004,4.187553957518669e-07,1.8752896107241947e-08,1
0.612858418730532,0.0009643689775237669,0.002992562809028147,0.18908320416560245,0.3772412743431647,0.702198528848033,0.6198154230755928,0.5175284813198006,1.1770845219274062e-13,1.381114596505662e-12,0
0.6322656515660048,0.0021877859066939684,0.02881445378863578,0.4388351857258323,0.43809996491092124,0.0030498435751808587,0.0015044546894231517,0.000678675535071813,4.099237490241548e-25,1.1673097173240929e-32,0
0.5710496801824733,0.0032069119433917603,2.2955947274100817e-11,0.19615951365260156,0.49165490342118584,0.591855520159128,0.030366049471802787,0.013341255655572481,1.5427987458563645e-16,0.9997084425271063,0
0.3421235493751664,0.001704606353855941,6.478416469698057e-09,0.22128934575663797,0.409845829077519,0.004813922548033224,0.30032213948763076,0.5391276281948705,7.184856333479485e-10,4.880182252293384e-13,0
0.2158284253746377,0.1444860448483457,2.2024758218965173e-10,0.17455344147136,0.4777949784512833,0.01586454393874685,6.320913813364104e-25,1.558971855500113e-06,1.0,1.0,0
0.1350262542393221,0.0640327750361334,6.321511629104167e-06,0.15764231763868322,0.5102215722686023,0.00011903267723897022,7.702988545614618e-19,1.918390403147892e-11,1.1150567144389558e-23,0.9978428241584948,0
0.11810863309202096,0.10623369895776462,4.642174460078705e-05,0.22743489468834954,0.5109276823912683,0.006142195098103771,1.4981971429151968e-37,1.6314175101116366e-05,4.417731728193374e-165,1.0633945059021893e-286,0
0.19598614218048918,0.26123148581097977,6.172039919874105e-05,0.35875424182705445,0.5943971946597587,0.08242727091580342,1.4249366651126734e-06,8.959507203518642e-05,1.6113225769558494e-67,7.56265281022747e-60,0
0.21071335113932152,0.13964657591919513,4.217197486041122e-07,0.2583696233403282,0.5213596141171385,0.004079467811713083,4.034089369112223e-09,7.706941191085722e-05,3.1149800167039638e-77,1.694322232678097e-37,0
0.19422139480927805,0.15396076241692566,0.0004888076788995051,0.2423985635186377,0.5073837763560477,0.0007245802802282297,7.614348624221213e-12,2.3838652859404578e-15,1.0,2.5008096789619473e-101,0
0.2860986969757516,0.282089160376134,6.753780925655547e-08,0.35093006224062534,0.5257092003709316,0.6862055402073225,0.9999999659576051,0.4678126265062129,1.1970807487456195e-69,1.0,0
0.2710023810453532,0.14826650209093192,0.0002941900984278104,0.16214304297788473,0.6265817962000646,0.00143697539738607,9.537031240661473e-20,6.567565130370758e-12,1.031462532924029e-172,1.4700230770059707e-149,0
0.12236237785545326,0.13468734471447805,2.8248305494356026e-06,0.15886843696799466,0.3597598629458588,0.01476816971768123,1.4159478383781357e-28,1.6902047658182176e-15,2.3662908980578884e-190,8.727797753948524e-210,0
0.11191800440094642,0.11448449936958359,0.00010626777698745383,0.32341388847044933,0.54520531789519,0.009538784046074606,1.2415085321041825e-20,1.7552421866825408e-22,1.0,1.0,0
